heldout_year,model,group,y_true,y_pred
2023,DINOv3 Static Image ExtraTrees,2023_121,910.0,924.1887036111068
2023,DINOv3 Static Image ExtraTrees,2023_122,868.0,924.1887036111068
2023,DINOv3 Static Image ExtraTrees,2023_123,1014.8,924.1887036111068
2023,DINOv3 Static Image ExtraTrees,2023_221,884.8,924.1887036111068
2023,DINOv3 Static Image ExtraTrees,2023_222,933.4,924.1887036111068
2023,DINOv3 Static Image ExtraTrees,2023_223,945.6,924.1887036111068
2023,DINOv3 Static Image ExtraTrees,2023_224,1118.6,1028.2157169444397
2023,DINOv3 Static Image ExtraTrees,2023_225,812.0,1028.2157169444397
2023,DINOv3 Static Image ExtraTrees,2023_226,760.8,1028.2157169444397
2023,DINOv3 Static Image ExtraTrees,2023_321,835.1,1028.2157169444397
2023,DINOv3 Static Image ExtraTrees,2023_322,821.0,1028.2157169444397
2023,DINOv3 Static Image ExtraTrees,2023_323,1046.8,1028.2157169444397
2023,DINOv3 Static Image ExtraTrees,2023_324,1041.2,860.8731824999976
2023,DINOv3 Static Image ExtraTrees,2023_325,1070.0,860.8731824999976
2023,DINOv3 Static Image ExtraTrees,2023_326,1134.6,860.8731824999976
2023,DINOv3 Static Image ExtraTrees,2023_421,987.16,978.4623102777739
2023,DINOv3 Static Image ExtraTrees,2023_422,1093.4,978.4623102777739
2023,DINOv3 Static Image ExtraTrees,2023_423,1070.67,978.4623102777739
2023,DINOv3 Static Image ExtraTrees,2023_521,1008.8,978.4623102777739
2023,DINOv3 Static Image ExtraTrees,2023_522,991.4,978.4623102777739
2023,DINOv3 Static Image ExtraTrees,2023_523,1078.2,978.4623102777739
2023,DINOv3 Static Image ExtraTrees,2023_524,1125.3,874.9605541666641
2023,DINOv3 Static Image ExtraTrees,2023_525,1087.0,874.9605541666641
2023,DINOv3 Static Image ExtraTrees,2023_526,1124.4,874.9605541666641
2023,DINOv3 Static Image ExtraTrees,2023_527,1451.6,848.4227297222204
2023,DINOv3 Static Image ExtraTrees,2023_528,1306.8,848.4227297222204
2023,DINOv3 Static Image ExtraTrees,2023_529,1158.2,848.4227297222204
2023,DINOv3 Static Image ExtraTrees,2023_621,1174.0,874.9605541666641
2023,DINOv3 Static Image ExtraTrees,2023_622,1112.9,874.9605541666641
2023,DINOv3 Static Image ExtraTrees,2023_623,1220.2,874.9605541666641
2023,DINOv3 Static Image ExtraTrees,2023_624,1096.5,848.4227297222204
2023,DINOv3 Static Image ExtraTrees,2023_625,1254.0,848.4227297222204
2023,DINOv3 Static Image ExtraTrees,2023_626,1260.0,850.2731208333313
2023,DINOv3 Static Image ExtraTrees,2023_721,1128.0,860.8731824999976
2023,DINOv3 Static Image ExtraTrees,2023_722,1065.6,859.5073513888867
2023,DINOv3 Static Image ExtraTrees,2023_723,1093.6,859.5073513888867
2023,DINOv3 Static Image ExtraTrees,2023_724,1070.4,888.55683083333
2023,DINOv3 Static Image ExtraTrees,2023_725,1120.8,888.55683083333
2023,DINOv3 Static Image ExtraTrees,2023_726,1081.6,888.55683083333
2023,Phenotype-only ExtraTrees,2023_121,910.0,845.602892380951
2023,Phenotype-only ExtraTrees,2023_122,868.0,815.7133749999986
2023,Phenotype-only ExtraTrees,2023_123,1014.8,999.9331671428547
2023,Phenotype-only ExtraTrees,2023_221,884.8,1059.157759047616
2023,Phenotype-only ExtraTrees,2023_222,933.4,1089.0031516666643
2023,Phenotype-only ExtraTrees,2023_223,945.6,1088.9567890476171
2023,Phenotype-only ExtraTrees,2023_224,1118.6,1011.3597290476177
2023,Phenotype-only ExtraTrees,2023_225,812.0,935.1431766666652
2023,Phenotype-only ExtraTrees,2023_226,760.8,1034.3766228571408
2023,Phenotype-only ExtraTrees,2023_321,835.1,738.8052685714265
2023,Phenotype-only ExtraTrees,2023_322,821.0,1004.567586666664
2023,Phenotype-only ExtraTrees,2023_323,1046.8,843.5605423809507
2023,Phenotype-only ExtraTrees,2023_324,1041.2,976.7785995238071
2023,Phenotype-only ExtraTrees,2023_325,1070.0,767.4791873809504
2023,Phenotype-only ExtraTrees,2023_326,1134.6,990.2868261904739
2023,Phenotype-only ExtraTrees,2023_421,987.16,1050.0018447619027
2023,Phenotype-only ExtraTrees,2023_422,1093.4,894.4234971428541
2023,Phenotype-only ExtraTrees,2023_423,1070.67,1154.6391190476163
2023,Phenotype-only ExtraTrees,2023_521,1008.8,596.3711828571428
2023,Phenotype-only ExtraTrees,2023_522,991.4,1015.7896649999977
2023,Phenotype-only ExtraTrees,2023_523,1078.2,1087.159556666664
2023,Phenotype-only ExtraTrees,2023_524,1125.3,768.9750928571445
2023,Phenotype-only ExtraTrees,2023_525,1087.0,932.5841266666644
2023,Phenotype-only ExtraTrees,2023_526,1124.4,727.2281499999981
2023,Phenotype-only ExtraTrees,2023_527,1451.6,951.6728966666647
2023,Phenotype-only ExtraTrees,2023_528,1306.8,1154.128703333331
2023,Phenotype-only ExtraTrees,2023_529,1158.2,894.2488933333318
2023,Phenotype-only ExtraTrees,2023_621,1174.0,975.8991366666648
2023,Phenotype-only ExtraTrees,2023_622,1112.9,1134.3585233333308
2023,Phenotype-only ExtraTrees,2023_623,1220.2,1021.0576916666652
2023,Phenotype-only ExtraTrees,2023_624,1096.5,1166.261196666664
2023,Phenotype-only ExtraTrees,2023_625,1254.0,1114.2095399999973
2023,Phenotype-only ExtraTrees,2023_626,1260.0,1220.6246816666644
2023,Phenotype-only ExtraTrees,2023_721,1128.0,954.3748799999975
2023,Phenotype-only ExtraTrees,2023_722,1065.6,1168.5919733333299
2023,Phenotype-only ExtraTrees,2023_723,1093.6,1042.9700690476163
2023,Phenotype-only ExtraTrees,2023_724,1070.4,1158.321113333331
2023,Phenotype-only ExtraTrees,2023_725,1120.8,1077.1381473809502
2023,Phenotype-only ExtraTrees,2023_726,1081.6,1062.342548333332
2023,Environment-only ExtraTrees,2023_121,910.0,616.4678296296319
2023,Environment-only ExtraTrees,2023_122,868.0,616.4678296296319
2023,Environment-only ExtraTrees,2023_123,1014.8,616.4678296296319
2023,Environment-only ExtraTrees,2023_221,884.8,616.4678296296319
2023,Environment-only ExtraTrees,2023_222,933.4,616.4678296296319
2023,Environment-only ExtraTrees,2023_223,945.6,616.4678296296319
2023,Environment-only ExtraTrees,2023_224,1118.6,616.4678296296319
2023,Environment-only ExtraTrees,2023_225,812.0,616.4678296296319
2023,Environment-only ExtraTrees,2023_226,760.8,616.4678296296319
2023,Environment-only ExtraTrees,2023_321,835.1,616.4678296296319
2023,Environment-only ExtraTrees,2023_322,821.0,616.4678296296319
2023,Environment-only ExtraTrees,2023_323,1046.8,616.4678296296319
2023,Environment-only ExtraTrees,2023_324,1041.2,616.4678296296319
2023,Environment-only ExtraTrees,2023_325,1070.0,616.4678296296319
2023,Environment-only ExtraTrees,2023_326,1134.6,616.4678296296319
2023,Environment-only ExtraTrees,2023_421,987.16,616.4678296296319
2023,Environment-only ExtraTrees,2023_422,1093.4,616.4678296296319
2023,Environment-only ExtraTrees,2023_423,1070.67,616.4678296296319
2023,Environment-only ExtraTrees,2023_521,1008.8,616.4678296296319
2023,Environment-only ExtraTrees,2023_522,991.4,616.4678296296319
2023,Environment-only ExtraTrees,2023_523,1078.2,616.4678296296319
2023,Environment-only ExtraTrees,2023_524,1125.3,616.4678296296319
2023,Environment-only ExtraTrees,2023_525,1087.0,616.4678296296319
2023,Environment-only ExtraTrees,2023_526,1124.4,616.4678296296319
2023,Environment-only ExtraTrees,2023_527,1451.6,616.4678296296319
2023,Environment-only ExtraTrees,2023_528,1306.8,616.4678296296319
2023,Environment-only ExtraTrees,2023_529,1158.2,616.4678296296319
2023,Environment-only ExtraTrees,2023_621,1174.0,616.4678296296319
2023,Environment-only ExtraTrees,2023_622,1112.9,616.4678296296319
2023,Environment-only ExtraTrees,2023_623,1220.2,616.4678296296319
2023,Environment-only ExtraTrees,2023_624,1096.5,616.4678296296319
2023,Environment-only ExtraTrees,2023_625,1254.0,616.4678296296319
2023,Environment-only ExtraTrees,2023_626,1260.0,616.4678296296319
2023,Environment-only ExtraTrees,2023_721,1128.0,616.4678296296319
2023,Environment-only ExtraTrees,2023_722,1065.6,616.4678296296319
2023,Environment-only ExtraTrees,2023_723,1093.6,616.4678296296319
2023,Environment-only ExtraTrees,2023_724,1070.4,616.4678296296319
2023,Environment-only ExtraTrees,2023_725,1120.8,616.4678296296319
2023,Environment-only ExtraTrees,2023_726,1081.6,616.4678296296319
2023,Static Early Fusion ExtraTrees,2023_121,910.0,583.2694116666664
2023,Static Early Fusion ExtraTrees,2023_122,868.0,560.2577466666662
2023,Static Early Fusion ExtraTrees,2023_123,1014.8,630.63015
2023,Static Early Fusion ExtraTrees,2023_221,884.8,648.3882600000007
2023,Static Early Fusion ExtraTrees,2023_222,933.4,625.7221250000002
2023,Static Early Fusion ExtraTrees,2023_223,945.6,652.9614766666673
2023,Static Early Fusion ExtraTrees,2023_224,1118.6,628.0981766666665
2023,Static Early Fusion ExtraTrees,2023_225,812.0,583.4457166666671
2023,Static Early Fusion ExtraTrees,2023_226,760.8,669.5987866666674
2023,Static Early Fusion ExtraTrees,2023_321,835.1,596.8762783333328
2023,Static Early Fusion ExtraTrees,2023_322,821.0,631.3477983333332
2023,Static Early Fusion ExtraTrees,2023_323,1046.8,590.2171383333335
2023,Static Early Fusion ExtraTrees,2023_324,1041.2,609.4703683333328
2023,Static Early Fusion ExtraTrees,2023_325,1070.0,560.1012300000002
2023,Static Early Fusion ExtraTrees,2023_326,1134.6,617.4535666666666
2023,Static Early Fusion ExtraTrees,2023_421,987.16,687.4701833333332
2023,Static Early Fusion ExtraTrees,2023_422,1093.4,652.2440983333335
2023,Static Early Fusion ExtraTrees,2023_423,1070.67,674.0782800000006
2023,Static Early Fusion ExtraTrees,2023_521,1008.8,612.7315166666664
2023,Static Early Fusion ExtraTrees,2023_522,991.4,640.7109166666668
2023,Static Early Fusion ExtraTrees,2023_523,1078.2,679.4065983333339
2023,Static Early Fusion ExtraTrees,2023_524,1125.3,576.0539983333332
2023,Static Early Fusion ExtraTrees,2023_525,1087.0,590.9497499999998
2023,Static Early Fusion ExtraTrees,2023_526,1124.4,578.9081433333336
2023,Static Early Fusion ExtraTrees,2023_527,1451.6,592.4737433333331
2023,Static Early Fusion ExtraTrees,2023_528,1306.8,651.3262316666668
2023,Static Early Fusion ExtraTrees,2023_529,1158.2,606.9138316666666
2023,Static Early Fusion ExtraTrees,2023_621,1174.0,622.7236500000004
2023,Static Early Fusion ExtraTrees,2023_622,1112.9,642.5636400000002
2023,Static Early Fusion ExtraTrees,2023_623,1220.2,613.601985
2023,Static Early Fusion ExtraTrees,2023_624,1096.5,642.9748700000005
2023,Static Early Fusion ExtraTrees,2023_625,1254.0,629.2523341666669
2023,Static Early Fusion ExtraTrees,2023_626,1260.0,650.0628825000002
2023,Static Early Fusion ExtraTrees,2023_721,1128.0,608.2310850000006
2023,Static Early Fusion ExtraTrees,2023_722,1065.6,655.3451600000006
2023,Static Early Fusion ExtraTrees,2023_723,1093.6,630.0981949999997
2023,Static Early Fusion ExtraTrees,2023_724,1070.4,633.7185233333332
2023,Static Early Fusion ExtraTrees,2023_725,1120.8,643.8234233333337
2023,Static Early Fusion ExtraTrees,2023_726,1081.6,622.1453066666663
2023,Static Early Fusion XGBoost,2023_121,910.0,813.3841552734375
2023,Static Early Fusion XGBoost,2023_122,868.0,755.167236328125
2023,Static Early Fusion XGBoost,2023_123,1014.8,964.4749145507812
2023,Static Early Fusion XGBoost,2023_221,884.8,1176.270263671875
2023,Static Early Fusion XGBoost,2023_222,933.4,1138.8751220703125
2023,Static Early Fusion XGBoost,2023_223,945.6,1158.71875
2023,Static Early Fusion XGBoost,2023_224,1118.6,883.360595703125
2023,Static Early Fusion XGBoost,2023_225,812.0,743.1781005859375
2023,Static Early Fusion XGBoost,2023_226,760.8,1006.1996459960938
2023,Static Early Fusion XGBoost,2023_321,835.1,718.8966674804688
2023,Static Early Fusion XGBoost,2023_322,821.0,1039.821533203125
2023,Static Early Fusion XGBoost,2023_323,1046.8,866.020263671875
2023,Static Early Fusion XGBoost,2023_324,1041.2,1031.954345703125
2023,Static Early Fusion XGBoost,2023_325,1070.0,865.8085327148438
2023,Static Early Fusion XGBoost,2023_326,1134.6,948.8883056640625
2023,Static Early Fusion XGBoost,2023_421,987.16,1207.4306640625
2023,Static Early Fusion XGBoost,2023_422,1093.4,810.3994140625
2023,Static Early Fusion XGBoost,2023_423,1070.67,1158.153564453125
2023,Static Early Fusion XGBoost,2023_521,1008.8,872.2533569335938
2023,Static Early Fusion XGBoost,2023_522,991.4,972.77001953125
2023,Static Early Fusion XGBoost,2023_523,1078.2,934.4050903320312
2023,Static Early Fusion XGBoost,2023_524,1125.3,688.8192138671875
2023,Static Early Fusion XGBoost,2023_525,1087.0,737.5000610351562
2023,Static Early Fusion XGBoost,2023_526,1124.4,798.4798583984375
2023,Static Early Fusion XGBoost,2023_527,1451.6,946.3237915039062
2023,Static Early Fusion XGBoost,2023_528,1306.8,1068.7904052734375
2023,Static Early Fusion XGBoost,2023_529,1158.2,988.10009765625
2023,Static Early Fusion XGBoost,2023_621,1174.0,864.8652954101562
2023,Static Early Fusion XGBoost,2023_622,1112.9,957.6599731445312
2023,Static Early Fusion XGBoost,2023_623,1220.2,765.2380981445312
2023,Static Early Fusion XGBoost,2023_624,1096.5,1223.185546875
2023,Static Early Fusion XGBoost,2023_625,1254.0,985.2608032226562
2023,Static Early Fusion XGBoost,2023_626,1260.0,1040.0682373046875
2023,Static Early Fusion XGBoost,2023_721,1128.0,1134.66015625
2023,Static Early Fusion XGBoost,2023_722,1065.6,1134.313720703125
2023,Static Early Fusion XGBoost,2023_723,1093.6,938.3018188476562
2023,Static Early Fusion XGBoost,2023_724,1070.4,1110.134521484375
2023,Static Early Fusion XGBoost,2023_725,1120.8,1106.658203125
2023,Static Early Fusion XGBoost,2023_726,1081.6,896.3494262695312
2023,Static Early Fusion CatBoost,2023_121,910.0,806.1183202559406
2023,Static Early Fusion CatBoost,2023_122,868.0,718.8203067622654
2023,Static Early Fusion CatBoost,2023_123,1014.8,873.6800560275707
2023,Static Early Fusion CatBoost,2023_221,884.8,952.6134845891411
2023,Static Early Fusion CatBoost,2023_222,933.4,954.6617758800985
2023,Static Early Fusion CatBoost,2023_223,945.6,961.8295026662935
2023,Static Early Fusion CatBoost,2023_224,1118.6,803.9874667025359
2023,Static Early Fusion CatBoost,2023_225,812.0,676.7035836004873
2023,Static Early Fusion CatBoost,2023_226,760.8,951.607016983137
2023,Static Early Fusion CatBoost,2023_321,835.1,572.0969485182299
2023,Static Early Fusion CatBoost,2023_322,821.0,846.1203995508888
2023,Static Early Fusion CatBoost,2023_323,1046.8,874.3813431208571
2023,Static Early Fusion CatBoost,2023_324,1041.2,902.4271012216215
2023,Static Early Fusion CatBoost,2023_325,1070.0,744.929101408746
2023,Static Early Fusion CatBoost,2023_326,1134.6,814.0224401253168
2023,Static Early Fusion CatBoost,2023_421,987.16,957.9636838268028
2023,Static Early Fusion CatBoost,2023_422,1093.4,797.4356184734916
2023,Static Early Fusion CatBoost,2023_423,1070.67,935.4441387475423
2023,Static Early Fusion CatBoost,2023_521,1008.8,732.2977181133043
2023,Static Early Fusion CatBoost,2023_522,991.4,857.295164800977
2023,Static Early Fusion CatBoost,2023_523,1078.2,883.0573012059144
2023,Static Early Fusion CatBoost,2023_524,1125.3,700.0247489226022
2023,Static Early Fusion CatBoost,2023_525,1087.0,759.9400831378988
2023,Static Early Fusion CatBoost,2023_526,1124.4,553.9179149389513
2023,Static Early Fusion CatBoost,2023_527,1451.6,764.0659034436319
2023,Static Early Fusion CatBoost,2023_528,1306.8,910.306284857572
2023,Static Early Fusion CatBoost,2023_529,1158.2,701.4948505463815
2023,Static Early Fusion CatBoost,2023_621,1174.0,853.3795590955413
2023,Static Early Fusion CatBoost,2023_622,1112.9,891.5907098446944
2023,Static Early Fusion CatBoost,2023_623,1220.2,712.1476985459999
2023,Static Early Fusion CatBoost,2023_624,1096.5,907.0711500779189
2023,Static Early Fusion CatBoost,2023_625,1254.0,838.9968244839846
2023,Static Early Fusion CatBoost,2023_626,1260.0,906.5070600660096
2023,Static Early Fusion CatBoost,2023_721,1128.0,825.8101589023794
2023,Static Early Fusion CatBoost,2023_722,1065.6,919.1170002416156
2023,Static Early Fusion CatBoost,2023_723,1093.6,922.5626303435411
2023,Static Early Fusion CatBoost,2023_724,1070.4,934.5248252841923
2023,Static Early Fusion CatBoost,2023_725,1120.8,912.1771867110278
2023,Static Early Fusion CatBoost,2023_726,1081.6,814.6641042315329
2023,Static Early Fusion HistGB,2023_121,910.0,848.1539914943705
2023,Static Early Fusion HistGB,2023_122,868.0,947.8663134518226
2023,Static Early Fusion HistGB,2023_123,1014.8,1147.0451655782178
2023,Static Early Fusion HistGB,2023_221,884.8,1108.1458460367387
2023,Static Early Fusion HistGB,2023_222,933.4,1083.4726874054375
2023,Static Early Fusion HistGB,2023_223,945.6,1171.6050939787947
2023,Static Early Fusion HistGB,2023_224,1118.6,1150.4714766219424
2023,Static Early Fusion HistGB,2023_225,812.0,970.7901981629379
2023,Static Early Fusion HistGB,2023_226,760.8,1116.24537732175
2023,Static Early Fusion HistGB,2023_321,835.1,661.49933122656
2023,Static Early Fusion HistGB,2023_322,821.0,1072.058711698745
2023,Static Early Fusion HistGB,2023_323,1046.8,848.7585072151378
2023,Static Early Fusion HistGB,2023_324,1041.2,1174.57302931939
2023,Static Early Fusion HistGB,2023_325,1070.0,848.8908927521186
2023,Static Early Fusion HistGB,2023_326,1134.6,1210.2544742891926
2023,Static Early Fusion HistGB,2023_421,987.16,1289.8672573899848
2023,Static Early Fusion HistGB,2023_422,1093.4,749.5622781549761
2023,Static Early Fusion HistGB,2023_423,1070.67,1184.6286103017326
2023,Static Early Fusion HistGB,2023_521,1008.8,902.9233596805946
2023,Static Early Fusion HistGB,2023_522,991.4,1161.4310083932862
2023,Static Early Fusion HistGB,2023_523,1078.2,1000.7748869035031
2023,Static Early Fusion HistGB,2023_524,1125.3,629.2546777475891
2023,Static Early Fusion HistGB,2023_525,1087.0,1122.9461100570406
2023,Static Early Fusion HistGB,2023_526,1124.4,717.4425220295004
2023,Static Early Fusion HistGB,2023_527,1451.6,1105.8473367614208
2023,Static Early Fusion HistGB,2023_528,1306.8,1255.8470625616726
2023,Static Early Fusion HistGB,2023_529,1158.2,1067.5123033044463
2023,Static Early Fusion HistGB,2023_621,1174.0,1100.1834068056128
2023,Static Early Fusion HistGB,2023_622,1112.9,1062.5391620699345
2023,Static Early Fusion HistGB,2023_623,1220.2,1122.1525534102336
2023,Static Early Fusion HistGB,2023_624,1096.5,1187.4815525785782
2023,Static Early Fusion HistGB,2023_625,1254.0,1095.1458457391311
2023,Static Early Fusion HistGB,2023_626,1260.0,1126.0355316238235
2023,Static Early Fusion HistGB,2023_721,1128.0,1125.9201949799128
2023,Static Early Fusion HistGB,2023_722,1065.6,1189.9369541368799
2023,Static Early Fusion HistGB,2023_723,1093.6,1169.0206411398779
2023,Static Early Fusion HistGB,2023_724,1070.4,1292.395057143904
2023,Static Early Fusion HistGB,2023_725,1120.8,1137.9899596115474
2023,Static Early Fusion HistGB,2023_726,1081.6,1143.0184471053378
2023,Trajectory Fusion ExtraTrees,2023_121,910.0,869.3218183333341
2023,Trajectory Fusion ExtraTrees,2023_122,868.0,845.9668500000004
2023,Trajectory Fusion ExtraTrees,2023_123,1014.8,884.0592433333346
2023,Trajectory Fusion ExtraTrees,2023_221,884.8,919.8044133333341
2023,Trajectory Fusion ExtraTrees,2023_222,933.4,861.511006666667
2023,Trajectory Fusion ExtraTrees,2023_223,945.6,929.556970000001
2023,Trajectory Fusion ExtraTrees,2023_224,1118.6,799.6052933333337
2023,Trajectory Fusion ExtraTrees,2023_225,812.0,835.0214983333334
2023,Trajectory Fusion ExtraTrees,2023_226,760.8,879.7729416666667
2023,Trajectory Fusion ExtraTrees,2023_321,835.1,853.5925066666666
2023,Trajectory Fusion ExtraTrees,2023_322,821.0,863.0328266666672
2023,Trajectory Fusion ExtraTrees,2023_323,1046.8,808.5724900000006
2023,Trajectory Fusion ExtraTrees,2023_324,1041.2,809.0195283333343
2023,Trajectory Fusion ExtraTrees,2023_325,1070.0,830.2870833333343
2023,Trajectory Fusion ExtraTrees,2023_326,1134.6,818.983358333334
2023,Trajectory Fusion ExtraTrees,2023_421,987.16,883.9815516666679
2023,Trajectory Fusion ExtraTrees,2023_422,1093.4,931.0645300000006
2023,Trajectory Fusion ExtraTrees,2023_423,1070.67,958.4185900000009
2023,Trajectory Fusion ExtraTrees,2023_521,1008.8,785.032795
2023,Trajectory Fusion ExtraTrees,2023_522,991.4,773.934025000001
2023,Trajectory Fusion ExtraTrees,2023_523,1078.2,845.9929866666678
2023,Trajectory Fusion ExtraTrees,2023_524,1125.3,769.7714733333335
2023,Trajectory Fusion ExtraTrees,2023_525,1087.0,802.896826666667
2023,Trajectory Fusion ExtraTrees,2023_526,1124.4,992.6034300000014
2023,Trajectory Fusion ExtraTrees,2023_527,1451.6,1088.8787366666686
2023,Trajectory Fusion ExtraTrees,2023_528,1306.8,921.4552066666673
2023,Trajectory Fusion ExtraTrees,2023_529,1158.2,970.4719450000013
2023,Trajectory Fusion ExtraTrees,2023_621,1174.0,660.1346250000004
2023,Trajectory Fusion ExtraTrees,2023_622,1112.9,812.6076183333337
2023,Trajectory Fusion ExtraTrees,2023_623,1220.2,795.4008566666672
2023,Trajectory Fusion ExtraTrees,2023_624,1096.5,921.3994566666676
2023,Trajectory Fusion ExtraTrees,2023_625,1254.0,709.0180400000007
2023,Trajectory Fusion ExtraTrees,2023_626,1260.0,878.1526216666675
2023,Trajectory Fusion ExtraTrees,2023_721,1128.0,914.0417433333345
2023,Trajectory Fusion ExtraTrees,2023_722,1065.6,984.8064116666678
2023,Trajectory Fusion ExtraTrees,2023_723,1093.6,754.3808600000008
2023,Trajectory Fusion ExtraTrees,2023_724,1070.4,869.6591016666672
2023,Trajectory Fusion ExtraTrees,2023_725,1120.8,889.258948333334
2023,Trajectory Fusion ExtraTrees,2023_726,1081.6,979.1516116666672
2023,CMGT-DINO,2023_121,910.0,704.7295575870728
2023,CMGT-DINO,2023_122,868.0,691.3686164446765
2023,CMGT-DINO,2023_123,1014.8,688.540960880524
2023,CMGT-DINO,2023_221,884.8,692.1547002108921
2023,CMGT-DINO,2023_222,933.4,664.5735700862743
2023,CMGT-DINO,2023_223,945.6,740.2520258069861
2023,CMGT-DINO,2023_224,1118.6,692.0963488977155
2023,CMGT-DINO,2023_225,812.0,714.7727536838117
2023,CMGT-DINO,2023_226,760.8,763.2365643876875
2023,CMGT-DINO,2023_321,835.1,755.8083461674905
2023,CMGT-DINO,2023_322,821.0,722.6930557515486
2023,CMGT-DINO,2023_323,1046.8,748.9042444805247
2023,CMGT-DINO,2023_324,1041.2,694.2730172903276
2023,CMGT-DINO,2023_325,1070.0,715.9497473921016
2023,CMGT-DINO,2023_326,1134.6,693.8951784530555
2023,CMGT-DINO,2023_421,987.16,706.046212823762
2023,CMGT-DINO,2023_422,1093.4,717.8478203248172
2023,CMGT-DINO,2023_423,1070.67,741.2854745043511
2023,CMGT-DINO,2023_521,1008.8,758.3468232433645
2023,CMGT-DINO,2023_522,991.4,631.3489061019314
2023,CMGT-DINO,2023_523,1078.2,672.2623293492793
2023,CMGT-DINO,2023_524,1125.3,625.4079764751601
2023,CMGT-DINO,2023_525,1087.0,629.3938178076648
2023,CMGT-DINO,2023_526,1124.4,750.2120252588122
2023,CMGT-DINO,2023_527,1451.6,787.1229988698489
2023,CMGT-DINO,2023_528,1306.8,729.0062672814039
2023,CMGT-DINO,2023_529,1158.2,724.9139867714077
2023,CMGT-DINO,2023_621,1174.0,545.060848753565
2023,CMGT-DINO,2023_622,1112.9,630.1324012972539
2023,CMGT-DINO,2023_623,1220.2,632.3534402141404
2023,CMGT-DINO,2023_624,1096.5,687.031405612739
2023,CMGT-DINO,2023_625,1254.0,623.427369129507
2023,CMGT-DINO,2023_626,1260.0,837.2971643863722
2023,CMGT-DINO,2023_721,1128.0,678.409787183897
2023,CMGT-DINO,2023_722,1065.6,712.2697788403664
2023,CMGT-DINO,2023_723,1093.6,616.768945885676
2023,CMGT-DINO,2023_724,1070.4,686.5530945742105
2023,CMGT-DINO,2023_725,1120.8,681.2111879780094
2023,CMGT-DINO,2023_726,1081.6,850.8937441921825
2024,DINOv3 Static Image ExtraTrees,2024_CK11,210.0,1180.1018597435918
2024,DINOv3 Static Image ExtraTrees,2024_CK12,166.65,1180.1018597435918
2024,DINOv3 Static Image ExtraTrees,2024_CK13,175.0,1180.1018597435918
2024,DINOv3 Static Image ExtraTrees,2024_CK14,820.0,1149.3440181746048
2024,DINOv3 Static Image ExtraTrees,2024_CK15,464.25,1149.3440181746048
2024,DINOv3 Static Image ExtraTrees,2024_CK16,536.65,1149.3440181746048
2024,DINOv3 Static Image ExtraTrees,2024_CK21,706.2,1180.1018597435918
2024,DINOv3 Static Image ExtraTrees,2024_CK22,719.1,1180.1018597435918
2024,DINOv3 Static Image ExtraTrees,2024_CK23,824.55,1180.1018597435918
2024,DINOv3 Static Image ExtraTrees,2024_CK24,613.025,1149.3440181746048
2024,DINOv3 Static Image ExtraTrees,2024_CK25,679.38,1149.3440181746048
2024,DINOv3 Static Image ExtraTrees,2024_CK26,831.42,1149.3440181746048
2024,DINOv3 Static Image ExtraTrees,2024_L111,540.85,1085.9123961111102
2024,DINOv3 Static Image ExtraTrees,2024_L112,651.0,1085.9123961111102
2024,DINOv3 Static Image ExtraTrees,2024_L113,250.0,1085.9123961111102
2024,DINOv3 Static Image ExtraTrees,2024_L121,683.65,1085.9123961111102
2024,DINOv3 Static Image ExtraTrees,2024_L122,361.5,1085.9123961111102
2024,DINOv3 Static Image ExtraTrees,2024_L123,270.32,1085.9123961111102
2024,DINOv3 Static Image ExtraTrees,2024_L211,379.3,1085.9123961111102
2024,DINOv3 Static Image ExtraTrees,2024_L212,229.15,1085.9123961111102
2024,DINOv3 Static Image ExtraTrees,2024_L213,55.0,1085.9123961111102
2024,DINOv3 Static Image ExtraTrees,2024_L214,881.25,1092.3307094444456
2024,DINOv3 Static Image ExtraTrees,2024_L215,740.0,1092.3307094444456
2024,DINOv3 Static Image ExtraTrees,2024_L216,916.65,1092.3307094444456
2024,DINOv3 Static Image ExtraTrees,2024_L221,701.68,1085.9123961111102
2024,DINOv3 Static Image ExtraTrees,2024_L222,712.8,1085.9123961111102
2024,DINOv3 Static Image ExtraTrees,2024_L223,773.48,1085.9123961111102
2024,DINOv3 Static Image ExtraTrees,2024_L224,524.3,1092.3307094444456
2024,DINOv3 Static Image ExtraTrees,2024_L225,561.0,1092.3307094444456
2024,DINOv3 Static Image ExtraTrees,2024_L226,687.125,1092.3307094444456
2024,DINOv3 Static Image ExtraTrees,2024_L311,805.0,1092.3307094444456
2024,DINOv3 Static Image ExtraTrees,2024_L312,750.0,1092.3307094444456
2024,DINOv3 Static Image ExtraTrees,2024_L313,620.0,1092.3307094444456
2024,DINOv3 Static Image ExtraTrees,2024_L321,723.58,1092.3307094444456
2024,DINOv3 Static Image ExtraTrees,2024_L322,685.44,1092.3307094444456
2024,DINOv3 Static Image ExtraTrees,2024_L323,644.0,1092.3307094444456
2024,DINOv3 Static Image ExtraTrees,2024_L411,810.9,1180.1018597435918
2024,DINOv3 Static Image ExtraTrees,2024_L412,150.0,1180.1018597435918
2024,DINOv3 Static Image ExtraTrees,2024_L413,1062.5,1180.1018597435918
2024,DINOv3 Static Image ExtraTrees,2024_L421,920.64,1180.1018597435918
2024,DINOv3 Static Image ExtraTrees,2024_L422,797.27,1180.1018597435918
2024,DINOv3 Static Image ExtraTrees,2024_L423,759.69,1180.1018597435918
2024,DINOv3 Static Image ExtraTrees,2024_L511,150.0,1186.3111300000003
2024,DINOv3 Static Image ExtraTrees,2024_L512,575.0,1186.3111300000003
2024,DINOv3 Static Image ExtraTrees,2024_L513,646.25,1186.3111300000003
2024,DINOv3 Static Image ExtraTrees,2024_L514,825.0,1152.8577611111102
2024,DINOv3 Static Image ExtraTrees,2024_L515,102.5,1152.8577611111102
2024,DINOv3 Static Image ExtraTrees,2024_L516,252.5,1152.8577611111102
2024,DINOv3 Static Image ExtraTrees,2024_L521,143.1,1186.3111300000003
2024,DINOv3 Static Image ExtraTrees,2024_L522,731.43,1186.3111300000003
2024,DINOv3 Static Image ExtraTrees,2024_L523,692.16,1186.3111300000003
2024,DINOv3 Static Image ExtraTrees,2024_L524,283.125,1152.8577611111102
2024,DINOv3 Static Image ExtraTrees,2024_L525,738.1,1152.8577611111102
2024,DINOv3 Static Image ExtraTrees,2024_L526,778.8,1152.8577611111102
2024,DINOv3 Static Image ExtraTrees,2024_L611,0.0,1186.3111300000003
2024,DINOv3 Static Image ExtraTrees,2024_L612,0.0,1186.3111300000003
2024,DINOv3 Static Image ExtraTrees,2024_L613,325.35,1186.3111300000003
2024,DINOv3 Static Image ExtraTrees,2024_L614,360.5,1152.8577611111102
2024,DINOv3 Static Image ExtraTrees,2024_L615,466.5,1152.8577611111102
2024,DINOv3 Static Image ExtraTrees,2024_L616,180.75,1152.8577611111102
2024,DINOv3 Static Image ExtraTrees,2024_L621,0.0,1186.3111300000003
2024,DINOv3 Static Image ExtraTrees,2024_L622,267.75,1186.3111300000003
2024,DINOv3 Static Image ExtraTrees,2024_L623,482.16,1186.3111300000003
2024,DINOv3 Static Image ExtraTrees,2024_L624,565.25,1152.8577611111102
2024,DINOv3 Static Image ExtraTrees,2024_L625,563.76,1152.8577611111102
2024,DINOv3 Static Image ExtraTrees,2024_L626,1144.48,1152.8577611111102
2024,DINOv3 Static Image ExtraTrees,2024_R114,819.65,1229.8671944444477
2024,DINOv3 Static Image ExtraTrees,2024_R115,648.75,1229.8671944444477
2024,DINOv3 Static Image ExtraTrees,2024_R116,553.35,1229.8671944444477
2024,DINOv3 Static Image ExtraTrees,2024_R124,523.6,1229.8671944444477
2024,DINOv3 Static Image ExtraTrees,2024_R125,784.08,1229.8671944444477
2024,DINOv3 Static Image ExtraTrees,2024_R126,653.1,1229.8671944444477
2024,DINOv3 Static Image ExtraTrees,2024_R2110,491.25,1175.9661055555557
2024,DINOv3 Static Image ExtraTrees,2024_R2111,973.5,1175.9661055555557
2024,DINOv3 Static Image ExtraTrees,2024_R2112,765.0,1175.9661055555557
2024,DINOv3 Static Image ExtraTrees,2024_R217,847.9,1229.8671944444477
2024,DINOv3 Static Image ExtraTrees,2024_R218,390.85,1229.8671944444477
2024,DINOv3 Static Image ExtraTrees,2024_R219,125.4,1229.8671944444477
2024,DINOv3 Static Image ExtraTrees,2024_R2210,322.16,1175.9661055555557
2024,DINOv3 Static Image ExtraTrees,2024_R2211,620.36,1175.9661055555557
2024,DINOv3 Static Image ExtraTrees,2024_R2212,649.35,1175.9661055555557
2024,DINOv3 Static Image ExtraTrees,2024_R227,618.45,1229.8671944444477
2024,DINOv3 Static Image ExtraTrees,2024_R228,462.77,1229.8671944444477
2024,DINOv3 Static Image ExtraTrees,2024_R229,476.055,1229.8671944444477
2024,DINOv3 Static Image ExtraTrees,2024_R314,112.5,1175.9661055555557
2024,DINOv3 Static Image ExtraTrees,2024_R315,530.0,1175.9661055555557
2024,DINOv3 Static Image ExtraTrees,2024_R316,366.65,1175.9661055555557
2024,DINOv3 Static Image ExtraTrees,2024_R324,373.8,1175.9661055555557
2024,DINOv3 Static Image ExtraTrees,2024_R325,812.165,1175.9661055555557
2024,DINOv3 Static Image ExtraTrees,2024_R326,588.03,1175.9661055555557
2024,DINOv3 Static Image ExtraTrees,2024_R414,583.35,1149.3440181746048
2024,DINOv3 Static Image ExtraTrees,2024_R415,0.0,1149.3440181746048
2024,DINOv3 Static Image ExtraTrees,2024_R416,724.15,1149.3440181746048
2024,DINOv3 Static Image ExtraTrees,2024_R424,612.48,1149.3440181746048
2024,DINOv3 Static Image ExtraTrees,2024_R425,390.72,1149.3440181746048
2024,DINOv3 Static Image ExtraTrees,2024_R426,574.77,1149.3440181746048
2024,DINOv3 Static Image ExtraTrees,2024_R517,892.5,1156.1548227777798
2024,DINOv3 Static Image ExtraTrees,2024_R518,393.75,1156.1548227777798
2024,DINOv3 Static Image ExtraTrees,2024_R519,565.0,1156.1548227777798
2024,DINOv3 Static Image ExtraTrees,2024_R527,487.49,1156.1548227777798
2024,DINOv3 Static Image ExtraTrees,2024_R528,926.52,1156.1548227777798
2024,DINOv3 Static Image ExtraTrees,2024_R529,630.41,1156.1548227777798
2024,DINOv3 Static Image ExtraTrees,2024_R617,1021.25,1156.1548227777798
2024,DINOv3 Static Image ExtraTrees,2024_R618,1031.25,1156.1548227777798
2024,DINOv3 Static Image ExtraTrees,2024_R619,75.0,1156.1548227777798
2024,DINOv3 Static Image ExtraTrees,2024_R627,613.97,1156.1548227777798
2024,DINOv3 Static Image ExtraTrees,2024_R628,469.8,1156.1548227777798
2024,DINOv3 Static Image ExtraTrees,2024_R629,710.08,1156.1548227777798
2024,Phenotype-only ExtraTrees,2024_CK11,210.0,1161.4165266666669
2024,Phenotype-only ExtraTrees,2024_CK12,166.65,717.3746366666658
2024,Phenotype-only ExtraTrees,2024_CK13,175.0,1058.0815666666674
2024,Phenotype-only ExtraTrees,2024_CK14,820.0,779.0089699999996
2024,Phenotype-only ExtraTrees,2024_CK15,464.25,755.6668933333335
2024,Phenotype-only ExtraTrees,2024_CK16,536.65,1036.261486666667
2024,Phenotype-only ExtraTrees,2024_CK21,706.2,744.811579999999
2024,Phenotype-only ExtraTrees,2024_CK22,719.1,1119.4538566666668
2024,Phenotype-only ExtraTrees,2024_CK23,824.55,738.5483033333328
2024,Phenotype-only ExtraTrees,2024_CK24,613.025,704.8613699999996
2024,Phenotype-only ExtraTrees,2024_CK25,679.38,955.2349033333338
2024,Phenotype-only ExtraTrees,2024_CK26,831.42,891.6162599999992
2024,Phenotype-only ExtraTrees,2024_L111,540.85,992.5628033333338
2024,Phenotype-only ExtraTrees,2024_L112,651.0,867.6403433333335
2024,Phenotype-only ExtraTrees,2024_L113,250.0,1003.568783333333
2024,Phenotype-only ExtraTrees,2024_L121,683.65,899.9095000000009
2024,Phenotype-only ExtraTrees,2024_L122,361.5,809.9355349999997
2024,Phenotype-only ExtraTrees,2024_L123,270.32,999.0715433333339
2024,Phenotype-only ExtraTrees,2024_L211,379.3,756.4647866666666
2024,Phenotype-only ExtraTrees,2024_L212,229.15,767.675013333333
2024,Phenotype-only ExtraTrees,2024_L213,55.0,753.8535666666671
2024,Phenotype-only ExtraTrees,2024_L214,881.25,787.6371199999993
2024,Phenotype-only ExtraTrees,2024_L215,740.0,1018.0853533333326
2024,Phenotype-only ExtraTrees,2024_L216,916.65,950.6864766666673
2024,Phenotype-only ExtraTrees,2024_L221,701.68,1092.35064
2024,Phenotype-only ExtraTrees,2024_L222,712.8,871.0611266666663
2024,Phenotype-only ExtraTrees,2024_L223,773.48,1100.664943333333
2024,Phenotype-only ExtraTrees,2024_L224,524.3,1061.8792300000005
2024,Phenotype-only ExtraTrees,2024_L225,561.0,781.6833
2024,Phenotype-only ExtraTrees,2024_L226,687.125,885.6266899999999
2024,Phenotype-only ExtraTrees,2024_L311,805.0,815.0706099999996
2024,Phenotype-only ExtraTrees,2024_L312,750.0,879.6153916666674
2024,Phenotype-only ExtraTrees,2024_L313,620.0,725.2334866666663
2024,Phenotype-only ExtraTrees,2024_L321,723.58,1107.5863666666667
2024,Phenotype-only ExtraTrees,2024_L322,685.44,1092.2891016666688
2024,Phenotype-only ExtraTrees,2024_L323,644.0,1109.7498300000002
2024,Phenotype-only ExtraTrees,2024_L411,810.9,1100.664943333333
2024,Phenotype-only ExtraTrees,2024_L412,150.0,1206.1944033333348
2024,Phenotype-only ExtraTrees,2024_L413,1062.5,837.9866666666659
2024,Phenotype-only ExtraTrees,2024_L421,920.64,1153.866133333334
2024,Phenotype-only ExtraTrees,2024_L422,797.27,987.0681733333348
2024,Phenotype-only ExtraTrees,2024_L423,759.69,901.4905366666669
2024,Phenotype-only ExtraTrees,2024_L511,150.0,1100.664943333333
2024,Phenotype-only ExtraTrees,2024_L512,575.0,745.379499999999
2024,Phenotype-only ExtraTrees,2024_L513,646.25,964.703246666667
2024,Phenotype-only ExtraTrees,2024_L514,825.0,922.9602833333337
2024,Phenotype-only ExtraTrees,2024_L515,102.5,818.874466666667
2024,Phenotype-only ExtraTrees,2024_L516,252.5,773.9987333333328
2024,Phenotype-only ExtraTrees,2024_L521,143.1,1100.1888433333343
2024,Phenotype-only ExtraTrees,2024_L522,731.43,681.9128633333333
2024,Phenotype-only ExtraTrees,2024_L523,692.16,783.3645133333338
2024,Phenotype-only ExtraTrees,2024_L524,283.125,917.0431833333338
2024,Phenotype-only ExtraTrees,2024_L525,738.1,762.6089399999994
2024,Phenotype-only ExtraTrees,2024_L526,778.8,930.914980000001
2024,Phenotype-only ExtraTrees,2024_L611,0.0,1100.664943333333
2024,Phenotype-only ExtraTrees,2024_L612,0.0,1100.664943333333
2024,Phenotype-only ExtraTrees,2024_L613,325.35,766.5788733333322
2024,Phenotype-only ExtraTrees,2024_L614,360.5,945.2868466666673
2024,Phenotype-only ExtraTrees,2024_L615,466.5,650.4874233333334
2024,Phenotype-only ExtraTrees,2024_L616,180.75,1089.388926666667
2024,Phenotype-only ExtraTrees,2024_L621,0.0,957.347016666666
2024,Phenotype-only ExtraTrees,2024_L622,267.75,843.1404533333333
2024,Phenotype-only ExtraTrees,2024_L623,482.16,762.9133433333329
2024,Phenotype-only ExtraTrees,2024_L624,565.25,686.1185466666666
2024,Phenotype-only ExtraTrees,2024_L625,563.76,918.6905900000006
2024,Phenotype-only ExtraTrees,2024_L626,1144.48,785.6513766666664
2024,Phenotype-only ExtraTrees,2024_R114,819.65,946.8347700000008
2024,Phenotype-only ExtraTrees,2024_R115,648.75,1058.3333166666669
2024,Phenotype-only ExtraTrees,2024_R116,553.35,918.3798433333334
2024,Phenotype-only ExtraTrees,2024_R124,523.6,872.5992500000002
2024,Phenotype-only ExtraTrees,2024_R125,784.08,911.7805233333333
2024,Phenotype-only ExtraTrees,2024_R126,653.1,797.0428800000004
2024,Phenotype-only ExtraTrees,2024_R2110,491.25,752.5753833333326
2024,Phenotype-only ExtraTrees,2024_R2111,973.5,1127.2069966666675
2024,Phenotype-only ExtraTrees,2024_R2112,765.0,780.7306533333333
2024,Phenotype-only ExtraTrees,2024_R217,847.9,872.76982
2024,Phenotype-only ExtraTrees,2024_R218,390.85,1091.3717600000002
2024,Phenotype-only ExtraTrees,2024_R219,125.4,1012.0221833333338
2024,Phenotype-only ExtraTrees,2024_R2210,322.16,937.0538766666668
2024,Phenotype-only ExtraTrees,2024_R2211,620.36,720.2933733333329
2024,Phenotype-only ExtraTrees,2024_R2212,649.35,965.2407366666667
2024,Phenotype-only ExtraTrees,2024_R227,618.45,1100.664943333333
2024,Phenotype-only ExtraTrees,2024_R228,462.77,698.5015866666669
2024,Phenotype-only ExtraTrees,2024_R229,476.055,1029.9308933333334
2024,Phenotype-only ExtraTrees,2024_R314,112.5,943.8919533333336
2024,Phenotype-only ExtraTrees,2024_R315,530.0,1083.3946566666677
2024,Phenotype-only ExtraTrees,2024_R316,366.65,921.2936266666668
2024,Phenotype-only ExtraTrees,2024_R324,373.8,841.3743999999995
2024,Phenotype-only ExtraTrees,2024_R325,812.165,891.1795866666665
2024,Phenotype-only ExtraTrees,2024_R326,588.03,1140.6935233333343
2024,Phenotype-only ExtraTrees,2024_R414,583.35,745.5411666666662
2024,Phenotype-only ExtraTrees,2024_R415,0.0,825.9330266666668
2024,Phenotype-only ExtraTrees,2024_R416,724.15,858.0951533333326
2024,Phenotype-only ExtraTrees,2024_R424,612.48,804.7002433333333
2024,Phenotype-only ExtraTrees,2024_R425,390.72,869.9303166666663
2024,Phenotype-only ExtraTrees,2024_R426,574.77,872.8035000000006
2024,Phenotype-only ExtraTrees,2024_R517,892.5,867.5070699999998
2024,Phenotype-only ExtraTrees,2024_R518,393.75,872.357963333333
2024,Phenotype-only ExtraTrees,2024_R519,565.0,843.0727566666666
2024,Phenotype-only ExtraTrees,2024_R527,487.49,1102.8433200000004
2024,Phenotype-only ExtraTrees,2024_R528,926.52,1143.1661100000008
2024,Phenotype-only ExtraTrees,2024_R529,630.41,914.9800716666664
2024,Phenotype-only ExtraTrees,2024_R617,1021.25,751.93878
2024,Phenotype-only ExtraTrees,2024_R618,1031.25,1018.5648333333339
2024,Phenotype-only ExtraTrees,2024_R619,75.0,765.2503733333331
2024,Phenotype-only ExtraTrees,2024_R627,613.97,770.0545633333329
2024,Phenotype-only ExtraTrees,2024_R628,469.8,799.6402199999997
2024,Phenotype-only ExtraTrees,2024_R629,710.08,944.3608133333339
2024,Environment-only ExtraTrees,2024_CK11,210.0,1361.2065614035116
2024,Environment-only ExtraTrees,2024_CK12,166.65,1361.2065614035116
2024,Environment-only ExtraTrees,2024_CK13,175.0,1361.2065614035116
2024,Environment-only ExtraTrees,2024_CK14,820.0,1361.2065614035116
2024,Environment-only ExtraTrees,2024_CK15,464.25,1361.2065614035116
2024,Environment-only ExtraTrees,2024_CK16,536.65,1361.2065614035116
2024,Environment-only ExtraTrees,2024_CK21,706.2,1361.2065614035116
2024,Environment-only ExtraTrees,2024_CK22,719.1,1361.2065614035116
2024,Environment-only ExtraTrees,2024_CK23,824.55,1361.2065614035116
2024,Environment-only ExtraTrees,2024_CK24,613.025,1361.2065614035116
2024,Environment-only ExtraTrees,2024_CK25,679.38,1361.2065614035116
2024,Environment-only ExtraTrees,2024_CK26,831.42,1361.2065614035116
2024,Environment-only ExtraTrees,2024_L111,540.85,1361.2065614035116
2024,Environment-only ExtraTrees,2024_L112,651.0,1361.2065614035116
2024,Environment-only ExtraTrees,2024_L113,250.0,1361.2065614035116
2024,Environment-only ExtraTrees,2024_L121,683.65,1361.2065614035116
2024,Environment-only ExtraTrees,2024_L122,361.5,1361.2065614035116
2024,Environment-only ExtraTrees,2024_L123,270.32,1361.2065614035116
2024,Environment-only ExtraTrees,2024_L211,379.3,1361.2065614035116
2024,Environment-only ExtraTrees,2024_L212,229.15,1361.2065614035116
2024,Environment-only ExtraTrees,2024_L213,55.0,1361.2065614035116
2024,Environment-only ExtraTrees,2024_L214,881.25,1361.2065614035116
2024,Environment-only ExtraTrees,2024_L215,740.0,1361.2065614035116
2024,Environment-only ExtraTrees,2024_L216,916.65,1361.2065614035116
2024,Environment-only ExtraTrees,2024_L221,701.68,1361.2065614035116
2024,Environment-only ExtraTrees,2024_L222,712.8,1361.2065614035116
2024,Environment-only ExtraTrees,2024_L223,773.48,1361.2065614035116
2024,Environment-only ExtraTrees,2024_L224,524.3,1361.2065614035116
2024,Environment-only ExtraTrees,2024_L225,561.0,1361.2065614035116
2024,Environment-only ExtraTrees,2024_L226,687.125,1361.2065614035116
2024,Environment-only ExtraTrees,2024_L311,805.0,1361.2065614035116
2024,Environment-only ExtraTrees,2024_L312,750.0,1361.2065614035116
2024,Environment-only ExtraTrees,2024_L313,620.0,1361.2065614035116
2024,Environment-only ExtraTrees,2024_L321,723.58,1361.2065614035116
2024,Environment-only ExtraTrees,2024_L322,685.44,1361.2065614035116
2024,Environment-only ExtraTrees,2024_L323,644.0,1361.2065614035116
2024,Environment-only ExtraTrees,2024_L411,810.9,1361.2065614035116
2024,Environment-only ExtraTrees,2024_L412,150.0,1361.2065614035116
2024,Environment-only ExtraTrees,2024_L413,1062.5,1361.2065614035116
2024,Environment-only ExtraTrees,2024_L421,920.64,1361.2065614035116
2024,Environment-only ExtraTrees,2024_L422,797.27,1361.2065614035116
2024,Environment-only ExtraTrees,2024_L423,759.69,1361.2065614035116
2024,Environment-only ExtraTrees,2024_L511,150.0,1361.2065614035116
2024,Environment-only ExtraTrees,2024_L512,575.0,1361.2065614035116
2024,Environment-only ExtraTrees,2024_L513,646.25,1361.2065614035116
2024,Environment-only ExtraTrees,2024_L514,825.0,1361.2065614035116
2024,Environment-only ExtraTrees,2024_L515,102.5,1361.2065614035116
2024,Environment-only ExtraTrees,2024_L516,252.5,1361.2065614035116
2024,Environment-only ExtraTrees,2024_L521,143.1,1361.2065614035116
2024,Environment-only ExtraTrees,2024_L522,731.43,1361.2065614035116
2024,Environment-only ExtraTrees,2024_L523,692.16,1361.2065614035116
2024,Environment-only ExtraTrees,2024_L524,283.125,1361.2065614035116
2024,Environment-only ExtraTrees,2024_L525,738.1,1361.2065614035116
2024,Environment-only ExtraTrees,2024_L526,778.8,1361.2065614035116
2024,Environment-only ExtraTrees,2024_L611,0.0,1361.2065614035116
2024,Environment-only ExtraTrees,2024_L612,0.0,1361.2065614035116
2024,Environment-only ExtraTrees,2024_L613,325.35,1361.2065614035116
2024,Environment-only ExtraTrees,2024_L614,360.5,1361.2065614035116
2024,Environment-only ExtraTrees,2024_L615,466.5,1361.2065614035116
2024,Environment-only ExtraTrees,2024_L616,180.75,1361.2065614035116
2024,Environment-only ExtraTrees,2024_L621,0.0,1361.2065614035116
2024,Environment-only ExtraTrees,2024_L622,267.75,1361.2065614035116
2024,Environment-only ExtraTrees,2024_L623,482.16,1361.2065614035116
2024,Environment-only ExtraTrees,2024_L624,565.25,1361.2065614035116
2024,Environment-only ExtraTrees,2024_L625,563.76,1361.2065614035116
2024,Environment-only ExtraTrees,2024_L626,1144.48,1361.2065614035116
2024,Environment-only ExtraTrees,2024_R114,819.65,1361.2065614035116
2024,Environment-only ExtraTrees,2024_R115,648.75,1361.2065614035116
2024,Environment-only ExtraTrees,2024_R116,553.35,1361.2065614035116
2024,Environment-only ExtraTrees,2024_R124,523.6,1361.2065614035116
2024,Environment-only ExtraTrees,2024_R125,784.08,1361.2065614035116
2024,Environment-only ExtraTrees,2024_R126,653.1,1361.2065614035116
2024,Environment-only ExtraTrees,2024_R2110,491.25,1361.2065614035116
2024,Environment-only ExtraTrees,2024_R2111,973.5,1361.2065614035116
2024,Environment-only ExtraTrees,2024_R2112,765.0,1361.2065614035116
2024,Environment-only ExtraTrees,2024_R217,847.9,1361.2065614035116
2024,Environment-only ExtraTrees,2024_R218,390.85,1361.2065614035116
2024,Environment-only ExtraTrees,2024_R219,125.4,1361.2065614035116
2024,Environment-only ExtraTrees,2024_R2210,322.16,1361.2065614035116
2024,Environment-only ExtraTrees,2024_R2211,620.36,1361.2065614035116
2024,Environment-only ExtraTrees,2024_R2212,649.35,1361.2065614035116
2024,Environment-only ExtraTrees,2024_R227,618.45,1361.2065614035116
2024,Environment-only ExtraTrees,2024_R228,462.77,1361.2065614035116
2024,Environment-only ExtraTrees,2024_R229,476.055,1361.2065614035116
2024,Environment-only ExtraTrees,2024_R314,112.5,1361.2065614035116
2024,Environment-only ExtraTrees,2024_R315,530.0,1361.2065614035116
2024,Environment-only ExtraTrees,2024_R316,366.65,1361.2065614035116
2024,Environment-only ExtraTrees,2024_R324,373.8,1361.2065614035116
2024,Environment-only ExtraTrees,2024_R325,812.165,1361.2065614035116
2024,Environment-only ExtraTrees,2024_R326,588.03,1361.2065614035116
2024,Environment-only ExtraTrees,2024_R414,583.35,1361.2065614035116
2024,Environment-only ExtraTrees,2024_R415,0.0,1361.2065614035116
2024,Environment-only ExtraTrees,2024_R416,724.15,1361.2065614035116
2024,Environment-only ExtraTrees,2024_R424,612.48,1361.2065614035116
2024,Environment-only ExtraTrees,2024_R425,390.72,1361.2065614035116
2024,Environment-only ExtraTrees,2024_R426,574.77,1361.2065614035116
2024,Environment-only ExtraTrees,2024_R517,892.5,1361.2065614035116
2024,Environment-only ExtraTrees,2024_R518,393.75,1361.2065614035116
2024,Environment-only ExtraTrees,2024_R519,565.0,1361.2065614035116
2024,Environment-only ExtraTrees,2024_R527,487.49,1361.2065614035116
2024,Environment-only ExtraTrees,2024_R528,926.52,1361.2065614035116
2024,Environment-only ExtraTrees,2024_R529,630.41,1361.2065614035116
2024,Environment-only ExtraTrees,2024_R617,1021.25,1361.2065614035116
2024,Environment-only ExtraTrees,2024_R618,1031.25,1361.2065614035116
2024,Environment-only ExtraTrees,2024_R619,75.0,1361.2065614035116
2024,Environment-only ExtraTrees,2024_R627,613.97,1361.2065614035116
2024,Environment-only ExtraTrees,2024_R628,469.8,1361.2065614035116
2024,Environment-only ExtraTrees,2024_R629,710.08,1361.2065614035116
2024,Static Early Fusion ExtraTrees,2024_CK11,210.0,1208.0343366666677
2024,Static Early Fusion ExtraTrees,2024_CK12,166.65,855.3803733333339
2024,Static Early Fusion ExtraTrees,2024_CK13,175.0,1115.7249133333353
2024,Static Early Fusion ExtraTrees,2024_CK14,820.0,843.6397333333339
2024,Static Early Fusion ExtraTrees,2024_CK15,464.25,842.7236333333337
2024,Static Early Fusion ExtraTrees,2024_CK16,536.65,1049.780743333334
2024,Static Early Fusion ExtraTrees,2024_CK21,706.2,876.5387800000008
2024,Static Early Fusion ExtraTrees,2024_CK22,719.1,1145.947433333334
2024,Static Early Fusion ExtraTrees,2024_CK23,824.55,842.6199933333338
2024,Static Early Fusion ExtraTrees,2024_CK24,613.025,775.5795433333334
2024,Static Early Fusion ExtraTrees,2024_CK25,679.38,1019.6687200000011
2024,Static Early Fusion ExtraTrees,2024_CK26,831.42,921.2847666666667
2024,Static Early Fusion ExtraTrees,2024_L111,540.85,1004.6725400000017
2024,Static Early Fusion ExtraTrees,2024_L112,651.0,905.3230833333339
2024,Static Early Fusion ExtraTrees,2024_L113,250.0,1061.1420600000013
2024,Static Early Fusion ExtraTrees,2024_L121,683.65,941.8346266666673
2024,Static Early Fusion ExtraTrees,2024_L122,361.5,872.6667400000006
2024,Static Early Fusion ExtraTrees,2024_L123,270.32,978.182213333334
2024,Static Early Fusion ExtraTrees,2024_L211,379.3,839.7058233333338
2024,Static Early Fusion ExtraTrees,2024_L212,229.15,839.9080100000001
2024,Static Early Fusion ExtraTrees,2024_L213,55.0,787.8061566666674
2024,Static Early Fusion ExtraTrees,2024_L214,881.25,852.5643299999996
2024,Static Early Fusion ExtraTrees,2024_L215,740.0,1025.84822
2024,Static Early Fusion ExtraTrees,2024_L216,916.65,889.7338433333347
2024,Static Early Fusion ExtraTrees,2024_L221,701.68,1051.6478200000006
2024,Static Early Fusion ExtraTrees,2024_L222,712.8,920.3153066666672
2024,Static Early Fusion ExtraTrees,2024_L223,773.48,1215.0812933333334
2024,Static Early Fusion ExtraTrees,2024_L224,524.3,1086.465936666667
2024,Static Early Fusion ExtraTrees,2024_L225,561.0,833.6815333333338
2024,Static Early Fusion ExtraTrees,2024_L226,687.125,930.3847833333334
2024,Static Early Fusion ExtraTrees,2024_L311,805.0,796.8893500000005
2024,Static Early Fusion ExtraTrees,2024_L312,750.0,885.7992200000014
2024,Static Early Fusion ExtraTrees,2024_L313,620.0,787.9865033333332
2024,Static Early Fusion ExtraTrees,2024_L321,723.58,1111.9501466666677
2024,Static Early Fusion ExtraTrees,2024_L322,685.44,1058.4179133333366
2024,Static Early Fusion ExtraTrees,2024_L323,644.0,1014.0367083333336
2024,Static Early Fusion ExtraTrees,2024_L411,810.9,1221.6784233333344
2024,Static Early Fusion ExtraTrees,2024_L412,150.0,1236.745686666669
2024,Static Early Fusion ExtraTrees,2024_L413,1062.5,908.9334100000015
2024,Static Early Fusion ExtraTrees,2024_L421,920.64,1192.9346433333349
2024,Static Early Fusion ExtraTrees,2024_L422,797.27,1087.2178833333369
2024,Static Early Fusion ExtraTrees,2024_L423,759.69,1027.1067133333345
2024,Static Early Fusion ExtraTrees,2024_L511,150.0,1239.1466633333337
2024,Static Early Fusion ExtraTrees,2024_L512,575.0,941.5658900000013
2024,Static Early Fusion ExtraTrees,2024_L513,646.25,1107.0288366666678
2024,Static Early Fusion ExtraTrees,2024_L514,825.0,1019.4906133333342
2024,Static Early Fusion ExtraTrees,2024_L515,102.5,820.763846666667
2024,Static Early Fusion ExtraTrees,2024_L516,252.5,804.9873266666675
2024,Static Early Fusion ExtraTrees,2024_L521,143.1,1124.5482866666687
2024,Static Early Fusion ExtraTrees,2024_L522,731.43,783.8179933333348
2024,Static Early Fusion ExtraTrees,2024_L523,692.16,861.4615100000013
2024,Static Early Fusion ExtraTrees,2024_L524,283.125,1015.4050733333336
2024,Static Early Fusion ExtraTrees,2024_L525,738.1,914.2667500000002
2024,Static Early Fusion ExtraTrees,2024_L526,778.8,987.7388699999997
2024,Static Early Fusion ExtraTrees,2024_L611,0.0,1239.1466633333337
2024,Static Early Fusion ExtraTrees,2024_L612,0.0,1239.1466633333337
2024,Static Early Fusion ExtraTrees,2024_L613,325.35,859.879853333335
2024,Static Early Fusion ExtraTrees,2024_L614,360.5,973.668746666668
2024,Static Early Fusion ExtraTrees,2024_L615,466.5,720.0564533333342
2024,Static Early Fusion ExtraTrees,2024_L616,180.75,1111.2383766666678
2024,Static Early Fusion ExtraTrees,2024_L621,0.0,1075.392560000001
2024,Static Early Fusion ExtraTrees,2024_L622,267.75,959.0772833333342
2024,Static Early Fusion ExtraTrees,2024_L623,482.16,957.8508800000008
2024,Static Early Fusion ExtraTrees,2024_L624,565.25,749.4958166666667
2024,Static Early Fusion ExtraTrees,2024_L625,563.76,919.2619066666684
2024,Static Early Fusion ExtraTrees,2024_L626,1144.48,890.080653333334
2024,Static Early Fusion ExtraTrees,2024_R114,819.65,1009.3636000000014
2024,Static Early Fusion ExtraTrees,2024_R115,648.75,1106.2495700000015
2024,Static Early Fusion ExtraTrees,2024_R116,553.35,1019.8992566666674
2024,Static Early Fusion ExtraTrees,2024_R124,523.6,993.4730533333349
2024,Static Early Fusion ExtraTrees,2024_R125,784.08,986.1788600000014
2024,Static Early Fusion ExtraTrees,2024_R126,653.1,942.9745200000018
2024,Static Early Fusion ExtraTrees,2024_R2110,491.25,879.4869100000002
2024,Static Early Fusion ExtraTrees,2024_R2111,973.5,1198.758006666669
2024,Static Early Fusion ExtraTrees,2024_R2112,765.0,901.1036600000018
2024,Static Early Fusion ExtraTrees,2024_R217,847.9,961.4841833333337
2024,Static Early Fusion ExtraTrees,2024_R218,390.85,1108.8862200000008
2024,Static Early Fusion ExtraTrees,2024_R219,125.4,1086.1138766666677
2024,Static Early Fusion ExtraTrees,2024_R2210,322.16,1026.3247033333348
2024,Static Early Fusion ExtraTrees,2024_R2211,620.36,825.1890466666667
2024,Static Early Fusion ExtraTrees,2024_R2212,649.35,1086.7876500000013
2024,Static Early Fusion ExtraTrees,2024_R227,618.45,1241.593663333333
2024,Static Early Fusion ExtraTrees,2024_R228,462.77,847.4631133333337
2024,Static Early Fusion ExtraTrees,2024_R229,476.055,1103.2058866666687
2024,Static Early Fusion ExtraTrees,2024_R314,112.5,1034.307803333334
2024,Static Early Fusion ExtraTrees,2024_R315,530.0,1143.6416033333348
2024,Static Early Fusion ExtraTrees,2024_R316,366.65,936.5696333333331
2024,Static Early Fusion ExtraTrees,2024_R324,373.8,910.2373700000004
2024,Static Early Fusion ExtraTrees,2024_R325,812.165,993.1721000000009
2024,Static Early Fusion ExtraTrees,2024_R326,588.03,1171.3001100000013
2024,Static Early Fusion ExtraTrees,2024_R414,583.35,760.3390766666676
2024,Static Early Fusion ExtraTrees,2024_R415,0.0,861.7241433333342
2024,Static Early Fusion ExtraTrees,2024_R416,724.15,895.3196683333339
2024,Static Early Fusion ExtraTrees,2024_R424,612.48,852.725613333334
2024,Static Early Fusion ExtraTrees,2024_R425,390.72,913.155210000001
2024,Static Early Fusion ExtraTrees,2024_R426,574.77,880.2225883333336
2024,Static Early Fusion ExtraTrees,2024_R517,892.5,903.3912766666676
2024,Static Early Fusion ExtraTrees,2024_R518,393.75,885.5128866666671
2024,Static Early Fusion ExtraTrees,2024_R519,565.0,872.2952166666664
2024,Static Early Fusion ExtraTrees,2024_R527,487.49,1098.3945966666677
2024,Static Early Fusion ExtraTrees,2024_R528,926.52,1153.0333666666677
2024,Static Early Fusion ExtraTrees,2024_R529,630.41,947.6071000000006
2024,Static Early Fusion ExtraTrees,2024_R617,1021.25,821.545993333335
2024,Static Early Fusion ExtraTrees,2024_R618,1031.25,1022.6919533333336
2024,Static Early Fusion ExtraTrees,2024_R619,75.0,862.8091766666673
2024,Static Early Fusion ExtraTrees,2024_R627,613.97,847.9484300000004
2024,Static Early Fusion ExtraTrees,2024_R628,469.8,858.0155000000015
2024,Static Early Fusion ExtraTrees,2024_R629,710.08,979.471730000001
2024,Static Early Fusion XGBoost,2024_CK11,210.0,1287.0933837890625
2024,Static Early Fusion XGBoost,2024_CK12,166.65,593.4828491210938
2024,Static Early Fusion XGBoost,2024_CK13,175.0,931.205078125
2024,Static Early Fusion XGBoost,2024_CK14,820.0,453.4105224609375
2024,Static Early Fusion XGBoost,2024_CK15,464.25,846.620361328125
2024,Static Early Fusion XGBoost,2024_CK16,536.65,924.2161865234375
2024,Static Early Fusion XGBoost,2024_CK21,706.2,740.0504760742188
2024,Static Early Fusion XGBoost,2024_CK22,719.1,1167.1458740234375
2024,Static Early Fusion XGBoost,2024_CK23,824.55,633.5165405273438
2024,Static Early Fusion XGBoost,2024_CK24,613.025,406.6091613769531
2024,Static Early Fusion XGBoost,2024_CK25,679.38,940.464111328125
2024,Static Early Fusion XGBoost,2024_CK26,831.42,727.9310302734375
2024,Static Early Fusion XGBoost,2024_L111,540.85,1071.526611328125
2024,Static Early Fusion XGBoost,2024_L112,651.0,916.5906372070312
2024,Static Early Fusion XGBoost,2024_L113,250.0,939.8563232421875
2024,Static Early Fusion XGBoost,2024_L121,683.65,851.5179443359375
2024,Static Early Fusion XGBoost,2024_L122,361.5,775.356689453125
2024,Static Early Fusion XGBoost,2024_L123,270.32,847.76171875
2024,Static Early Fusion XGBoost,2024_L211,379.3,619.58447265625
2024,Static Early Fusion XGBoost,2024_L212,229.15,577.5446166992188
2024,Static Early Fusion XGBoost,2024_L213,55.0,734.3787841796875
2024,Static Early Fusion XGBoost,2024_L214,881.25,545.7861328125
2024,Static Early Fusion XGBoost,2024_L215,740.0,856.769287109375
2024,Static Early Fusion XGBoost,2024_L216,916.65,756.9345703125
2024,Static Early Fusion XGBoost,2024_L221,701.68,946.3235473632812
2024,Static Early Fusion XGBoost,2024_L222,712.8,619.3966674804688
2024,Static Early Fusion XGBoost,2024_L223,773.48,1268.201904296875
2024,Static Early Fusion XGBoost,2024_L224,524.3,1090.4384765625
2024,Static Early Fusion XGBoost,2024_L225,561.0,628.5947265625
2024,Static Early Fusion XGBoost,2024_L226,687.125,915.5350341796875
2024,Static Early Fusion XGBoost,2024_L311,805.0,479.5749816894531
2024,Static Early Fusion XGBoost,2024_L312,750.0,748.2355346679688
2024,Static Early Fusion XGBoost,2024_L313,620.0,631.3292236328125
2024,Static Early Fusion XGBoost,2024_L321,723.58,1084.7562255859375
2024,Static Early Fusion XGBoost,2024_L322,685.44,1183.5140380859375
2024,Static Early Fusion XGBoost,2024_L323,644.0,918.2119140625
2024,Static Early Fusion XGBoost,2024_L411,810.9,1311.5069580078125
2024,Static Early Fusion XGBoost,2024_L412,150.0,1333.6578369140625
2024,Static Early Fusion XGBoost,2024_L413,1062.5,866.92333984375
2024,Static Early Fusion XGBoost,2024_L421,920.64,1144.364990234375
2024,Static Early Fusion XGBoost,2024_L422,797.27,1177.7447509765625
2024,Static Early Fusion XGBoost,2024_L423,759.69,902.4131469726562
2024,Static Early Fusion XGBoost,2024_L511,150.0,1373.4990234375
2024,Static Early Fusion XGBoost,2024_L512,575.0,669.7459716796875
2024,Static Early Fusion XGBoost,2024_L513,646.25,1176.413818359375
2024,Static Early Fusion XGBoost,2024_L514,825.0,993.0403442382812
2024,Static Early Fusion XGBoost,2024_L515,102.5,458.604736328125
2024,Static Early Fusion XGBoost,2024_L516,252.5,502.74993896484375
2024,Static Early Fusion XGBoost,2024_L521,143.1,1211.10595703125
2024,Static Early Fusion XGBoost,2024_L522,731.43,490.845458984375
2024,Static Early Fusion XGBoost,2024_L523,692.16,579.3883056640625
2024,Static Early Fusion XGBoost,2024_L524,283.125,856.498291015625
2024,Static Early Fusion XGBoost,2024_L525,738.1,645.8927001953125
2024,Static Early Fusion XGBoost,2024_L526,778.8,806.1410522460938
2024,Static Early Fusion XGBoost,2024_L611,0.0,1373.4990234375
2024,Static Early Fusion XGBoost,2024_L612,0.0,1373.4990234375
2024,Static Early Fusion XGBoost,2024_L613,325.35,749.478759765625
2024,Static Early Fusion XGBoost,2024_L614,360.5,792.93994140625
2024,Static Early Fusion XGBoost,2024_L615,466.5,647.5015258789062
2024,Static Early Fusion XGBoost,2024_L616,180.75,979.5411987304688
2024,Static Early Fusion XGBoost,2024_L621,0.0,1046.2147216796875
2024,Static Early Fusion XGBoost,2024_L622,267.75,796.7157592773438
2024,Static Early Fusion XGBoost,2024_L623,482.16,753.2179565429688
2024,Static Early Fusion XGBoost,2024_L624,565.25,267.79376220703125
2024,Static Early Fusion XGBoost,2024_L625,563.76,729.6734619140625
2024,Static Early Fusion XGBoost,2024_L626,1144.48,754.1428833007812
2024,Static Early Fusion XGBoost,2024_R114,819.65,1080.6861572265625
2024,Static Early Fusion XGBoost,2024_R115,648.75,954.3989868164062
2024,Static Early Fusion XGBoost,2024_R116,553.35,918.0084838867188
2024,Static Early Fusion XGBoost,2024_R124,523.6,887.116455078125
2024,Static Early Fusion XGBoost,2024_R125,784.08,815.0546264648438
2024,Static Early Fusion XGBoost,2024_R126,653.1,847.343994140625
2024,Static Early Fusion XGBoost,2024_R2110,491.25,678.401123046875
2024,Static Early Fusion XGBoost,2024_R2111,973.5,1164.8748779296875
2024,Static Early Fusion XGBoost,2024_R2112,765.0,839.4937133789062
2024,Static Early Fusion XGBoost,2024_R217,847.9,927.8931274414062
2024,Static Early Fusion XGBoost,2024_R218,390.85,1209.8228759765625
2024,Static Early Fusion XGBoost,2024_R219,125.4,1105.4791259765625
2024,Static Early Fusion XGBoost,2024_R2210,322.16,850.2960815429688
2024,Static Early Fusion XGBoost,2024_R2211,620.36,622.5260009765625
2024,Static Early Fusion XGBoost,2024_R2212,649.35,889.3751831054688
2024,Static Early Fusion XGBoost,2024_R227,618.45,1360.0777587890625
2024,Static Early Fusion XGBoost,2024_R228,462.77,569.5682983398438
2024,Static Early Fusion XGBoost,2024_R229,476.055,1153.7344970703125
2024,Static Early Fusion XGBoost,2024_R314,112.5,1002.5020141601562
2024,Static Early Fusion XGBoost,2024_R315,530.0,1151.68505859375
2024,Static Early Fusion XGBoost,2024_R316,366.65,801.5325317382812
2024,Static Early Fusion XGBoost,2024_R324,373.8,676.2684936523438
2024,Static Early Fusion XGBoost,2024_R325,812.165,971.965576171875
2024,Static Early Fusion XGBoost,2024_R326,588.03,1026.324951171875
2024,Static Early Fusion XGBoost,2024_R414,583.35,398.6734313964844
2024,Static Early Fusion XGBoost,2024_R415,0.0,885.8077392578125
2024,Static Early Fusion XGBoost,2024_R416,724.15,777.4347534179688
2024,Static Early Fusion XGBoost,2024_R424,612.48,743.9585571289062
2024,Static Early Fusion XGBoost,2024_R425,390.72,679.5767822265625
2024,Static Early Fusion XGBoost,2024_R426,574.77,546.5481567382812
2024,Static Early Fusion XGBoost,2024_R517,892.5,782.4050903320312
2024,Static Early Fusion XGBoost,2024_R518,393.75,676.5155029296875
2024,Static Early Fusion XGBoost,2024_R519,565.0,659.1333618164062
2024,Static Early Fusion XGBoost,2024_R527,487.49,969.6343994140625
2024,Static Early Fusion XGBoost,2024_R528,926.52,1188.3516845703125
2024,Static Early Fusion XGBoost,2024_R529,630.41,823.9790649414062
2024,Static Early Fusion XGBoost,2024_R617,1021.25,656.3181762695312
2024,Static Early Fusion XGBoost,2024_R618,1031.25,1011.1373901367188
2024,Static Early Fusion XGBoost,2024_R619,75.0,599.8297729492188
2024,Static Early Fusion XGBoost,2024_R627,613.97,612.0437622070312
2024,Static Early Fusion XGBoost,2024_R628,469.8,799.5708618164062
2024,Static Early Fusion XGBoost,2024_R629,710.08,657.5524291992188
2024,Static Early Fusion CatBoost,2024_CK11,210.0,1120.5114656229143
2024,Static Early Fusion CatBoost,2024_CK12,166.65,897.3340927948934
2024,Static Early Fusion CatBoost,2024_CK13,175.0,1035.9429329604097
2024,Static Early Fusion CatBoost,2024_CK14,820.0,772.9485962814256
2024,Static Early Fusion CatBoost,2024_CK15,464.25,961.5322729647316
2024,Static Early Fusion CatBoost,2024_CK16,536.65,1003.9591357281669
2024,Static Early Fusion CatBoost,2024_CK21,706.2,786.4176464999906
2024,Static Early Fusion CatBoost,2024_CK22,719.1,1126.137438762952
2024,Static Early Fusion CatBoost,2024_CK23,824.55,782.2627109071285
2024,Static Early Fusion CatBoost,2024_CK24,613.025,785.9593561831923
2024,Static Early Fusion CatBoost,2024_CK25,679.38,943.9763311449453
2024,Static Early Fusion CatBoost,2024_CK26,831.42,857.6220402468425
2024,Static Early Fusion CatBoost,2024_L111,540.85,1064.821873924597
2024,Static Early Fusion CatBoost,2024_L112,651.0,963.7565640368531
2024,Static Early Fusion CatBoost,2024_L113,250.0,1037.421207258379
2024,Static Early Fusion CatBoost,2024_L121,683.65,1009.2669294890267
2024,Static Early Fusion CatBoost,2024_L122,361.5,993.9442808885706
2024,Static Early Fusion CatBoost,2024_L123,270.32,1044.3781907433113
2024,Static Early Fusion CatBoost,2024_L211,379.3,879.2985048022763
2024,Static Early Fusion CatBoost,2024_L212,229.15,809.0536564455334
2024,Static Early Fusion CatBoost,2024_L213,55.0,969.5865664492965
2024,Static Early Fusion CatBoost,2024_L214,881.25,773.0682085341682
2024,Static Early Fusion CatBoost,2024_L215,740.0,929.2596809941687
2024,Static Early Fusion CatBoost,2024_L216,916.65,836.1046097777428
2024,Static Early Fusion CatBoost,2024_L221,701.68,1034.9933502620668
2024,Static Early Fusion CatBoost,2024_L222,712.8,935.9072546473487
2024,Static Early Fusion CatBoost,2024_L223,773.48,1202.438979346081
2024,Static Early Fusion CatBoost,2024_L224,524.3,1055.1259919128377
2024,Static Early Fusion CatBoost,2024_L225,561.0,923.9953337206422
2024,Static Early Fusion CatBoost,2024_L226,687.125,862.4065393687424
2024,Static Early Fusion CatBoost,2024_L311,805.0,848.5068980342378
2024,Static Early Fusion CatBoost,2024_L312,750.0,934.9285185425437
2024,Static Early Fusion CatBoost,2024_L313,620.0,864.9256506182694
2024,Static Early Fusion CatBoost,2024_L321,723.58,1090.3547664095308
2024,Static Early Fusion CatBoost,2024_L322,685.44,965.7455951953519
2024,Static Early Fusion CatBoost,2024_L323,644.0,891.1324159461053
2024,Static Early Fusion CatBoost,2024_L411,810.9,1189.4289751932217
2024,Static Early Fusion CatBoost,2024_L412,150.0,1119.7365235174777
2024,Static Early Fusion CatBoost,2024_L413,1062.5,937.7888658991537
2024,Static Early Fusion CatBoost,2024_L421,920.64,904.6781157946107
2024,Static Early Fusion CatBoost,2024_L422,797.27,952.3016392154655
2024,Static Early Fusion CatBoost,2024_L423,759.69,934.5390356653435
2024,Static Early Fusion CatBoost,2024_L511,150.0,1208.1246498946155
2024,Static Early Fusion CatBoost,2024_L512,575.0,884.7768147599687
2024,Static Early Fusion CatBoost,2024_L513,646.25,1053.280530720383
2024,Static Early Fusion CatBoost,2024_L514,825.0,1101.5037690693111
2024,Static Early Fusion CatBoost,2024_L515,102.5,785.6908077402867
2024,Static Early Fusion CatBoost,2024_L516,252.5,844.4457873136886
2024,Static Early Fusion CatBoost,2024_L521,143.1,1170.1844190748895
2024,Static Early Fusion CatBoost,2024_L522,731.43,728.7262869550916
2024,Static Early Fusion CatBoost,2024_L523,692.16,786.4625753129758
2024,Static Early Fusion CatBoost,2024_L524,283.125,865.9676926797936
2024,Static Early Fusion CatBoost,2024_L525,738.1,809.2355984021727
2024,Static Early Fusion CatBoost,2024_L526,778.8,1010.9083456515141
2024,Static Early Fusion CatBoost,2024_L611,0.0,1208.1246498946155
2024,Static Early Fusion CatBoost,2024_L612,0.0,1208.1246498946155
2024,Static Early Fusion CatBoost,2024_L613,325.35,789.2304301598706
2024,Static Early Fusion CatBoost,2024_L614,360.5,953.8456317990594
2024,Static Early Fusion CatBoost,2024_L615,466.5,615.2209510024136
2024,Static Early Fusion CatBoost,2024_L616,180.75,1077.094663741406
2024,Static Early Fusion CatBoost,2024_L621,0.0,1014.5799879561995
2024,Static Early Fusion CatBoost,2024_L622,267.75,909.515663069332
2024,Static Early Fusion CatBoost,2024_L623,482.16,854.4946338396124
2024,Static Early Fusion CatBoost,2024_L624,565.25,705.8143686648609
2024,Static Early Fusion CatBoost,2024_L625,563.76,891.7966008862495
2024,Static Early Fusion CatBoost,2024_L626,1144.48,881.9134067274712
2024,Static Early Fusion CatBoost,2024_R114,819.65,1022.7367029354585
2024,Static Early Fusion CatBoost,2024_R115,648.75,990.9259151237648
2024,Static Early Fusion CatBoost,2024_R116,553.35,913.8308125274727
2024,Static Early Fusion CatBoost,2024_R124,523.6,946.5611678239143
2024,Static Early Fusion CatBoost,2024_R125,784.08,790.6118829745149
2024,Static Early Fusion CatBoost,2024_R126,653.1,821.9429734027517
2024,Static Early Fusion CatBoost,2024_R2110,491.25,786.6653103292239
2024,Static Early Fusion CatBoost,2024_R2111,973.5,1117.859627426159
2024,Static Early Fusion CatBoost,2024_R2112,765.0,894.3400726453957
2024,Static Early Fusion CatBoost,2024_R217,847.9,985.3621431088916
2024,Static Early Fusion CatBoost,2024_R218,390.85,1104.5651213200833
2024,Static Early Fusion CatBoost,2024_R219,125.4,1031.6722614037344
2024,Static Early Fusion CatBoost,2024_R2210,322.16,974.7396766721658
2024,Static Early Fusion CatBoost,2024_R2211,620.36,853.2715286274104
2024,Static Early Fusion CatBoost,2024_R2212,649.35,945.7673255604457
2024,Static Early Fusion CatBoost,2024_R227,618.45,1193.7394105166063
2024,Static Early Fusion CatBoost,2024_R228,462.77,762.8478100936939
2024,Static Early Fusion CatBoost,2024_R229,476.055,1037.651850710632
2024,Static Early Fusion CatBoost,2024_R314,112.5,989.0056523995212
2024,Static Early Fusion CatBoost,2024_R315,530.0,977.8441557783358
2024,Static Early Fusion CatBoost,2024_R316,366.65,981.0383695685695
2024,Static Early Fusion CatBoost,2024_R324,373.8,789.3770431282019
2024,Static Early Fusion CatBoost,2024_R325,812.165,961.88398631935
2024,Static Early Fusion CatBoost,2024_R326,588.03,1049.8753982173932
2024,Static Early Fusion CatBoost,2024_R414,583.35,681.2852325485441
2024,Static Early Fusion CatBoost,2024_R415,0.0,908.4120057000135
2024,Static Early Fusion CatBoost,2024_R416,724.15,865.4420675993216
2024,Static Early Fusion CatBoost,2024_R424,612.48,869.2701456939159
2024,Static Early Fusion CatBoost,2024_R425,390.72,891.5650224838726
2024,Static Early Fusion CatBoost,2024_R426,574.77,950.2391853623845
2024,Static Early Fusion CatBoost,2024_R517,892.5,960.1410555061711
2024,Static Early Fusion CatBoost,2024_R518,393.75,819.4772681690055
2024,Static Early Fusion CatBoost,2024_R519,565.0,837.6140367119657
2024,Static Early Fusion CatBoost,2024_R527,487.49,1030.0750873930658
2024,Static Early Fusion CatBoost,2024_R528,926.52,1248.1954767834725
2024,Static Early Fusion CatBoost,2024_R529,630.41,995.8253479629494
2024,Static Early Fusion CatBoost,2024_R617,1021.25,951.0109451079403
2024,Static Early Fusion CatBoost,2024_R618,1031.25,1066.9691373586054
2024,Static Early Fusion CatBoost,2024_R619,75.0,830.590003304902
2024,Static Early Fusion CatBoost,2024_R627,613.97,898.662229971332
2024,Static Early Fusion CatBoost,2024_R628,469.8,942.1839301855571
2024,Static Early Fusion CatBoost,2024_R629,710.08,937.095453340581
2024,Static Early Fusion HistGB,2024_CK11,210.0,1510.1946102979912
2024,Static Early Fusion HistGB,2024_CK12,166.65,663.8872155244434
2024,Static Early Fusion HistGB,2024_CK13,175.0,1177.3707694448567
2024,Static Early Fusion HistGB,2024_CK14,820.0,547.2409747112222
2024,Static Early Fusion HistGB,2024_CK15,464.25,925.1113938676712
2024,Static Early Fusion HistGB,2024_CK16,536.65,999.0604025063744
2024,Static Early Fusion HistGB,2024_CK21,706.2,431.74723875234145
2024,Static Early Fusion HistGB,2024_CK22,719.1,1250.2679921561084
2024,Static Early Fusion HistGB,2024_CK23,824.55,675.5169846846394
2024,Static Early Fusion HistGB,2024_CK24,613.025,501.98249299842513
2024,Static Early Fusion HistGB,2024_CK25,679.38,831.1749832005897
2024,Static Early Fusion HistGB,2024_CK26,831.42,740.6839052279875
2024,Static Early Fusion HistGB,2024_L111,540.85,1123.6770339144239
2024,Static Early Fusion HistGB,2024_L112,651.0,883.837692537563
2024,Static Early Fusion HistGB,2024_L113,250.0,936.0173558660875
2024,Static Early Fusion HistGB,2024_L121,683.65,803.7138529423731
2024,Static Early Fusion HistGB,2024_L122,361.5,773.0520666802656
2024,Static Early Fusion HistGB,2024_L123,270.32,909.3177856874233
2024,Static Early Fusion HistGB,2024_L211,379.3,622.1927475994546
2024,Static Early Fusion HistGB,2024_L212,229.15,436.59448645885925
2024,Static Early Fusion HistGB,2024_L213,55.0,910.9798578606453
2024,Static Early Fusion HistGB,2024_L214,881.25,613.612951687621
2024,Static Early Fusion HistGB,2024_L215,740.0,698.5745941238005
2024,Static Early Fusion HistGB,2024_L216,916.65,815.3911842183495
2024,Static Early Fusion HistGB,2024_L221,701.68,1335.2732542951778
2024,Static Early Fusion HistGB,2024_L222,712.8,834.5106502084611
2024,Static Early Fusion HistGB,2024_L223,773.48,1181.743168655708
2024,Static Early Fusion HistGB,2024_L224,524.3,947.3531707907593
2024,Static Early Fusion HistGB,2024_L225,561.0,595.8048973290623
2024,Static Early Fusion HistGB,2024_L226,687.125,1006.5044237411948
2024,Static Early Fusion HistGB,2024_L311,805.0,261.04623520800243
2024,Static Early Fusion HistGB,2024_L312,750.0,965.8426592595133
2024,Static Early Fusion HistGB,2024_L313,620.0,740.7256729285066
2024,Static Early Fusion HistGB,2024_L321,723.58,990.1802537912902
2024,Static Early Fusion HistGB,2024_L322,685.44,1073.655277917626
2024,Static Early Fusion HistGB,2024_L323,644.0,1085.8538149163935
2024,Static Early Fusion HistGB,2024_L411,810.9,1220.784231250027
2024,Static Early Fusion HistGB,2024_L412,150.0,1302.9869349163134
2024,Static Early Fusion HistGB,2024_L413,1062.5,671.9716492011994
2024,Static Early Fusion HistGB,2024_L421,920.64,1077.0949689764943
2024,Static Early Fusion HistGB,2024_L422,797.27,1201.0324832142476
2024,Static Early Fusion HistGB,2024_L423,759.69,883.5611803763713
2024,Static Early Fusion HistGB,2024_L511,150.0,1342.7675469854537
2024,Static Early Fusion HistGB,2024_L512,575.0,920.2280213467653
2024,Static Early Fusion HistGB,2024_L513,646.25,1059.7363730576092
2024,Static Early Fusion HistGB,2024_L514,825.0,817.1941127286076
2024,Static Early Fusion HistGB,2024_L515,102.5,483.3915538640927
2024,Static Early Fusion HistGB,2024_L516,252.5,618.2997141656401
2024,Static Early Fusion HistGB,2024_L521,143.1,1139.3499640702298
2024,Static Early Fusion HistGB,2024_L522,731.43,429.040070370395
2024,Static Early Fusion HistGB,2024_L523,692.16,570.4795659728142
2024,Static Early Fusion HistGB,2024_L524,283.125,844.5615381498635
2024,Static Early Fusion HistGB,2024_L525,738.1,736.156409853316
2024,Static Early Fusion HistGB,2024_L526,778.8,838.3984656083879
2024,Static Early Fusion HistGB,2024_L611,0.0,1342.7675469854537
2024,Static Early Fusion HistGB,2024_L612,0.0,1342.7675469854537
2024,Static Early Fusion HistGB,2024_L613,325.35,721.9246225983616
2024,Static Early Fusion HistGB,2024_L614,360.5,816.6749477259027
2024,Static Early Fusion HistGB,2024_L615,466.5,506.23727701437673
2024,Static Early Fusion HistGB,2024_L616,180.75,1210.6116134185838
2024,Static Early Fusion HistGB,2024_L621,0.0,915.6998339777448
2024,Static Early Fusion HistGB,2024_L622,267.75,803.2470873837935
2024,Static Early Fusion HistGB,2024_L623,482.16,943.4796253497774
2024,Static Early Fusion HistGB,2024_L624,565.25,371.1162007989424
2024,Static Early Fusion HistGB,2024_L625,563.76,918.8705937819877
2024,Static Early Fusion HistGB,2024_L626,1144.48,808.6609724669851
2024,Static Early Fusion HistGB,2024_R114,819.65,1145.0353456290245
2024,Static Early Fusion HistGB,2024_R115,648.75,966.0378260022621
2024,Static Early Fusion HistGB,2024_R116,553.35,856.7886675131091
2024,Static Early Fusion HistGB,2024_R124,523.6,923.6729553236294
2024,Static Early Fusion HistGB,2024_R125,784.08,699.2164722976364
2024,Static Early Fusion HistGB,2024_R126,653.1,1054.2558141293014
2024,Static Early Fusion HistGB,2024_R2110,491.25,653.8206953225014
2024,Static Early Fusion HistGB,2024_R2111,973.5,1344.2841164831075
2024,Static Early Fusion HistGB,2024_R2112,765.0,890.9365791736319
2024,Static Early Fusion HistGB,2024_R217,847.9,913.522611531781
2024,Static Early Fusion HistGB,2024_R218,390.85,1173.169370051906
2024,Static Early Fusion HistGB,2024_R219,125.4,1042.2007131634318
2024,Static Early Fusion HistGB,2024_R2210,322.16,1088.6292953521752
2024,Static Early Fusion HistGB,2024_R2211,620.36,746.26035216295
2024,Static Early Fusion HistGB,2024_R2212,649.35,934.549381084642
2024,Static Early Fusion HistGB,2024_R227,618.45,1294.7784575564685
2024,Static Early Fusion HistGB,2024_R228,462.77,725.2074050543539
2024,Static Early Fusion HistGB,2024_R229,476.055,1023.2829046747635
2024,Static Early Fusion HistGB,2024_R314,112.5,993.5730233344138
2024,Static Early Fusion HistGB,2024_R315,530.0,1347.9812259345692
2024,Static Early Fusion HistGB,2024_R316,366.65,635.8991054178056
2024,Static Early Fusion HistGB,2024_R324,373.8,862.452216864499
2024,Static Early Fusion HistGB,2024_R325,812.165,998.4053025553299
2024,Static Early Fusion HistGB,2024_R326,588.03,1309.067527943777
2024,Static Early Fusion HistGB,2024_R414,583.35,369.33117830924385
2024,Static Early Fusion HistGB,2024_R415,0.0,840.7100304245592
2024,Static Early Fusion HistGB,2024_R416,724.15,700.9315238228526
2024,Static Early Fusion HistGB,2024_R424,612.48,792.8723458216131
2024,Static Early Fusion HistGB,2024_R425,390.72,662.9244770655424
2024,Static Early Fusion HistGB,2024_R426,574.77,486.4151012726955
2024,Static Early Fusion HistGB,2024_R517,892.5,1014.7604478980375
2024,Static Early Fusion HistGB,2024_R518,393.75,606.4523059553713
2024,Static Early Fusion HistGB,2024_R519,565.0,793.2679957783447
2024,Static Early Fusion HistGB,2024_R527,487.49,1154.475387640714
2024,Static Early Fusion HistGB,2024_R528,926.52,912.231861290214
2024,Static Early Fusion HistGB,2024_R529,630.41,1021.7618358982944
2024,Static Early Fusion HistGB,2024_R617,1021.25,871.5080405840795
2024,Static Early Fusion HistGB,2024_R618,1031.25,979.4578609234308
2024,Static Early Fusion HistGB,2024_R619,75.0,564.6659674071027
2024,Static Early Fusion HistGB,2024_R627,613.97,662.2273921937621
2024,Static Early Fusion HistGB,2024_R628,469.8,927.9254787111392
2024,Static Early Fusion HistGB,2024_R629,710.08,933.4606886741319
2024,Trajectory Fusion ExtraTrees,2024_CK11,210.0,1086.0590200000022
2024,Trajectory Fusion ExtraTrees,2024_CK12,166.65,714.2666233333327
2024,Trajectory Fusion ExtraTrees,2024_CK13,175.0,704.2305999999998
2024,Trajectory Fusion ExtraTrees,2024_CK14,820.0,978.2432433333345
2024,Trajectory Fusion ExtraTrees,2024_CK15,464.25,953.1567166666681
2024,Trajectory Fusion ExtraTrees,2024_CK16,536.65,1078.0069800000003
2024,Trajectory Fusion ExtraTrees,2024_CK21,706.2,1084.4821533333336
2024,Trajectory Fusion ExtraTrees,2024_CK22,719.1,1222.6543366666683
2024,Trajectory Fusion ExtraTrees,2024_CK23,824.55,1008.2701633333334
2024,Trajectory Fusion ExtraTrees,2024_CK24,613.025,950.1489166666668
2024,Trajectory Fusion ExtraTrees,2024_CK25,679.38,856.7377533333339
2024,Trajectory Fusion ExtraTrees,2024_CK26,831.42,607.8516799999994
2024,Trajectory Fusion ExtraTrees,2024_L111,540.85,774.3228233333327
2024,Trajectory Fusion ExtraTrees,2024_L112,651.0,1004.4492633333339
2024,Trajectory Fusion ExtraTrees,2024_L113,250.0,947.7856200000018
2024,Trajectory Fusion ExtraTrees,2024_L121,683.65,1198.910666666667
2024,Trajectory Fusion ExtraTrees,2024_L122,361.5,761.6273166666668
2024,Trajectory Fusion ExtraTrees,2024_L123,270.32,609.3576733333331
2024,Trajectory Fusion ExtraTrees,2024_L211,379.3,758.774886666666
2024,Trajectory Fusion ExtraTrees,2024_L212,229.15,648.7034033333327
2024,Trajectory Fusion ExtraTrees,2024_L213,55.0,719.9248999999995
2024,Trajectory Fusion ExtraTrees,2024_L214,881.25,841.9800166666677
2024,Trajectory Fusion ExtraTrees,2024_L215,740.0,903.5245366666674
2024,Trajectory Fusion ExtraTrees,2024_L216,916.65,668.0686466666668
2024,Trajectory Fusion ExtraTrees,2024_L221,701.68,713.7499300000005
2024,Trajectory Fusion ExtraTrees,2024_L222,712.8,761.232889999999
2024,Trajectory Fusion ExtraTrees,2024_L223,773.48,1190.4433500000002
2024,Trajectory Fusion ExtraTrees,2024_L224,524.3,1002.5446200000001
2024,Trajectory Fusion ExtraTrees,2024_L225,561.0,1026.6666733333332
2024,Trajectory Fusion ExtraTrees,2024_L226,687.125,762.5587333333336
2024,Trajectory Fusion ExtraTrees,2024_L311,805.0,919.9153433333335
2024,Trajectory Fusion ExtraTrees,2024_L312,750.0,788.64943
2024,Trajectory Fusion ExtraTrees,2024_L313,620.0,764.1841999999997
2024,Trajectory Fusion ExtraTrees,2024_L321,723.58,908.2826666666667
2024,Trajectory Fusion ExtraTrees,2024_L322,685.44,969.9648966666684
2024,Trajectory Fusion ExtraTrees,2024_L323,644.0,1008.7952300000002
2024,Trajectory Fusion ExtraTrees,2024_L411,810.9,1190.6465933333325
2024,Trajectory Fusion ExtraTrees,2024_L412,150.0,1181.198970000002
2024,Trajectory Fusion ExtraTrees,2024_L413,1062.5,545.9408033333333
2024,Trajectory Fusion ExtraTrees,2024_L421,920.64,818.1427566666666
2024,Trajectory Fusion ExtraTrees,2024_L422,797.27,795.8353666666663
2024,Trajectory Fusion ExtraTrees,2024_L423,759.69,855.9788700000012
2024,Trajectory Fusion ExtraTrees,2024_L511,150.0,1200.3115699999998
2024,Trajectory Fusion ExtraTrees,2024_L512,575.0,682.5506933333337
2024,Trajectory Fusion ExtraTrees,2024_L513,646.25,770.90141
2024,Trajectory Fusion ExtraTrees,2024_L514,825.0,922.6443066666674
2024,Trajectory Fusion ExtraTrees,2024_L515,102.5,1037.6033466666672
2024,Trajectory Fusion ExtraTrees,2024_L516,252.5,925.9151133333352
2024,Trajectory Fusion ExtraTrees,2024_L521,143.1,1080.2383700000012
2024,Trajectory Fusion ExtraTrees,2024_L522,731.43,679.6872233333336
2024,Trajectory Fusion ExtraTrees,2024_L523,692.16,977.045416666667
2024,Trajectory Fusion ExtraTrees,2024_L524,283.125,727.1356166666658
2024,Trajectory Fusion ExtraTrees,2024_L525,738.1,1302.9051166666693
2024,Trajectory Fusion ExtraTrees,2024_L526,778.8,1220.5750900000025
2024,Trajectory Fusion ExtraTrees,2024_L611,0.0,1200.3115699999998
2024,Trajectory Fusion ExtraTrees,2024_L612,0.0,1200.3115699999998
2024,Trajectory Fusion ExtraTrees,2024_L613,325.35,941.7050866666676
2024,Trajectory Fusion ExtraTrees,2024_L614,360.5,767.6463466666665
2024,Trajectory Fusion ExtraTrees,2024_L615,466.5,759.2681966666667
2024,Trajectory Fusion ExtraTrees,2024_L616,180.75,1024.3173633333347
2024,Trajectory Fusion ExtraTrees,2024_L621,0.0,825.9350299999993
2024,Trajectory Fusion ExtraTrees,2024_L622,267.75,778.9734999999998
2024,Trajectory Fusion ExtraTrees,2024_L623,482.16,827.7060700000003
2024,Trajectory Fusion ExtraTrees,2024_L624,565.25,729.3523333333331
2024,Trajectory Fusion ExtraTrees,2024_L625,563.76,742.7548333333326
2024,Trajectory Fusion ExtraTrees,2024_L626,1144.48,983.6901100000005
2024,Trajectory Fusion ExtraTrees,2024_R114,819.65,836.9960533333335
2024,Trajectory Fusion ExtraTrees,2024_R115,648.75,1145.9710400000004
2024,Trajectory Fusion ExtraTrees,2024_R116,553.35,703.4392399999998
2024,Trajectory Fusion ExtraTrees,2024_R124,523.6,601.9877233333334
2024,Trajectory Fusion ExtraTrees,2024_R125,784.08,743.8483866666672
2024,Trajectory Fusion ExtraTrees,2024_R126,653.1,800.669073333334
2024,Trajectory Fusion ExtraTrees,2024_R2110,491.25,685.5917500000002
2024,Trajectory Fusion ExtraTrees,2024_R2111,973.5,710.5999166666666
2024,Trajectory Fusion ExtraTrees,2024_R2112,765.0,740.0066566666668
2024,Trajectory Fusion ExtraTrees,2024_R217,847.9,1053.5644233333355
2024,Trajectory Fusion ExtraTrees,2024_R218,390.85,1025.170396666667
2024,Trajectory Fusion ExtraTrees,2024_R219,125.4,1062.5719366666672
2024,Trajectory Fusion ExtraTrees,2024_R2210,322.16,791.3110333333328
2024,Trajectory Fusion ExtraTrees,2024_R2211,620.36,686.9338499999999
2024,Trajectory Fusion ExtraTrees,2024_R2212,649.35,746.9873433333335
2024,Trajectory Fusion ExtraTrees,2024_R227,618.45,1194.8685699999994
2024,Trajectory Fusion ExtraTrees,2024_R228,462.77,716.4989800000001
2024,Trajectory Fusion ExtraTrees,2024_R229,476.055,1131.9132900000006
2024,Trajectory Fusion ExtraTrees,2024_R314,112.5,838.3249533333333
2024,Trajectory Fusion ExtraTrees,2024_R315,530.0,948.5833800000013
2024,Trajectory Fusion ExtraTrees,2024_R316,366.65,962.0171966666671
2024,Trajectory Fusion ExtraTrees,2024_R324,373.8,908.7771700000017
2024,Trajectory Fusion ExtraTrees,2024_R325,812.165,822.178913333334
2024,Trajectory Fusion ExtraTrees,2024_R326,588.03,759.02204
2024,Trajectory Fusion ExtraTrees,2024_R414,583.35,617.941746666667
2024,Trajectory Fusion ExtraTrees,2024_R415,0.0,620.7721466666665
2024,Trajectory Fusion ExtraTrees,2024_R416,724.15,1113.61067
2024,Trajectory Fusion ExtraTrees,2024_R424,612.48,729.7807399999998
2024,Trajectory Fusion ExtraTrees,2024_R425,390.72,760.198453333333
2024,Trajectory Fusion ExtraTrees,2024_R426,574.77,704.8177799999997
2024,Trajectory Fusion ExtraTrees,2024_R517,892.5,1051.1832233333344
2024,Trajectory Fusion ExtraTrees,2024_R518,393.75,893.7386833333339
2024,Trajectory Fusion ExtraTrees,2024_R519,565.0,606.3705699999999
2024,Trajectory Fusion ExtraTrees,2024_R527,487.49,741.7103666666663
2024,Trajectory Fusion ExtraTrees,2024_R528,926.52,855.2037433333342
2024,Trajectory Fusion ExtraTrees,2024_R529,630.41,662.9634566666667
2024,Trajectory Fusion ExtraTrees,2024_R617,1021.25,724.1144499999999
2024,Trajectory Fusion ExtraTrees,2024_R618,1031.25,1074.2247366666688
2024,Trajectory Fusion ExtraTrees,2024_R619,75.0,687.7149533333331
2024,Trajectory Fusion ExtraTrees,2024_R627,613.97,893.4403166666666
2024,Trajectory Fusion ExtraTrees,2024_R628,469.8,716.9273600000001
2024,Trajectory Fusion ExtraTrees,2024_R629,710.08,674.8279866666664
2024,CMGT-DINO,2024_CK11,210.0,1183.5582801799708
2024,CMGT-DINO,2024_CK12,166.65,539.5036493893103
2024,CMGT-DINO,2024_CK13,175.0,809.2356877294935
2024,CMGT-DINO,2024_CK14,820.0,889.2135345339289
2024,CMGT-DINO,2024_CK15,464.25,764.4880774950868
2024,CMGT-DINO,2024_CK16,536.65,1046.6793668132107
2024,CMGT-DINO,2024_CK21,706.2,1049.79592177395
2024,CMGT-DINO,2024_CK22,719.1,988.3846224565168
2024,CMGT-DINO,2024_CK23,824.55,841.9507373944841
2024,CMGT-DINO,2024_CK24,613.025,1073.0017798637384
2024,CMGT-DINO,2024_CK25,679.38,1050.5482669060236
2024,CMGT-DINO,2024_CK26,831.42,734.53232886101
2024,CMGT-DINO,2024_L111,540.85,937.1459133063988
2024,CMGT-DINO,2024_L112,651.0,927.0602138975444
2024,CMGT-DINO,2024_L113,250.0,958.0239884050843
2024,CMGT-DINO,2024_L121,683.65,1121.0381835075443
2024,CMGT-DINO,2024_L122,361.5,804.0476095147951
2024,CMGT-DINO,2024_L123,270.32,658.579150457487
2024,CMGT-DINO,2024_L211,379.3,573.1302877832651
2024,CMGT-DINO,2024_L212,229.15,846.9563030945783
2024,CMGT-DINO,2024_L213,55.0,664.3614362790604
2024,CMGT-DINO,2024_L214,881.25,806.9558366850779
2024,CMGT-DINO,2024_L215,740.0,936.0315733943039
2024,CMGT-DINO,2024_L216,916.65,625.8610729925787
2024,CMGT-DINO,2024_L221,701.68,833.2724044296858
2024,CMGT-DINO,2024_L222,712.8,934.5969257835691
2024,CMGT-DINO,2024_L223,773.48,1245.1922364716754
2024,CMGT-DINO,2024_L224,524.3,982.575409301031
2024,CMGT-DINO,2024_L225,561.0,775.1021484092996
2024,CMGT-DINO,2024_L226,687.125,678.1614680909962
2024,CMGT-DINO,2024_L311,805.0,806.4744435426737
2024,CMGT-DINO,2024_L312,750.0,686.4369399425688
2024,CMGT-DINO,2024_L313,620.0,691.840872525676
2024,CMGT-DINO,2024_L321,723.58,834.0717551581608
2024,CMGT-DINO,2024_L322,685.44,913.2225977747687
2024,CMGT-DINO,2024_L323,644.0,868.5503350669392
2024,CMGT-DINO,2024_L411,810.9,1247.0206810142463
2024,CMGT-DINO,2024_L412,150.0,1020.124043145197
2024,CMGT-DINO,2024_L413,1062.5,556.1943658771858
2024,CMGT-DINO,2024_L421,920.64,794.4760417016212
2024,CMGT-DINO,2024_L422,797.27,1030.0566102228895
2024,CMGT-DINO,2024_L423,759.69,903.4803900409145
2024,CMGT-DINO,2024_L511,150.0,1218.2045915114413
2024,CMGT-DINO,2024_L512,575.0,907.6365321007208
2024,CMGT-DINO,2024_L513,646.25,748.4244425444626
2024,CMGT-DINO,2024_L514,825.0,864.0846878023269
2024,CMGT-DINO,2024_L515,102.5,899.9883702085556
2024,CMGT-DINO,2024_L516,252.5,1005.910521165951
2024,CMGT-DINO,2024_L521,143.1,1012.134960706411
2024,CMGT-DINO,2024_L522,731.43,679.0315869918852
2024,CMGT-DINO,2024_L523,692.16,839.194737339715
2024,CMGT-DINO,2024_L524,283.125,716.9522365086183
2024,CMGT-DINO,2024_L525,738.1,1227.3767438143304
2024,CMGT-DINO,2024_L526,778.8,1110.9670599770418
2024,CMGT-DINO,2024_L611,0.0,1218.2045915114413
2024,CMGT-DINO,2024_L612,0.0,1218.2045915114413
2024,CMGT-DINO,2024_L613,325.35,816.1586287594744
2024,CMGT-DINO,2024_L614,360.5,828.6929472773083
2024,CMGT-DINO,2024_L615,466.5,767.4644783653182
2024,CMGT-DINO,2024_L616,180.75,1204.555013752457
2024,CMGT-DINO,2024_L621,0.0,733.2234344479856
2024,CMGT-DINO,2024_L622,267.75,831.1843410179283
2024,CMGT-DINO,2024_L623,482.16,826.0069307392228
2024,CMGT-DINO,2024_L624,565.25,865.4463096120717
2024,CMGT-DINO,2024_L625,563.76,868.4310533910393
2024,CMGT-DINO,2024_L626,1144.48,820.858086061199
2024,CMGT-DINO,2024_R114,819.65,716.8621619060186
2024,CMGT-DINO,2024_R115,648.75,1201.3573017747328
2024,CMGT-DINO,2024_R116,553.35,696.5775744798912
2024,CMGT-DINO,2024_R124,523.6,778.6307492911997
2024,CMGT-DINO,2024_R125,784.08,849.9120888411164
2024,CMGT-DINO,2024_R126,653.1,655.9822513505128
2024,CMGT-DINO,2024_R2110,491.25,532.3487361424004
2024,CMGT-DINO,2024_R2111,973.5,914.7892403636149
2024,CMGT-DINO,2024_R2112,765.0,874.3503873181255
2024,CMGT-DINO,2024_R217,847.9,1082.9736080361868
2024,CMGT-DINO,2024_R218,390.85,1044.9847805091504
2024,CMGT-DINO,2024_R219,125.4,1083.6851288684695
2024,CMGT-DINO,2024_R2210,322.16,898.9618030622471
2024,CMGT-DINO,2024_R2211,620.36,673.2748938400249
2024,CMGT-DINO,2024_R2212,649.35,775.6573374138407
2024,CMGT-DINO,2024_R227,618.45,1236.583037840576
2024,CMGT-DINO,2024_R228,462.77,803.6021065563291
2024,CMGT-DINO,2024_R229,476.055,1121.2772257478598
2024,CMGT-DINO,2024_R314,112.5,794.3440161882368
2024,CMGT-DINO,2024_R315,530.0,958.339754907236
2024,CMGT-DINO,2024_R316,366.65,936.7092516096079
2024,CMGT-DINO,2024_R324,373.8,915.4923922525134
2024,CMGT-DINO,2024_R325,812.165,811.5452095054641
2024,CMGT-DINO,2024_R326,588.03,922.5462346083439
2024,CMGT-DINO,2024_R414,583.35,702.775071121314
2024,CMGT-DINO,2024_R415,0.0,674.7975303164998
2024,CMGT-DINO,2024_R416,724.15,1142.1701890027864
2024,CMGT-DINO,2024_R424,612.48,837.4846548140977
2024,CMGT-DINO,2024_R425,390.72,690.8356289659574
2024,CMGT-DINO,2024_R426,574.77,672.7425910527472
2024,CMGT-DINO,2024_R517,892.5,1057.5060231789387
2024,CMGT-DINO,2024_R518,393.75,797.1072854778595
2024,CMGT-DINO,2024_R519,565.0,708.5436438356192
2024,CMGT-DINO,2024_R527,487.49,814.9607386690811
2024,CMGT-DINO,2024_R528,926.52,887.9578523659795
2024,CMGT-DINO,2024_R529,630.41,763.5160181558658
2024,CMGT-DINO,2024_R617,1021.25,813.4465658793777
2024,CMGT-DINO,2024_R618,1031.25,922.0701089710608
2024,CMGT-DINO,2024_R619,75.0,749.7380501673799
2024,CMGT-DINO,2024_R627,613.97,790.6138672138306
2024,CMGT-DINO,2024_R628,469.8,797.7326356964577
2024,CMGT-DINO,2024_R629,710.08,769.2355125562631
2025,DINOv3 Static Image ExtraTrees,2025_CK11,420.0,861.6258926190465
2025,DINOv3 Static Image ExtraTrees,2025_CK12,333.3,861.6258926190465
2025,DINOv3 Static Image ExtraTrees,2025_CK13,350.0,861.6258926190465
2025,DINOv3 Static Image ExtraTrees,2025_CK21,1412.4,861.6258926190465
2025,DINOv3 Static Image ExtraTrees,2025_CK22,1438.2,861.6258926190465
2025,DINOv3 Static Image ExtraTrees,2025_CK23,1649.1,861.6258926190465
2025,DINOv3 Static Image ExtraTrees,2025_CK24,1226.05,635.1752432142883
2025,DINOv3 Static Image ExtraTrees,2025_CK25,1358.76,635.1752432142883
2025,DINOv3 Static Image ExtraTrees,2025_CK26,1662.84,635.1752432142883
2025,DINOv3 Static Image ExtraTrees,2025_L111,1081.7,786.4880035714293
2025,DINOv3 Static Image ExtraTrees,2025_L112,160.0,786.4880035714293
2025,DINOv3 Static Image ExtraTrees,2025_L113,0.0,786.4880035714293
2025,DINOv3 Static Image ExtraTrees,2025_L121,1367.3,786.4880035714293
2025,DINOv3 Static Image ExtraTrees,2025_L122,1323.0,786.4880035714293
2025,DINOv3 Static Image ExtraTrees,2025_L123,1340.64,786.4880035714293
2025,DINOv3 Static Image ExtraTrees,2025_L211,758.6,786.4880035714293
2025,DINOv3 Static Image ExtraTrees,2025_L212,458.3,786.4880035714293
2025,DINOv3 Static Image ExtraTrees,2025_L213,110.0,786.4880035714293
2025,DINOv3 Static Image ExtraTrees,2025_L214,562.5,660.9379582875476
2025,DINOv3 Static Image ExtraTrees,2025_L215,899.999999999999,660.9379582875476
2025,DINOv3 Static Image ExtraTrees,2025_L216,633.3,660.9379582875476
2025,DINOv3 Static Image ExtraTrees,2025_L221,1403.36,786.4880035714293
2025,DINOv3 Static Image ExtraTrees,2025_L222,1425.6,786.4880035714293
2025,DINOv3 Static Image ExtraTrees,2025_L223,1546.96,786.4880035714293
2025,DINOv3 Static Image ExtraTrees,2025_L224,1048.6,660.9379582875476
2025,DINOv3 Static Image ExtraTrees,2025_L225,1122.0,660.9379582875476
2025,DINOv3 Static Image ExtraTrees,2025_L226,1374.25,660.9379582875476
2025,DINOv3 Static Image ExtraTrees,2025_L311,410.0,660.9379582875476
2025,DINOv3 Static Image ExtraTrees,2025_L312,100.0,660.9379582875476
2025,DINOv3 Static Image ExtraTrees,2025_L313,840.0,660.9379582875476
2025,DINOv3 Static Image ExtraTrees,2025_L321,1447.16,660.9379582875476
2025,DINOv3 Static Image ExtraTrees,2025_L322,1370.88,660.9379582875476
2025,DINOv3 Static Image ExtraTrees,2025_L323,1288.0,660.9379582875476
2025,DINOv3 Static Image ExtraTrees,2025_L411,1621.8,861.6258926190465
2025,DINOv3 Static Image ExtraTrees,2025_L412,15.0,861.6258926190465
2025,DINOv3 Static Image ExtraTrees,2025_L413,2125.0,861.6258926190465
2025,DINOv3 Static Image ExtraTrees,2025_L421,1841.28,861.6258926190465
2025,DINOv3 Static Image ExtraTrees,2025_L422,1594.54,861.6258926190465
2025,DINOv3 Static Image ExtraTrees,2025_L423,1519.38,861.6258926190465
2025,DINOv3 Static Image ExtraTrees,2025_L511,300.0,893.8662575000026
2025,DINOv3 Static Image ExtraTrees,2025_L512,1150.0,893.8662575000026
2025,DINOv3 Static Image ExtraTrees,2025_L513,1292.5,893.8662575000026
2025,DINOv3 Static Image ExtraTrees,2025_L514,1650.0,845.3138625000014
2025,DINOv3 Static Image ExtraTrees,2025_L515,205.0,845.3138625000014
2025,DINOv3 Static Image ExtraTrees,2025_L516,105.0,845.3138625000014
2025,DINOv3 Static Image ExtraTrees,2025_L521,1286.2,893.8662575000026
2025,DINOv3 Static Image ExtraTrees,2025_L522,1462.86,893.8662575000026
2025,DINOv3 Static Image ExtraTrees,2025_L523,1384.32,893.8662575000026
2025,DINOv3 Static Image ExtraTrees,2025_L524,1566.25,845.3138625000014
2025,DINOv3 Static Image ExtraTrees,2025_L525,1476.2,845.3138625000014
2025,DINOv3 Static Image ExtraTrees,2025_L526,1557.6,845.3138625000014
2025,DINOv3 Static Image ExtraTrees,2025_L611,800.0,893.8662575000026
2025,DINOv3 Static Image ExtraTrees,2025_L612,666.6,893.8662575000026
2025,DINOv3 Static Image ExtraTrees,2025_L613,650.7,893.8662575000026
2025,DINOv3 Static Image ExtraTrees,2025_L614,721.0,845.3138625000014
2025,DINOv3 Static Image ExtraTrees,2025_L615,933.0,845.3138625000014
2025,DINOv3 Static Image ExtraTrees,2025_L616,37.5,845.3138625000014
2025,DINOv3 Static Image ExtraTrees,2025_L621,1220.4,893.8662575000026
2025,DINOv3 Static Image ExtraTrees,2025_L622,535.5,893.8662575000026
2025,DINOv3 Static Image ExtraTrees,2025_L623,964.32,893.8662575000026
2025,Phenotype-only ExtraTrees,2025_CK11,420.0,681.4446971428567
2025,Phenotype-only ExtraTrees,2025_CK12,333.3,654.1073726190464
2025,Phenotype-only ExtraTrees,2025_CK13,350.0,682.5081533333329
2025,Phenotype-only ExtraTrees,2025_CK21,1412.4,644.0467623809525
2025,Phenotype-only ExtraTrees,2025_CK22,1438.2,599.5542757142852
2025,Phenotype-only ExtraTrees,2025_CK23,1649.1,726.7933240476189
2025,Phenotype-only ExtraTrees,2025_CK24,1226.05,655.1502302380956
2025,Phenotype-only ExtraTrees,2025_CK25,1358.76,637.8488633333333
2025,Phenotype-only ExtraTrees,2025_CK26,1662.84,629.1069764285714
2025,Phenotype-only ExtraTrees,2025_L111,1081.7,654.2224783333324
2025,Phenotype-only ExtraTrees,2025_L112,160.0,680.0891916666666
2025,Phenotype-only ExtraTrees,2025_L113,0.0,601.349289999999
2025,Phenotype-only ExtraTrees,2025_L121,1367.3,644.1837054761902
2025,Phenotype-only ExtraTrees,2025_L122,1323.0,552.1551221428568
2025,Phenotype-only ExtraTrees,2025_L123,1340.64,620.959908333333
2025,Phenotype-only ExtraTrees,2025_L211,758.6,621.2385473809516
2025,Phenotype-only ExtraTrees,2025_L212,458.3,708.5807633333335
2025,Phenotype-only ExtraTrees,2025_L213,110.0,594.1318388095235
2025,Phenotype-only ExtraTrees,2025_L214,562.5,599.1450730952373
2025,Phenotype-only ExtraTrees,2025_L215,899.999999999999,558.9291564285702
2025,Phenotype-only ExtraTrees,2025_L216,633.3,579.7603849999998
2025,Phenotype-only ExtraTrees,2025_L221,1403.36,508.8986549999996
2025,Phenotype-only ExtraTrees,2025_L222,1425.6,560.9173866666667
2025,Phenotype-only ExtraTrees,2025_L223,1546.96,637.2272516666659
2025,Phenotype-only ExtraTrees,2025_L224,1048.6,670.0312783333328
2025,Phenotype-only ExtraTrees,2025_L225,1122.0,655.8600066666661
2025,Phenotype-only ExtraTrees,2025_L226,1374.25,625.3510590476182
2025,Phenotype-only ExtraTrees,2025_L311,410.0,527.0948757142851
2025,Phenotype-only ExtraTrees,2025_L312,100.0,636.8520311904757
2025,Phenotype-only ExtraTrees,2025_L313,840.0,646.5107116666665
2025,Phenotype-only ExtraTrees,2025_L321,1447.16,554.8325416666669
2025,Phenotype-only ExtraTrees,2025_L322,1370.88,567.8917733333329
2025,Phenotype-only ExtraTrees,2025_L323,1288.0,626.7036216666665
2025,Phenotype-only ExtraTrees,2025_L411,1621.8,646.6619102380944
2025,Phenotype-only ExtraTrees,2025_L412,15.0,594.526917142857
2025,Phenotype-only ExtraTrees,2025_L413,2125.0,640.8610740476187
2025,Phenotype-only ExtraTrees,2025_L421,1841.28,616.2008850000001
2025,Phenotype-only ExtraTrees,2025_L422,1594.54,565.2015933333328
2025,Phenotype-only ExtraTrees,2025_L423,1519.38,564.4326083333333
2025,Phenotype-only ExtraTrees,2025_L511,300.0,611.6810245238089
2025,Phenotype-only ExtraTrees,2025_L512,1150.0,661.557404761904
2025,Phenotype-only ExtraTrees,2025_L513,1292.5,618.6319004761903
2025,Phenotype-only ExtraTrees,2025_L514,1650.0,639.4807383333331
2025,Phenotype-only ExtraTrees,2025_L515,205.0,625.5745230952375
2025,Phenotype-only ExtraTrees,2025_L516,105.0,613.646802142856
2025,Phenotype-only ExtraTrees,2025_L521,1286.2,662.829902142857
2025,Phenotype-only ExtraTrees,2025_L522,1462.86,600.0743638095238
2025,Phenotype-only ExtraTrees,2025_L523,1384.32,621.4731516666662
2025,Phenotype-only ExtraTrees,2025_L524,1566.25,613.954568333333
2025,Phenotype-only ExtraTrees,2025_L525,1476.2,707.6544223809526
2025,Phenotype-only ExtraTrees,2025_L526,1557.6,606.9083088095235
2025,Phenotype-only ExtraTrees,2025_L611,800.0,602.3230885714279
2025,Phenotype-only ExtraTrees,2025_L612,666.6,667.9036726190476
2025,Phenotype-only ExtraTrees,2025_L613,650.7,604.6360292857139
2025,Phenotype-only ExtraTrees,2025_L614,721.0,618.5619171428564
2025,Phenotype-only ExtraTrees,2025_L615,933.0,641.8949404761898
2025,Phenotype-only ExtraTrees,2025_L616,37.5,655.4534407142847
2025,Phenotype-only ExtraTrees,2025_L621,1220.4,612.267918333333
2025,Phenotype-only ExtraTrees,2025_L622,535.5,597.4926599999998
2025,Phenotype-only ExtraTrees,2025_L623,964.32,537.5349616666662
2025,Environment-only ExtraTrees,2025_CK11,420.0,1060.4417948718049
2025,Environment-only ExtraTrees,2025_CK12,333.3,1060.4417948718049
2025,Environment-only ExtraTrees,2025_CK13,350.0,1060.4417948718049
2025,Environment-only ExtraTrees,2025_CK21,1412.4,1060.4417948718049
2025,Environment-only ExtraTrees,2025_CK22,1438.2,1060.4417948718049
2025,Environment-only ExtraTrees,2025_CK23,1649.1,1060.4417948718049
2025,Environment-only ExtraTrees,2025_CK24,1226.05,752.7952650712306
2025,Environment-only ExtraTrees,2025_CK25,1358.76,752.7952650712306
2025,Environment-only ExtraTrees,2025_CK26,1662.84,752.7952650712306
2025,Environment-only ExtraTrees,2025_L111,1081.7,1060.4417948718049
2025,Environment-only ExtraTrees,2025_L112,160.0,1060.4417948718049
2025,Environment-only ExtraTrees,2025_L113,0.0,1060.4417948718049
2025,Environment-only ExtraTrees,2025_L121,1367.3,1060.4417948718049
2025,Environment-only ExtraTrees,2025_L122,1323.0,1060.4417948718049
2025,Environment-only ExtraTrees,2025_L123,1340.64,1060.4417948718049
2025,Environment-only ExtraTrees,2025_L211,758.6,1060.4417948718049
2025,Environment-only ExtraTrees,2025_L212,458.3,1060.4417948718049
2025,Environment-only ExtraTrees,2025_L213,110.0,1060.4417948718049
2025,Environment-only ExtraTrees,2025_L214,562.5,1060.4417948718049
2025,Environment-only ExtraTrees,2025_L215,899.999999999999,1060.4417948718049
2025,Environment-only ExtraTrees,2025_L216,633.3,1060.4417948718049
2025,Environment-only ExtraTrees,2025_L221,1403.36,1060.4417948718049
2025,Environment-only ExtraTrees,2025_L222,1425.6,1060.4417948718049
2025,Environment-only ExtraTrees,2025_L223,1546.96,1060.4417948718049
2025,Environment-only ExtraTrees,2025_L224,1048.6,1060.4417948718049
2025,Environment-only ExtraTrees,2025_L225,1122.0,1060.4417948718049
2025,Environment-only ExtraTrees,2025_L226,1374.25,1060.4417948718049
2025,Environment-only ExtraTrees,2025_L311,410.0,1060.4417948718049
2025,Environment-only ExtraTrees,2025_L312,100.0,1060.4417948718049
2025,Environment-only ExtraTrees,2025_L313,840.0,1060.4417948718049
2025,Environment-only ExtraTrees,2025_L321,1447.16,1060.4417948718049
2025,Environment-only ExtraTrees,2025_L322,1370.88,1060.4417948718049
2025,Environment-only ExtraTrees,2025_L323,1288.0,1060.4417948718049
2025,Environment-only ExtraTrees,2025_L411,1621.8,1060.4417948718049
2025,Environment-only ExtraTrees,2025_L412,15.0,1060.4417948718049
2025,Environment-only ExtraTrees,2025_L413,2125.0,1060.4417948718049
2025,Environment-only ExtraTrees,2025_L421,1841.28,1060.4417948718049
2025,Environment-only ExtraTrees,2025_L422,1594.54,1060.4417948718049
2025,Environment-only ExtraTrees,2025_L423,1519.38,1060.4417948718049
2025,Environment-only ExtraTrees,2025_L511,300.0,1060.4417948718049
2025,Environment-only ExtraTrees,2025_L512,1150.0,1060.4417948718049
2025,Environment-only ExtraTrees,2025_L513,1292.5,1060.4417948718049
2025,Environment-only ExtraTrees,2025_L514,1650.0,1060.4417948718049
2025,Environment-only ExtraTrees,2025_L515,205.0,1060.4417948718049
2025,Environment-only ExtraTrees,2025_L516,105.0,1060.4417948718049
2025,Environment-only ExtraTrees,2025_L521,1286.2,1060.4417948718049
2025,Environment-only ExtraTrees,2025_L522,1462.86,1060.4417948718049
2025,Environment-only ExtraTrees,2025_L523,1384.32,1060.4417948718049
2025,Environment-only ExtraTrees,2025_L524,1566.25,1060.4417948718049
2025,Environment-only ExtraTrees,2025_L525,1476.2,1060.4417948718049
2025,Environment-only ExtraTrees,2025_L526,1557.6,1060.4417948718049
2025,Environment-only ExtraTrees,2025_L611,800.0,1060.4417948718049
2025,Environment-only ExtraTrees,2025_L612,666.6,1060.4417948718049
2025,Environment-only ExtraTrees,2025_L613,650.7,1060.4417948718049
2025,Environment-only ExtraTrees,2025_L614,721.0,1060.4417948718049
2025,Environment-only ExtraTrees,2025_L615,933.0,1060.4417948718049
2025,Environment-only ExtraTrees,2025_L616,37.5,1060.4417948718049
2025,Environment-only ExtraTrees,2025_L621,1220.4,1060.4417948718049
2025,Environment-only ExtraTrees,2025_L622,535.5,1060.4417948718049
2025,Environment-only ExtraTrees,2025_L623,964.32,1060.4417948718049
2025,Static Early Fusion ExtraTrees,2025_CK11,420.0,980.277831666667
2025,Static Early Fusion ExtraTrees,2025_CK12,333.3,979.7796050000004
2025,Static Early Fusion ExtraTrees,2025_CK13,350.0,984.9814850000009
2025,Static Early Fusion ExtraTrees,2025_CK21,1412.4,982.2366116666673
2025,Static Early Fusion ExtraTrees,2025_CK22,1438.2,990.4711316666675
2025,Static Early Fusion ExtraTrees,2025_CK23,1649.1,993.5095983333335
2025,Static Early Fusion ExtraTrees,2025_CK24,1226.05,689.2768975000008
2025,Static Early Fusion ExtraTrees,2025_CK25,1358.76,700.4367208333337
2025,Static Early Fusion ExtraTrees,2025_CK26,1662.84,684.1181158333342
2025,Static Early Fusion ExtraTrees,2025_L111,1081.7,960.921565
2025,Static Early Fusion ExtraTrees,2025_L112,160.0,963.3796116666664
2025,Static Early Fusion ExtraTrees,2025_L113,0.0,952.695778333333
2025,Static Early Fusion ExtraTrees,2025_L121,1367.3,945.5042883333331
2025,Static Early Fusion ExtraTrees,2025_L122,1323.0,953.7140666666666
2025,Static Early Fusion ExtraTrees,2025_L123,1340.64,957.3300083333334
2025,Static Early Fusion ExtraTrees,2025_L211,758.6,940.7857333333326
2025,Static Early Fusion ExtraTrees,2025_L212,458.3,946.2390066666659
2025,Static Early Fusion ExtraTrees,2025_L213,110.0,950.1576066666664
2025,Static Early Fusion ExtraTrees,2025_L214,562.5,986.9918099999992
2025,Static Early Fusion ExtraTrees,2025_L215,899.999999999999,983.6595816666658
2025,Static Early Fusion ExtraTrees,2025_L216,633.3,982.6422516666657
2025,Static Early Fusion ExtraTrees,2025_L221,1403.36,941.3041966666658
2025,Static Early Fusion ExtraTrees,2025_L222,1425.6,942.2902233333334
2025,Static Early Fusion ExtraTrees,2025_L223,1546.96,959.1032449999996
2025,Static Early Fusion ExtraTrees,2025_L224,1048.6,1011.7134433333331
2025,Static Early Fusion ExtraTrees,2025_L225,1122.0,988.184585
2025,Static Early Fusion ExtraTrees,2025_L226,1374.25,994.034421666666
2025,Static Early Fusion ExtraTrees,2025_L311,410.0,978.3374866666662
2025,Static Early Fusion ExtraTrees,2025_L312,100.0,989.4099499999992
2025,Static Early Fusion ExtraTrees,2025_L313,840.0,984.8405766666658
2025,Static Early Fusion ExtraTrees,2025_L321,1447.16,1004.5251516666651
2025,Static Early Fusion ExtraTrees,2025_L322,1370.88,992.9774116666661
2025,Static Early Fusion ExtraTrees,2025_L323,1288.0,990.1138866666658
2025,Static Early Fusion ExtraTrees,2025_L411,1621.8,981.4176183333336
2025,Static Early Fusion ExtraTrees,2025_L412,15.0,948.8766350000003
2025,Static Early Fusion ExtraTrees,2025_L413,2125.0,977.283545000001
2025,Static Early Fusion ExtraTrees,2025_L421,1841.28,968.9429866666677
2025,Static Early Fusion ExtraTrees,2025_L422,1594.54,974.6000316666673
2025,Static Early Fusion ExtraTrees,2025_L423,1519.38,972.7556283333333
2025,Static Early Fusion ExtraTrees,2025_L511,300.0,1026.8987899999977
2025,Static Early Fusion ExtraTrees,2025_L512,1150.0,1027.1679133333328
2025,Static Early Fusion ExtraTrees,2025_L513,1292.5,1030.628138333332
2025,Static Early Fusion ExtraTrees,2025_L514,1650.0,983.5530283333313
2025,Static Early Fusion ExtraTrees,2025_L515,205.0,976.3328933333321
2025,Static Early Fusion ExtraTrees,2025_L516,105.0,985.0962549999986
2025,Static Early Fusion ExtraTrees,2025_L521,1286.2,1036.2947716666658
2025,Static Early Fusion ExtraTrees,2025_L522,1462.86,1021.6939899999986
2025,Static Early Fusion ExtraTrees,2025_L523,1384.32,1026.5502049999996
2025,Static Early Fusion ExtraTrees,2025_L524,1566.25,984.8743049999982
2025,Static Early Fusion ExtraTrees,2025_L525,1476.2,990.5520083333319
2025,Static Early Fusion ExtraTrees,2025_L526,1557.6,982.1276099999977
2025,Static Early Fusion ExtraTrees,2025_L611,800.0,1021.2338233333313
2025,Static Early Fusion ExtraTrees,2025_L612,666.6,1035.0311499999978
2025,Static Early Fusion ExtraTrees,2025_L613,650.7,1022.7210083333322
2025,Static Early Fusion ExtraTrees,2025_L614,721.0,988.3526349999985
2025,Static Early Fusion ExtraTrees,2025_L615,933.0,968.6042233333318
2025,Static Early Fusion ExtraTrees,2025_L616,37.5,978.4663799999988
2025,Static Early Fusion ExtraTrees,2025_L621,1220.4,1030.5461183333316
2025,Static Early Fusion ExtraTrees,2025_L622,535.5,1021.2759799999991
2025,Static Early Fusion ExtraTrees,2025_L623,964.32,1009.5184733333324
2025,Static Early Fusion XGBoost,2025_CK11,420.0,926.9172973632812
2025,Static Early Fusion XGBoost,2025_CK12,333.3,968.69091796875
2025,Static Early Fusion XGBoost,2025_CK13,350.0,942.1559448242188
2025,Static Early Fusion XGBoost,2025_CK21,1412.4,955.2420654296875
2025,Static Early Fusion XGBoost,2025_CK22,1438.2,862.4830322265625
2025,Static Early Fusion XGBoost,2025_CK23,1649.1,1001.4938354492188
2025,Static Early Fusion XGBoost,2025_CK24,1226.05,578.53955078125
2025,Static Early Fusion XGBoost,2025_CK25,1358.76,593.1205444335938
2025,Static Early Fusion XGBoost,2025_CK26,1662.84,579.6796875
2025,Static Early Fusion XGBoost,2025_L111,1081.7,737.3518676757812
2025,Static Early Fusion XGBoost,2025_L112,160.0,848.8170166015625
2025,Static Early Fusion XGBoost,2025_L113,0.0,699.7922973632812
2025,Static Early Fusion XGBoost,2025_L121,1367.3,782.6876831054688
2025,Static Early Fusion XGBoost,2025_L122,1323.0,637.9554443359375
2025,Static Early Fusion XGBoost,2025_L123,1340.64,756.3622436523438
2025,Static Early Fusion XGBoost,2025_L211,758.6,778.5208129882812
2025,Static Early Fusion XGBoost,2025_L212,458.3,929.3861083984375
2025,Static Early Fusion XGBoost,2025_L213,110.0,709.5996704101562
2025,Static Early Fusion XGBoost,2025_L214,562.5,817.3485717773438
2025,Static Early Fusion XGBoost,2025_L215,899.999999999999,640.6188354492188
2025,Static Early Fusion XGBoost,2025_L216,633.3,791.4345703125
2025,Static Early Fusion XGBoost,2025_L221,1403.36,622.6464233398438
2025,Static Early Fusion XGBoost,2025_L222,1425.6,693.99853515625
2025,Static Early Fusion XGBoost,2025_L223,1546.96,798.7539672851562
2025,Static Early Fusion XGBoost,2025_L224,1048.6,815.3134155273438
2025,Static Early Fusion XGBoost,2025_L225,1122.0,782.1696166992188
2025,Static Early Fusion XGBoost,2025_L226,1374.25,777.4014892578125
2025,Static Early Fusion XGBoost,2025_L311,410.0,698.7020263671875
2025,Static Early Fusion XGBoost,2025_L312,100.0,833.78173828125
2025,Static Early Fusion XGBoost,2025_L313,840.0,831.1074829101562
2025,Static Early Fusion XGBoost,2025_L321,1447.16,789.4628295898438
2025,Static Early Fusion XGBoost,2025_L322,1370.88,764.7634887695312
2025,Static Early Fusion XGBoost,2025_L323,1288.0,722.8477172851562
2025,Static Early Fusion XGBoost,2025_L411,1621.8,970.6532592773438
2025,Static Early Fusion XGBoost,2025_L412,15.0,872.0934448242188
2025,Static Early Fusion XGBoost,2025_L413,2125.0,998.6526489257812
2025,Static Early Fusion XGBoost,2025_L421,1841.28,898.9790649414062
2025,Static Early Fusion XGBoost,2025_L422,1594.54,906.482421875
2025,Static Early Fusion XGBoost,2025_L423,1519.38,867.582763671875
2025,Static Early Fusion XGBoost,2025_L511,300.0,773.362548828125
2025,Static Early Fusion XGBoost,2025_L512,1150.0,725.4412231445312
2025,Static Early Fusion XGBoost,2025_L513,1292.5,786.1616821289062
2025,Static Early Fusion XGBoost,2025_L514,1650.0,768.842529296875
2025,Static Early Fusion XGBoost,2025_L515,205.0,791.7479248046875
2025,Static Early Fusion XGBoost,2025_L516,105.0,777.217041015625
2025,Static Early Fusion XGBoost,2025_L521,1286.2,723.982421875
2025,Static Early Fusion XGBoost,2025_L522,1462.86,737.8571166992188
2025,Static Early Fusion XGBoost,2025_L523,1384.32,643.23193359375
2025,Static Early Fusion XGBoost,2025_L524,1566.25,727.20703125
2025,Static Early Fusion XGBoost,2025_L525,1476.2,853.4327392578125
2025,Static Early Fusion XGBoost,2025_L526,1557.6,722.7772827148438
2025,Static Early Fusion XGBoost,2025_L611,800.0,713.7921142578125
2025,Static Early Fusion XGBoost,2025_L612,666.6,873.495361328125
2025,Static Early Fusion XGBoost,2025_L613,650.7,721.1865844726562
2025,Static Early Fusion XGBoost,2025_L614,721.0,730.6126708984375
2025,Static Early Fusion XGBoost,2025_L615,933.0,702.4781494140625
2025,Static Early Fusion XGBoost,2025_L616,37.5,803.6182250976562
2025,Static Early Fusion XGBoost,2025_L621,1220.4,811.10986328125
2025,Static Early Fusion XGBoost,2025_L622,535.5,645.6321411132812
2025,Static Early Fusion XGBoost,2025_L623,964.32,677.3377685546875
2025,Static Early Fusion CatBoost,2025_CK11,420.0,798.7544958056142
2025,Static Early Fusion CatBoost,2025_CK12,333.3,801.7604367168182
2025,Static Early Fusion CatBoost,2025_CK13,350.0,756.7466896398898
2025,Static Early Fusion CatBoost,2025_CK21,1412.4,841.0045409659551
2025,Static Early Fusion CatBoost,2025_CK22,1438.2,743.8331925650409
2025,Static Early Fusion CatBoost,2025_CK23,1649.1,817.5591220127075
2025,Static Early Fusion CatBoost,2025_CK24,1226.05,623.6781208796178
2025,Static Early Fusion CatBoost,2025_CK25,1358.76,598.2150028278829
2025,Static Early Fusion CatBoost,2025_CK26,1662.84,554.1841850662857
2025,Static Early Fusion CatBoost,2025_L111,1081.7,699.2905779900773
2025,Static Early Fusion CatBoost,2025_L112,160.0,777.1595329449996
2025,Static Early Fusion CatBoost,2025_L113,0.0,743.0055720913552
2025,Static Early Fusion CatBoost,2025_L121,1367.3,680.5153871677036
2025,Static Early Fusion CatBoost,2025_L122,1323.0,696.942085025606
2025,Static Early Fusion CatBoost,2025_L123,1340.64,720.3199648253614
2025,Static Early Fusion CatBoost,2025_L211,758.6,767.5696485332716
2025,Static Early Fusion CatBoost,2025_L212,458.3,801.1922895407544
2025,Static Early Fusion CatBoost,2025_L213,110.0,727.042000208678
2025,Static Early Fusion CatBoost,2025_L214,562.5,763.5973651800222
2025,Static Early Fusion CatBoost,2025_L215,899.999999999999,688.1222484520742
2025,Static Early Fusion CatBoost,2025_L216,633.3,718.3207135566543
2025,Static Early Fusion CatBoost,2025_L221,1403.36,669.5368098670499
2025,Static Early Fusion CatBoost,2025_L222,1425.6,709.949036226614
2025,Static Early Fusion CatBoost,2025_L223,1546.96,754.3746444077403
2025,Static Early Fusion CatBoost,2025_L224,1048.6,702.6305014908484
2025,Static Early Fusion CatBoost,2025_L225,1122.0,774.1985677868154
2025,Static Early Fusion CatBoost,2025_L226,1374.25,776.8912173597096
2025,Static Early Fusion CatBoost,2025_L311,410.0,642.1975263640962
2025,Static Early Fusion CatBoost,2025_L312,100.0,737.7703287174087
2025,Static Early Fusion CatBoost,2025_L313,840.0,756.4342629277603
2025,Static Early Fusion CatBoost,2025_L321,1447.16,741.8823414199105
2025,Static Early Fusion CatBoost,2025_L322,1370.88,732.8009725183549
2025,Static Early Fusion CatBoost,2025_L323,1288.0,686.0034058707669
2025,Static Early Fusion CatBoost,2025_L411,1621.8,861.6013407254205
2025,Static Early Fusion CatBoost,2025_L412,15.0,623.0372636489453
2025,Static Early Fusion CatBoost,2025_L413,2125.0,807.8674552066342
2025,Static Early Fusion CatBoost,2025_L421,1841.28,815.8542959973555
2025,Static Early Fusion CatBoost,2025_L422,1594.54,818.5987386262293
2025,Static Early Fusion CatBoost,2025_L423,1519.38,772.7400305911264
2025,Static Early Fusion CatBoost,2025_L511,300.0,745.7663706664304
2025,Static Early Fusion CatBoost,2025_L512,1150.0,727.1198272141166
2025,Static Early Fusion CatBoost,2025_L513,1292.5,770.4753863544561
2025,Static Early Fusion CatBoost,2025_L514,1650.0,757.2329295842723
2025,Static Early Fusion CatBoost,2025_L515,205.0,705.08476544719
2025,Static Early Fusion CatBoost,2025_L516,105.0,718.2379323225073
2025,Static Early Fusion CatBoost,2025_L521,1286.2,714.6576152929033
2025,Static Early Fusion CatBoost,2025_L522,1462.86,751.7131110111063
2025,Static Early Fusion CatBoost,2025_L523,1384.32,690.6978803748087
2025,Static Early Fusion CatBoost,2025_L524,1566.25,726.4107668066686
2025,Static Early Fusion CatBoost,2025_L525,1476.2,767.2619551465327
2025,Static Early Fusion CatBoost,2025_L526,1557.6,734.7739920415722
2025,Static Early Fusion CatBoost,2025_L611,800.0,762.5123930731992
2025,Static Early Fusion CatBoost,2025_L612,666.6,846.3395418357533
2025,Static Early Fusion CatBoost,2025_L613,650.7,687.8688370333712
2025,Static Early Fusion CatBoost,2025_L614,721.0,717.1885285048347
2025,Static Early Fusion CatBoost,2025_L615,933.0,723.2313286763228
2025,Static Early Fusion CatBoost,2025_L616,37.5,735.950352009684
2025,Static Early Fusion CatBoost,2025_L621,1220.4,747.4539317401867
2025,Static Early Fusion CatBoost,2025_L622,535.5,676.8720216161859
2025,Static Early Fusion CatBoost,2025_L623,964.32,705.4681809641679
2025,Static Early Fusion HistGB,2025_CK11,420.0,1012.4761271867395
2025,Static Early Fusion HistGB,2025_CK12,333.3,983.4240800910111
2025,Static Early Fusion HistGB,2025_CK13,350.0,1026.1939100685433
2025,Static Early Fusion HistGB,2025_CK21,1412.4,1059.6432727950184
2025,Static Early Fusion HistGB,2025_CK22,1438.2,1033.1651014168922
2025,Static Early Fusion HistGB,2025_CK23,1649.1,1074.581438378983
2025,Static Early Fusion HistGB,2025_CK24,1226.05,497.679725731475
2025,Static Early Fusion HistGB,2025_CK25,1358.76,610.496891691632
2025,Static Early Fusion HistGB,2025_CK26,1662.84,530.6984404549011
2025,Static Early Fusion HistGB,2025_L111,1081.7,574.1823770801747
2025,Static Early Fusion HistGB,2025_L112,160.0,696.4132636838353
2025,Static Early Fusion HistGB,2025_L113,0.0,536.252041431816
2025,Static Early Fusion HistGB,2025_L121,1367.3,768.1767892269555
2025,Static Early Fusion HistGB,2025_L122,1323.0,509.9984909306458
2025,Static Early Fusion HistGB,2025_L123,1340.64,600.7981598373444
2025,Static Early Fusion HistGB,2025_L211,758.6,504.44567263856425
2025,Static Early Fusion HistGB,2025_L212,458.3,785.5497645940708
2025,Static Early Fusion HistGB,2025_L213,110.0,495.8234066578896
2025,Static Early Fusion HistGB,2025_L214,562.5,709.8283137773619
2025,Static Early Fusion HistGB,2025_L215,899.999999999999,626.5893642458336
2025,Static Early Fusion HistGB,2025_L216,633.3,625.2873037646445
2025,Static Early Fusion HistGB,2025_L221,1403.36,454.7071405146378
2025,Static Early Fusion HistGB,2025_L222,1425.6,592.8129806403213
2025,Static Early Fusion HistGB,2025_L223,1546.96,819.3877572914959
2025,Static Early Fusion HistGB,2025_L224,1048.6,786.8325283689503
2025,Static Early Fusion HistGB,2025_L225,1122.0,616.1115979228541
2025,Static Early Fusion HistGB,2025_L226,1374.25,506.41193954351996
2025,Static Early Fusion HistGB,2025_L311,410.0,526.3151110944532
2025,Static Early Fusion HistGB,2025_L312,100.0,686.984912700458
2025,Static Early Fusion HistGB,2025_L313,840.0,711.9934178829751
2025,Static Early Fusion HistGB,2025_L321,1447.16,514.7362434920627
2025,Static Early Fusion HistGB,2025_L322,1370.88,644.038299590267
2025,Static Early Fusion HistGB,2025_L323,1288.0,610.0484450583945
2025,Static Early Fusion HistGB,2025_L411,1621.8,994.9609355781703
2025,Static Early Fusion HistGB,2025_L412,15.0,997.4620803712805
2025,Static Early Fusion HistGB,2025_L413,2125.0,1053.6170696078698
2025,Static Early Fusion HistGB,2025_L421,1841.28,1028.370530058517
2025,Static Early Fusion HistGB,2025_L422,1594.54,1046.0236262371825
2025,Static Early Fusion HistGB,2025_L423,1519.38,965.5639970358856
2025,Static Early Fusion HistGB,2025_L511,300.0,670.6665894677984
2025,Static Early Fusion HistGB,2025_L512,1150.0,586.6174807143274
2025,Static Early Fusion HistGB,2025_L513,1292.5,748.207086942159
2025,Static Early Fusion HistGB,2025_L514,1650.0,593.7686088106427
2025,Static Early Fusion HistGB,2025_L515,205.0,643.8528635879744
2025,Static Early Fusion HistGB,2025_L516,105.0,750.1674255841194
2025,Static Early Fusion HistGB,2025_L521,1286.2,692.4484095403943
2025,Static Early Fusion HistGB,2025_L522,1462.86,701.0688715352512
2025,Static Early Fusion HistGB,2025_L523,1384.32,454.6707671983996
2025,Static Early Fusion HistGB,2025_L524,1566.25,648.8312351633356
2025,Static Early Fusion HistGB,2025_L525,1476.2,816.2141535524175
2025,Static Early Fusion HistGB,2025_L526,1557.6,695.4369397307829
2025,Static Early Fusion HistGB,2025_L611,800.0,542.2587282789099
2025,Static Early Fusion HistGB,2025_L612,666.6,769.0997734735906
2025,Static Early Fusion HistGB,2025_L613,650.7,456.7625312684758
2025,Static Early Fusion HistGB,2025_L614,721.0,645.9513708299335
2025,Static Early Fusion HistGB,2025_L615,933.0,535.0884589256135
2025,Static Early Fusion HistGB,2025_L616,37.5,654.9118082229248
2025,Static Early Fusion HistGB,2025_L621,1220.4,694.0459632945075
2025,Static Early Fusion HistGB,2025_L622,535.5,642.507010954926
2025,Static Early Fusion HistGB,2025_L623,964.32,618.2766855712765
2025,Trajectory Fusion ExtraTrees,2025_CK11,420.0,725.8077966666663
2025,Trajectory Fusion ExtraTrees,2025_CK12,333.3,706.4535899999996
2025,Trajectory Fusion ExtraTrees,2025_CK13,350.0,715.3875699999994
2025,Trajectory Fusion ExtraTrees,2025_CK21,1412.4,729.0017399999992
2025,Trajectory Fusion ExtraTrees,2025_CK22,1438.2,727.1613283333326
2025,Trajectory Fusion ExtraTrees,2025_CK23,1649.1,716.4278699999988
2025,Trajectory Fusion ExtraTrees,2025_CK24,1226.05,561.5963816666663
2025,Trajectory Fusion ExtraTrees,2025_CK25,1358.76,574.9575166666666
2025,Trajectory Fusion ExtraTrees,2025_CK26,1662.84,581.2526716666667
2025,Trajectory Fusion ExtraTrees,2025_L111,1081.7,740.8134849999992
2025,Trajectory Fusion ExtraTrees,2025_L112,160.0,724.7984049999982
2025,Trajectory Fusion ExtraTrees,2025_L113,0.0,744.0760216666675
2025,Trajectory Fusion ExtraTrees,2025_L121,1367.3,758.3661516666648
2025,Trajectory Fusion ExtraTrees,2025_L122,1323.0,764.8020949999996
2025,Trajectory Fusion ExtraTrees,2025_L123,1340.64,754.4383533333323
2025,Trajectory Fusion ExtraTrees,2025_L211,758.6,725.8488649999993
2025,Trajectory Fusion ExtraTrees,2025_L212,458.3,746.0379566666647
2025,Trajectory Fusion ExtraTrees,2025_L213,110.0,718.988089999999
2025,Trajectory Fusion ExtraTrees,2025_L214,562.5,749.5098983333332
2025,Trajectory Fusion ExtraTrees,2025_L215,899.999999999999,760.4872716666658
2025,Trajectory Fusion ExtraTrees,2025_L216,633.3,726.9713116666663
2025,Trajectory Fusion ExtraTrees,2025_L221,1403.36,732.892075
2025,Trajectory Fusion ExtraTrees,2025_L222,1425.6,749.962269999999
2025,Trajectory Fusion ExtraTrees,2025_L223,1546.96,738.8347616666653
2025,Trajectory Fusion ExtraTrees,2025_L224,1048.6,731.9349949999989
2025,Trajectory Fusion ExtraTrees,2025_L225,1122.0,734.8605749999988
2025,Trajectory Fusion ExtraTrees,2025_L226,1374.25,753.5364149999991
2025,Trajectory Fusion ExtraTrees,2025_L311,410.0,715.8677566666656
2025,Trajectory Fusion ExtraTrees,2025_L312,100.0,748.5077783333326
2025,Trajectory Fusion ExtraTrees,2025_L313,840.0,759.2164366666658
2025,Trajectory Fusion ExtraTrees,2025_L321,1447.16,748.7052216666663
2025,Trajectory Fusion ExtraTrees,2025_L322,1370.88,744.4239866666655
2025,Trajectory Fusion ExtraTrees,2025_L323,1288.0,734.3320349999996
2025,Trajectory Fusion ExtraTrees,2025_L411,1621.8,716.7644599999993
2025,Trajectory Fusion ExtraTrees,2025_L412,15.0,688.4932866666662
2025,Trajectory Fusion ExtraTrees,2025_L413,2125.0,741.2811166666662
2025,Trajectory Fusion ExtraTrees,2025_L421,1841.28,719.5540183333326
2025,Trajectory Fusion ExtraTrees,2025_L422,1594.54,698.0766599999992
2025,Trajectory Fusion ExtraTrees,2025_L423,1519.38,742.6516866666665
2025,Trajectory Fusion ExtraTrees,2025_L511,300.0,772.1882816666662
2025,Trajectory Fusion ExtraTrees,2025_L512,1150.0,762.5181666666665
2025,Trajectory Fusion ExtraTrees,2025_L513,1292.5,750.1292666666661
2025,Trajectory Fusion ExtraTrees,2025_L514,1650.0,744.8737583333326
2025,Trajectory Fusion ExtraTrees,2025_L515,205.0,740.9127433333331
2025,Trajectory Fusion ExtraTrees,2025_L516,105.0,721.2370533333335
2025,Trajectory Fusion ExtraTrees,2025_L521,1286.2,781.8150033333332
2025,Trajectory Fusion ExtraTrees,2025_L522,1462.86,755.4425933333334
2025,Trajectory Fusion ExtraTrees,2025_L523,1384.32,777.5007466666667
2025,Trajectory Fusion ExtraTrees,2025_L524,1566.25,746.167796666666
2025,Trajectory Fusion ExtraTrees,2025_L525,1476.2,710.0978016666653
2025,Trajectory Fusion ExtraTrees,2025_L526,1557.6,697.4919549999994
2025,Trajectory Fusion ExtraTrees,2025_L611,800.0,746.1310383333332
2025,Trajectory Fusion ExtraTrees,2025_L612,666.6,783.0712449999991
2025,Trajectory Fusion ExtraTrees,2025_L613,650.7,764.6242016666674
2025,Trajectory Fusion ExtraTrees,2025_L614,721.0,721.2921633333333
2025,Trajectory Fusion ExtraTrees,2025_L615,933.0,727.7446933333329
2025,Trajectory Fusion ExtraTrees,2025_L616,37.5,716.9830816666661
2025,Trajectory Fusion ExtraTrees,2025_L621,1220.4,751.8112949999997
2025,Trajectory Fusion ExtraTrees,2025_L622,535.5,740.4034033333326
2025,Trajectory Fusion ExtraTrees,2025_L623,964.32,756.7001549999995
2025,CMGT-DINO,2025_CK11,420.0,682.2760393764108
2025,CMGT-DINO,2025_CK12,333.3,633.8273360376382
2025,CMGT-DINO,2025_CK13,350.0,674.172066018364
2025,CMGT-DINO,2025_CK21,1412.4,674.5314647728446
2025,CMGT-DINO,2025_CK22,1438.2,648.3996514124393
2025,CMGT-DINO,2025_CK23,1649.1,689.5099437894906
2025,CMGT-DINO,2025_CK24,1226.05,463.811108707372
2025,CMGT-DINO,2025_CK25,1358.76,496.1915543385883
2025,CMGT-DINO,2025_CK26,1662.84,481.6216820513554
2025,CMGT-DINO,2025_L111,1081.7,666.9455747588804
2025,CMGT-DINO,2025_L112,160.0,689.5480114246093
2025,CMGT-DINO,2025_L113,0.0,651.6210682396786
2025,CMGT-DINO,2025_L121,1367.3,721.0846398336287
2025,CMGT-DINO,2025_L122,1323.0,704.8957877855983
2025,CMGT-DINO,2025_L123,1340.64,667.3088300619029
2025,CMGT-DINO,2025_L211,758.6,632.210015416056
2025,CMGT-DINO,2025_L212,458.3,683.7271566354882
2025,CMGT-DINO,2025_L213,110.0,666.5115059193604
2025,CMGT-DINO,2025_L214,562.5,694.5524456192393
2025,CMGT-DINO,2025_L215,899.999999999999,700.855120090448
2025,CMGT-DINO,2025_L216,633.3,707.8622384561743
2025,CMGT-DINO,2025_L221,1403.36,673.926093261267
2025,CMGT-DINO,2025_L222,1425.6,660.6040678698818
2025,CMGT-DINO,2025_L223,1546.96,679.4032773993159
2025,CMGT-DINO,2025_L224,1048.6,713.8593603437955
2025,CMGT-DINO,2025_L225,1122.0,714.3313793216619
2025,CMGT-DINO,2025_L226,1374.25,709.260435887218
2025,CMGT-DINO,2025_L311,410.0,651.4271044927885
2025,CMGT-DINO,2025_L312,100.0,691.9062617735161
2025,CMGT-DINO,2025_L313,840.0,709.7350196595817
2025,CMGT-DINO,2025_L321,1447.16,672.9714102652777
2025,CMGT-DINO,2025_L322,1370.88,698.6723163686257
2025,CMGT-DINO,2025_L323,1288.0,668.6048421253153
2025,CMGT-DINO,2025_L411,1621.8,672.5660775695825
2025,CMGT-DINO,2025_L412,15.0,624.2915334513912
2025,CMGT-DINO,2025_L413,2125.0,688.2268571914357
2025,CMGT-DINO,2025_L421,1841.28,651.6428987146586
2025,CMGT-DINO,2025_L422,1594.54,631.6810088374696
2025,CMGT-DINO,2025_L423,1519.38,665.3051197855109
2025,CMGT-DINO,2025_L511,300.0,723.5439306289555
2025,CMGT-DINO,2025_L512,1150.0,715.3736451298705
2025,CMGT-DINO,2025_L513,1292.5,702.4814293047689
2025,CMGT-DINO,2025_L514,1650.0,679.5403159292648
2025,CMGT-DINO,2025_L515,205.0,667.1522328870599
2025,CMGT-DINO,2025_L516,105.0,656.6132175011267
2025,CMGT-DINO,2025_L521,1286.2,700.1904972335515
2025,CMGT-DINO,2025_L522,1462.86,668.6580788364635
2025,CMGT-DINO,2025_L523,1384.32,709.0288453583433
2025,CMGT-DINO,2025_L524,1566.25,662.450614721583
2025,CMGT-DINO,2025_L525,1476.2,668.3840652614937
2025,CMGT-DINO,2025_L526,1557.6,649.1093611668457
2025,CMGT-DINO,2025_L611,800.0,703.1970833053873
2025,CMGT-DINO,2025_L612,666.6,727.5857510068023
2025,CMGT-DINO,2025_L613,650.7,690.62218319627
2025,CMGT-DINO,2025_L614,721.0,657.7724651244885
2025,CMGT-DINO,2025_L615,933.0,697.4522081740735
2025,CMGT-DINO,2025_L616,37.5,622.5418748671575
2025,CMGT-DINO,2025_L621,1220.4,661.7769804338095
2025,CMGT-DINO,2025_L622,535.5,724.419270179581
2025,CMGT-DINO,2025_L623,964.32,663.8447028175
