repeat,model,row_index,group,year,y_true,y_pred
0,DINOv3 Static Image ExtraTrees,2,2023_123,2023,1014.8,914.4488400000001
0,DINOv3 Static Image ExtraTrees,3,2023_221,2023,884.8,914.4488400000001
0,DINOv3 Static Image ExtraTrees,15,2023_421,2023,987.16,1048.8480560000041
0,DINOv3 Static Image ExtraTrees,22,2023_525,2023,1087.0,1145.9286000000034
0,DINOv3 Static Image ExtraTrees,25,2023_528,2023,1306.8,1241.3538999999996
0,DINOv3 Static Image ExtraTrees,27,2023_621,2023,1174.0,1145.9286000000034
0,DINOv3 Static Image ExtraTrees,31,2023_625,2023,1254.0,1241.3538999999996
0,DINOv3 Static Image ExtraTrees,35,2023_723,2023,1093.6,1077.6968567272654
0,DINOv3 Static Image ExtraTrees,45,2024_CK21,2024,706.2,542.0433333333348
0,DINOv3 Static Image ExtraTrees,48,2024_CK24,2024,613.025,528.2845064285759
0,DINOv3 Static Image ExtraTrees,50,2024_CK26,2024,831.42,528.2845064285759
0,DINOv3 Static Image ExtraTrees,56,2024_L123,2024,270.32,485.30999999999807
0,DINOv3 Static Image ExtraTrees,62,2024_L216,2024,916.65,693.7607634545484
0,DINOv3 Static Image ExtraTrees,73,2024_L322,2024,685.44,693.7607634545484
0,DINOv3 Static Image ExtraTrees,78,2024_L421,2024,920.64,542.0433333333348
0,DINOv3 Static Image ExtraTrees,79,2024_L422,2024,797.27,542.0433333333348
0,DINOv3 Static Image ExtraTrees,83,2024_L513,2024,646.25,320.53222222221945
0,DINOv3 Static Image ExtraTrees,84,2024_L514,2024,825.0,540.9121807777731
0,DINOv3 Static Image ExtraTrees,85,2024_L515,2024,102.5,540.9121807777731
0,DINOv3 Static Image ExtraTrees,93,2024_L611,2024,0.0,320.53222222221945
0,DINOv3 Static Image ExtraTrees,97,2024_L615,2024,466.5,540.9121807777731
0,DINOv3 Static Image ExtraTrees,101,2024_L623,2024,482.16,320.53222222221945
0,DINOv3 Static Image ExtraTrees,107,2024_R116,2024,553.35,542.6950000000053
0,DINOv3 Static Image ExtraTrees,114,2024_R217,2024,847.9,542.6950000000053
0,DINOv3 Static Image ExtraTrees,120,2024_R227,2024,618.45,542.6950000000053
0,DINOv3 Static Image ExtraTrees,127,2024_R325,2024,812.165,526.7222333333374
0,DINOv3 Static Image ExtraTrees,131,2024_R416,2024,724.15,528.2845064285759
0,DINOv3 Static Image ExtraTrees,133,2024_R425,2024,390.72,528.2845064285759
0,DINOv3 Static Image ExtraTrees,134,2024_R426,2024,574.77,528.2845064285759
0,DINOv3 Static Image ExtraTrees,140,2024_R529,2024,630.41,653.3281818181847
0,DINOv3 Static Image ExtraTrees,151,2025_CK22,2025,1438.2,1188.2993811111107
0,DINOv3 Static Image ExtraTrees,165,2025_L214,2025,562.5,1059.506059555566
0,DINOv3 Static Image ExtraTrees,166,2025_L215,2025,899.999999999999,1059.506059555566
0,DINOv3 Static Image ExtraTrees,168,2025_L221,2025,1403.36,814.6956272727328
0,DINOv3 Static Image ExtraTrees,169,2025_L222,2025,1425.6,814.6956272727328
0,DINOv3 Static Image ExtraTrees,175,2025_L312,2025,100.0,1059.506059555566
0,DINOv3 Static Image ExtraTrees,181,2025_L412,2025,15.0,1188.2993811111107
0,DINOv3 Static Image ExtraTrees,183,2025_L421,2025,1841.28,1188.2993811111107
0,DINOv3 Static Image ExtraTrees,185,2025_L423,2025,1519.38,1188.2993811111107
0,DINOv3 Static Image ExtraTrees,194,2025_L523,2025,1384.32,984.7912319999876
0,DINOv3 Static Image ExtraTrees,198,2025_L611,2025,800.0,984.7912319999876
0,DINOv3 Static Image ExtraTrees,199,2025_L612,2025,666.6,984.7912319999876
0,Phenotype-only ExtraTrees,2,2023_123,2023,1014.8,925.9196366666669
0,Phenotype-only ExtraTrees,3,2023_221,2023,884.8,940.255243333334
0,Phenotype-only ExtraTrees,15,2023_421,2023,987.16,1072.1596700000018
0,Phenotype-only ExtraTrees,22,2023_525,2023,1087.0,1033.947401666668
0,Phenotype-only ExtraTrees,25,2023_528,2023,1306.8,1131.9936616666673
0,Phenotype-only ExtraTrees,27,2023_621,2023,1174.0,1026.02757
0,Phenotype-only ExtraTrees,31,2023_625,2023,1254.0,1081.7677049999998
0,Phenotype-only ExtraTrees,35,2023_723,2023,1093.6,1076.3392486666662
0,Phenotype-only ExtraTrees,45,2024_CK21,2024,706.2,591.4707163333333
0,Phenotype-only ExtraTrees,48,2024_CK24,2024,613.025,706.2333183333337
0,Phenotype-only ExtraTrees,50,2024_CK26,2024,831.42,666.0507049999997
0,Phenotype-only ExtraTrees,56,2024_L123,2024,270.32,512.1346733333334
0,Phenotype-only ExtraTrees,62,2024_L216,2024,916.65,542.5051316666663
0,Phenotype-only ExtraTrees,73,2024_L322,2024,685.44,430.5598456666665
0,Phenotype-only ExtraTrees,78,2024_L421,2024,920.64,577.4851483333333
0,Phenotype-only ExtraTrees,79,2024_L422,2024,797.27,668.2036733333335
0,Phenotype-only ExtraTrees,83,2024_L513,2024,646.25,526.0288983333328
0,Phenotype-only ExtraTrees,84,2024_L514,2024,825.0,593.2611426666665
0,Phenotype-only ExtraTrees,85,2024_L515,2024,102.5,603.5386799999999
0,Phenotype-only ExtraTrees,93,2024_L611,2024,0.0,444.1741860000006
0,Phenotype-only ExtraTrees,97,2024_L615,2024,466.5,782.3861953333334
0,Phenotype-only ExtraTrees,101,2024_L623,2024,482.16,610.766235
0,Phenotype-only ExtraTrees,107,2024_R116,2024,553.35,636.4755760000005
0,Phenotype-only ExtraTrees,114,2024_R217,2024,847.9,325.33044566666626
0,Phenotype-only ExtraTrees,120,2024_R227,2024,618.45,444.1741860000006
0,Phenotype-only ExtraTrees,127,2024_R325,2024,812.165,548.0245219999994
0,Phenotype-only ExtraTrees,131,2024_R416,2024,724.15,617.5245870000001
0,Phenotype-only ExtraTrees,133,2024_R425,2024,390.72,714.6676569999988
0,Phenotype-only ExtraTrees,134,2024_R426,2024,574.77,636.8369799999995
0,Phenotype-only ExtraTrees,140,2024_R529,2024,630.41,441.1367363333331
0,Phenotype-only ExtraTrees,151,2025_CK22,2025,1438.2,1050.048537000001
0,Phenotype-only ExtraTrees,165,2025_L214,2025,562.5,833.7461149999997
0,Phenotype-only ExtraTrees,166,2025_L215,2025,899.999999999999,728.5096106666657
0,Phenotype-only ExtraTrees,168,2025_L221,2025,1403.36,724.1904166666661
0,Phenotype-only ExtraTrees,169,2025_L222,2025,1425.6,924.8727400000008
0,Phenotype-only ExtraTrees,175,2025_L312,2025,100.0,1077.083144999999
0,Phenotype-only ExtraTrees,181,2025_L412,2025,15.0,715.8075739999991
0,Phenotype-only ExtraTrees,183,2025_L421,2025,1841.28,1018.4750336666673
0,Phenotype-only ExtraTrees,185,2025_L423,2025,1519.38,979.5203503333336
0,Phenotype-only ExtraTrees,194,2025_L523,2025,1384.32,1001.6556069999998
0,Phenotype-only ExtraTrees,198,2025_L611,2025,800.0,1169.6731300000013
0,Phenotype-only ExtraTrees,199,2025_L612,2025,666.6,902.052776666667
0,Environment-only ExtraTrees,2,2023_123,2023,1014.8,1050.1635483871075
0,Environment-only ExtraTrees,3,2023_221,2023,884.8,1050.1635483871075
0,Environment-only ExtraTrees,15,2023_421,2023,987.16,1050.1635483871075
0,Environment-only ExtraTrees,22,2023_525,2023,1087.0,1050.1635483871075
0,Environment-only ExtraTrees,25,2023_528,2023,1306.8,1050.1635483871075
0,Environment-only ExtraTrees,27,2023_621,2023,1174.0,1050.1635483871075
0,Environment-only ExtraTrees,31,2023_625,2023,1254.0,1050.1635483871075
0,Environment-only ExtraTrees,35,2023_723,2023,1093.6,1050.1635483871075
0,Environment-only ExtraTrees,45,2024_CK21,2024,706.2,540.287034883719
0,Environment-only ExtraTrees,48,2024_CK24,2024,613.025,540.287034883719
0,Environment-only ExtraTrees,50,2024_CK26,2024,831.42,540.287034883719
0,Environment-only ExtraTrees,56,2024_L123,2024,270.32,540.287034883719
0,Environment-only ExtraTrees,62,2024_L216,2024,916.65,540.287034883719
0,Environment-only ExtraTrees,73,2024_L322,2024,685.44,540.287034883719
0,Environment-only ExtraTrees,78,2024_L421,2024,920.64,540.287034883719
0,Environment-only ExtraTrees,79,2024_L422,2024,797.27,540.287034883719
0,Environment-only ExtraTrees,83,2024_L513,2024,646.25,540.287034883719
0,Environment-only ExtraTrees,84,2024_L514,2024,825.0,540.287034883719
0,Environment-only ExtraTrees,85,2024_L515,2024,102.5,540.287034883719
0,Environment-only ExtraTrees,93,2024_L611,2024,0.0,540.287034883719
0,Environment-only ExtraTrees,97,2024_L615,2024,466.5,540.287034883719
0,Environment-only ExtraTrees,101,2024_L623,2024,482.16,540.287034883719
0,Environment-only ExtraTrees,107,2024_R116,2024,553.35,540.287034883719
0,Environment-only ExtraTrees,114,2024_R217,2024,847.9,540.287034883719
0,Environment-only ExtraTrees,120,2024_R227,2024,618.45,540.287034883719
0,Environment-only ExtraTrees,127,2024_R325,2024,812.165,540.287034883719
0,Environment-only ExtraTrees,131,2024_R416,2024,724.15,540.287034883719
0,Environment-only ExtraTrees,133,2024_R425,2024,390.72,540.287034883719
0,Environment-only ExtraTrees,134,2024_R426,2024,574.77,540.287034883719
0,Environment-only ExtraTrees,140,2024_R529,2024,630.41,540.287034883719
0,Environment-only ExtraTrees,151,2025_CK22,2025,1438.2,984.4635555555576
0,Environment-only ExtraTrees,165,2025_L214,2025,562.5,984.4635555555576
0,Environment-only ExtraTrees,166,2025_L215,2025,899.999999999999,984.4635555555576
0,Environment-only ExtraTrees,168,2025_L221,2025,1403.36,984.4635555555576
0,Environment-only ExtraTrees,169,2025_L222,2025,1425.6,984.4635555555576
0,Environment-only ExtraTrees,175,2025_L312,2025,100.0,984.4635555555576
0,Environment-only ExtraTrees,181,2025_L412,2025,15.0,984.4635555555576
0,Environment-only ExtraTrees,183,2025_L421,2025,1841.28,984.4635555555576
0,Environment-only ExtraTrees,185,2025_L423,2025,1519.38,984.4635555555576
0,Environment-only ExtraTrees,194,2025_L523,2025,1384.32,984.4635555555576
0,Environment-only ExtraTrees,198,2025_L611,2025,800.0,984.4635555555576
0,Environment-only ExtraTrees,199,2025_L612,2025,666.6,984.4635555555576
0,Static Early Fusion ExtraTrees,2,2023_123,2023,1014.8,931.2844066666663
0,Static Early Fusion ExtraTrees,3,2023_221,2023,884.8,937.3331533333326
0,Static Early Fusion ExtraTrees,15,2023_421,2023,987.16,1122.2320466666652
0,Static Early Fusion ExtraTrees,22,2023_525,2023,1087.0,1128.6555266666667
0,Static Early Fusion ExtraTrees,25,2023_528,2023,1306.8,1265.79929
0,Static Early Fusion ExtraTrees,27,2023_621,2023,1174.0,1131.4484866666662
0,Static Early Fusion ExtraTrees,31,2023_625,2023,1254.0,1146.0483066666661
0,Static Early Fusion ExtraTrees,35,2023_723,2023,1093.6,1094.8459766666667
0,Static Early Fusion ExtraTrees,45,2024_CK21,2024,706.2,478.85248000000007
0,Static Early Fusion ExtraTrees,48,2024_CK24,2024,613.025,646.8590766666663
0,Static Early Fusion ExtraTrees,50,2024_CK26,2024,831.42,505.75944500000014
0,Static Early Fusion ExtraTrees,56,2024_L123,2024,270.32,569.613908333333
0,Static Early Fusion ExtraTrees,62,2024_L216,2024,916.65,639.4065783333334
0,Static Early Fusion ExtraTrees,73,2024_L322,2024,685.44,580.5096183333333
0,Static Early Fusion ExtraTrees,78,2024_L421,2024,920.64,425.93713333333324
0,Static Early Fusion ExtraTrees,79,2024_L422,2024,797.27,515.8406283333338
0,Static Early Fusion ExtraTrees,83,2024_L513,2024,646.25,300.0775766666668
0,Static Early Fusion ExtraTrees,84,2024_L514,2024,825.0,515.3019833333329
0,Static Early Fusion ExtraTrees,85,2024_L515,2024,102.5,567.2074500000003
0,Static Early Fusion ExtraTrees,93,2024_L611,2024,0.0,68.73745833333334
0,Static Early Fusion ExtraTrees,97,2024_L615,2024,466.5,577.8130266666665
0,Static Early Fusion ExtraTrees,101,2024_L623,2024,482.16,389.5587666666653
0,Static Early Fusion ExtraTrees,107,2024_R116,2024,553.35,645.4762116666667
0,Static Early Fusion ExtraTrees,114,2024_R217,2024,847.9,319.4045533333335
0,Static Early Fusion ExtraTrees,120,2024_R227,2024,618.45,718.9263616666672
0,Static Early Fusion ExtraTrees,127,2024_R325,2024,812.165,513.9288033333329
0,Static Early Fusion ExtraTrees,131,2024_R416,2024,724.15,541.028414166667
0,Static Early Fusion ExtraTrees,133,2024_R425,2024,390.72,613.8732233333327
0,Static Early Fusion ExtraTrees,134,2024_R426,2024,574.77,555.2705200000004
0,Static Early Fusion ExtraTrees,140,2024_R529,2024,630.41,576.6924599999995
0,Static Early Fusion ExtraTrees,151,2025_CK22,2025,1438.2,1371.6596799999993
0,Static Early Fusion ExtraTrees,165,2025_L214,2025,562.5,1047.3535033333342
0,Static Early Fusion ExtraTrees,166,2025_L215,2025,899.999999999999,879.6090400000004
0,Static Early Fusion ExtraTrees,168,2025_L221,2025,1403.36,793.83366
0,Static Early Fusion ExtraTrees,169,2025_L222,2025,1425.6,760.1806466666662
0,Static Early Fusion ExtraTrees,175,2025_L312,2025,100.0,1140.6053300000015
0,Static Early Fusion ExtraTrees,181,2025_L412,2025,15.0,741.0363050000004
0,Static Early Fusion ExtraTrees,183,2025_L421,2025,1841.28,1359.6980133333325
0,Static Early Fusion ExtraTrees,185,2025_L423,2025,1519.38,1319.4282166666678
0,Static Early Fusion ExtraTrees,194,2025_L523,2025,1384.32,1140.626853333332
0,Static Early Fusion ExtraTrees,198,2025_L611,2025,800.0,1074.8028566666662
0,Static Early Fusion ExtraTrees,199,2025_L612,2025,666.6,888.8815066666659
0,Static Early Fusion XGBoost,2,2023_123,2023,1014.8,927.2214965820312
0,Static Early Fusion XGBoost,3,2023_221,2023,884.8,878.9630737304688
0,Static Early Fusion XGBoost,15,2023_421,2023,987.16,1173.974853515625
0,Static Early Fusion XGBoost,22,2023_525,2023,1087.0,1145.1949462890625
0,Static Early Fusion XGBoost,25,2023_528,2023,1306.8,1483.53173828125
0,Static Early Fusion XGBoost,27,2023_621,2023,1174.0,1034.79833984375
0,Static Early Fusion XGBoost,31,2023_625,2023,1254.0,1278.35302734375
0,Static Early Fusion XGBoost,35,2023_723,2023,1093.6,1020.2591552734375
0,Static Early Fusion XGBoost,45,2024_CK21,2024,706.2,457.1782531738281
0,Static Early Fusion XGBoost,48,2024_CK24,2024,613.025,688.3148193359375
0,Static Early Fusion XGBoost,50,2024_CK26,2024,831.42,435.99530029296875
0,Static Early Fusion XGBoost,56,2024_L123,2024,270.32,454.1226501464844
0,Static Early Fusion XGBoost,62,2024_L216,2024,916.65,672.3073120117188
0,Static Early Fusion XGBoost,73,2024_L322,2024,685.44,496.8379821777344
0,Static Early Fusion XGBoost,78,2024_L421,2024,920.64,423.3486022949219
0,Static Early Fusion XGBoost,79,2024_L422,2024,797.27,611.1846923828125
0,Static Early Fusion XGBoost,83,2024_L513,2024,646.25,342.09747314453125
0,Static Early Fusion XGBoost,84,2024_L514,2024,825.0,532.078125
0,Static Early Fusion XGBoost,85,2024_L515,2024,102.5,530.6439819335938
0,Static Early Fusion XGBoost,93,2024_L611,2024,0.0,141.481201171875
0,Static Early Fusion XGBoost,97,2024_L615,2024,466.5,644.3740844726562
0,Static Early Fusion XGBoost,101,2024_L623,2024,482.16,451.62445068359375
0,Static Early Fusion XGBoost,107,2024_R116,2024,553.35,477.4351806640625
0,Static Early Fusion XGBoost,114,2024_R217,2024,847.9,212.4517059326172
0,Static Early Fusion XGBoost,120,2024_R227,2024,618.45,556.9513549804688
0,Static Early Fusion XGBoost,127,2024_R325,2024,812.165,524.8529052734375
0,Static Early Fusion XGBoost,131,2024_R416,2024,724.15,519.9401245117188
0,Static Early Fusion XGBoost,133,2024_R425,2024,390.72,689.3469848632812
0,Static Early Fusion XGBoost,134,2024_R426,2024,574.77,591.183349609375
0,Static Early Fusion XGBoost,140,2024_R529,2024,630.41,476.6357116699219
0,Static Early Fusion XGBoost,151,2025_CK22,2025,1438.2,1095.1956787109375
0,Static Early Fusion XGBoost,165,2025_L214,2025,562.5,1004.1964721679688
0,Static Early Fusion XGBoost,166,2025_L215,2025,899.999999999999,746.6578369140625
0,Static Early Fusion XGBoost,168,2025_L221,2025,1403.36,743.2462158203125
0,Static Early Fusion XGBoost,169,2025_L222,2025,1425.6,672.3078002929688
0,Static Early Fusion XGBoost,175,2025_L312,2025,100.0,1115.296630859375
0,Static Early Fusion XGBoost,181,2025_L412,2025,15.0,666.7271728515625
0,Static Early Fusion XGBoost,183,2025_L421,2025,1841.28,1147.5689697265625
0,Static Early Fusion XGBoost,185,2025_L423,2025,1519.38,1282.9189453125
0,Static Early Fusion XGBoost,194,2025_L523,2025,1384.32,1202.767822265625
0,Static Early Fusion XGBoost,198,2025_L611,2025,800.0,1161.7135009765625
0,Static Early Fusion XGBoost,199,2025_L612,2025,666.6,780.5274658203125
0,Static Early Fusion CatBoost,2,2023_123,2023,1014.8,932.7355429826307
0,Static Early Fusion CatBoost,3,2023_221,2023,884.8,904.733372981932
0,Static Early Fusion CatBoost,15,2023_421,2023,987.16,1107.4538095281828
0,Static Early Fusion CatBoost,22,2023_525,2023,1087.0,1019.9043764516803
0,Static Early Fusion CatBoost,25,2023_528,2023,1306.8,1252.74672490757
0,Static Early Fusion CatBoost,27,2023_621,2023,1174.0,1020.454572312718
0,Static Early Fusion CatBoost,31,2023_625,2023,1254.0,1162.9414725150327
0,Static Early Fusion CatBoost,35,2023_723,2023,1093.6,1042.0270469140469
0,Static Early Fusion CatBoost,45,2024_CK21,2024,706.2,553.8087849909952
0,Static Early Fusion CatBoost,48,2024_CK24,2024,613.025,696.1914376018021
0,Static Early Fusion CatBoost,50,2024_CK26,2024,831.42,562.8256705534222
0,Static Early Fusion CatBoost,56,2024_L123,2024,270.32,469.3960767866659
0,Static Early Fusion CatBoost,62,2024_L216,2024,916.65,650.6114992106753
0,Static Early Fusion CatBoost,73,2024_L322,2024,685.44,533.7318981849892
0,Static Early Fusion CatBoost,78,2024_L421,2024,920.64,464.84806198062375
0,Static Early Fusion CatBoost,79,2024_L422,2024,797.27,610.3526026775326
0,Static Early Fusion CatBoost,83,2024_L513,2024,646.25,428.9176206008978
0,Static Early Fusion CatBoost,84,2024_L514,2024,825.0,481.31243529280454
0,Static Early Fusion CatBoost,85,2024_L515,2024,102.5,594.3621927258941
0,Static Early Fusion CatBoost,93,2024_L611,2024,0.0,146.1704792447457
0,Static Early Fusion CatBoost,97,2024_L615,2024,466.5,701.5635028036891
0,Static Early Fusion CatBoost,101,2024_L623,2024,482.16,445.4712760033139
0,Static Early Fusion CatBoost,107,2024_R116,2024,553.35,628.967895798639
0,Static Early Fusion CatBoost,114,2024_R217,2024,847.9,250.82659697215888
0,Static Early Fusion CatBoost,120,2024_R227,2024,618.45,596.5966814900413
0,Static Early Fusion CatBoost,127,2024_R325,2024,812.165,477.4798742405967
0,Static Early Fusion CatBoost,131,2024_R416,2024,724.15,532.1102907726047
0,Static Early Fusion CatBoost,133,2024_R425,2024,390.72,594.4498185609893
0,Static Early Fusion CatBoost,134,2024_R426,2024,574.77,532.4305373243417
0,Static Early Fusion CatBoost,140,2024_R529,2024,630.41,437.11307534702195
0,Static Early Fusion CatBoost,151,2025_CK22,2025,1438.2,1213.691465099148
0,Static Early Fusion CatBoost,165,2025_L214,2025,562.5,1115.8132819592465
0,Static Early Fusion CatBoost,166,2025_L215,2025,899.999999999999,846.3620995408954
0,Static Early Fusion CatBoost,168,2025_L221,2025,1403.36,703.2583567741149
0,Static Early Fusion CatBoost,169,2025_L222,2025,1425.6,805.4774803761402
0,Static Early Fusion CatBoost,175,2025_L312,2025,100.0,1111.4859220312292
0,Static Early Fusion CatBoost,181,2025_L412,2025,15.0,718.2245337304389
0,Static Early Fusion CatBoost,183,2025_L421,2025,1841.28,1257.8726105010053
0,Static Early Fusion CatBoost,185,2025_L423,2025,1519.38,1327.6938187522783
0,Static Early Fusion CatBoost,194,2025_L523,2025,1384.32,1079.5162746481255
0,Static Early Fusion CatBoost,198,2025_L611,2025,800.0,1073.755236085748
0,Static Early Fusion CatBoost,199,2025_L612,2025,666.6,823.8235992948482
0,Static Early Fusion HistGB,2,2023_123,2023,1014.8,887.8293890018248
0,Static Early Fusion HistGB,3,2023_221,2023,884.8,782.0199695079223
0,Static Early Fusion HistGB,15,2023_421,2023,987.16,1226.359055035338
0,Static Early Fusion HistGB,22,2023_525,2023,1087.0,1195.5404592552572
0,Static Early Fusion HistGB,25,2023_528,2023,1306.8,1413.9220638096424
0,Static Early Fusion HistGB,27,2023_621,2023,1174.0,1139.4973676799646
0,Static Early Fusion HistGB,31,2023_625,2023,1254.0,1220.32765109164
0,Static Early Fusion HistGB,35,2023_723,2023,1093.6,1029.5516304714151
0,Static Early Fusion HistGB,45,2024_CK21,2024,706.2,480.2962660941963
0,Static Early Fusion HistGB,48,2024_CK24,2024,613.025,766.2932316649204
0,Static Early Fusion HistGB,50,2024_CK26,2024,831.42,440.93443060392707
0,Static Early Fusion HistGB,56,2024_L123,2024,270.32,601.4387458621098
0,Static Early Fusion HistGB,62,2024_L216,2024,916.65,630.6797904833865
0,Static Early Fusion HistGB,73,2024_L322,2024,685.44,507.3875399471399
0,Static Early Fusion HistGB,78,2024_L421,2024,920.64,338.06887888357545
0,Static Early Fusion HistGB,79,2024_L422,2024,797.27,526.8514257468665
0,Static Early Fusion HistGB,83,2024_L513,2024,646.25,349.8189152576814
0,Static Early Fusion HistGB,84,2024_L514,2024,825.0,473.58300732137405
0,Static Early Fusion HistGB,85,2024_L515,2024,102.5,521.0846311287585
0,Static Early Fusion HistGB,93,2024_L611,2024,0.0,102.23144959034217
0,Static Early Fusion HistGB,97,2024_L615,2024,466.5,672.4983783258016
0,Static Early Fusion HistGB,101,2024_L623,2024,482.16,495.3424078731336
0,Static Early Fusion HistGB,107,2024_R116,2024,553.35,639.3063613831523
0,Static Early Fusion HistGB,114,2024_R217,2024,847.9,129.07995459184056
0,Static Early Fusion HistGB,120,2024_R227,2024,618.45,499.84130305935776
0,Static Early Fusion HistGB,127,2024_R325,2024,812.165,750.946144083554
0,Static Early Fusion HistGB,131,2024_R416,2024,724.15,580.753611930715
0,Static Early Fusion HistGB,133,2024_R425,2024,390.72,701.6836114448039
0,Static Early Fusion HistGB,134,2024_R426,2024,574.77,635.4027178447924
0,Static Early Fusion HistGB,140,2024_R529,2024,630.41,581.2857947742334
0,Static Early Fusion HistGB,151,2025_CK22,2025,1438.2,1200.747469172138
0,Static Early Fusion HistGB,165,2025_L214,2025,562.5,1124.4959128999228
0,Static Early Fusion HistGB,166,2025_L215,2025,899.999999999999,981.9760740236885
0,Static Early Fusion HistGB,168,2025_L221,2025,1403.36,1118.554868290583
0,Static Early Fusion HistGB,169,2025_L222,2025,1425.6,711.3458149698498
0,Static Early Fusion HistGB,175,2025_L312,2025,100.0,936.103970921036
0,Static Early Fusion HistGB,181,2025_L412,2025,15.0,837.5764022579281
0,Static Early Fusion HistGB,183,2025_L421,2025,1841.28,1519.4011919815246
0,Static Early Fusion HistGB,185,2025_L423,2025,1519.38,1413.4617399964015
0,Static Early Fusion HistGB,194,2025_L523,2025,1384.32,1266.4109066714234
0,Static Early Fusion HistGB,198,2025_L611,2025,800.0,1376.5929869958773
0,Static Early Fusion HistGB,199,2025_L612,2025,666.6,787.0762254779022
0,Trajectory Fusion ExtraTrees,2,2023_123,2023,1014.8,887.9250466666663
0,Trajectory Fusion ExtraTrees,3,2023_221,2023,884.8,926.2655966666671
0,Trajectory Fusion ExtraTrees,15,2023_421,2023,987.16,1057.8046716666636
0,Trajectory Fusion ExtraTrees,22,2023_525,2023,1087.0,1127.2114133333334
0,Trajectory Fusion ExtraTrees,25,2023_528,2023,1306.8,1226.1141633333332
0,Trajectory Fusion ExtraTrees,27,2023_621,2023,1174.0,1109.6665299999993
0,Trajectory Fusion ExtraTrees,31,2023_625,2023,1254.0,1158.5782466666662
0,Trajectory Fusion ExtraTrees,35,2023_723,2023,1093.6,1068.0336033333338
0,Trajectory Fusion ExtraTrees,45,2024_CK21,2024,706.2,607.8336883333338
0,Trajectory Fusion ExtraTrees,48,2024_CK24,2024,613.025,607.2962283333331
0,Trajectory Fusion ExtraTrees,50,2024_CK26,2024,831.42,602.980121666667
0,Trajectory Fusion ExtraTrees,56,2024_L123,2024,270.32,516.5230149999998
0,Trajectory Fusion ExtraTrees,62,2024_L216,2024,916.65,672.8267766666663
0,Trajectory Fusion ExtraTrees,73,2024_L322,2024,685.44,641.3243999999996
0,Trajectory Fusion ExtraTrees,78,2024_L421,2024,920.64,601.8733433333337
0,Trajectory Fusion ExtraTrees,79,2024_L422,2024,797.27,649.1958333333331
0,Trajectory Fusion ExtraTrees,83,2024_L513,2024,646.25,299.73539000000056
0,Trajectory Fusion ExtraTrees,84,2024_L514,2024,825.0,595.9614316666665
0,Trajectory Fusion ExtraTrees,85,2024_L515,2024,102.5,482.30294166666636
0,Trajectory Fusion ExtraTrees,93,2024_L611,2024,0.0,73.56990666666668
0,Trajectory Fusion ExtraTrees,97,2024_L615,2024,466.5,643.8225599999998
0,Trajectory Fusion ExtraTrees,101,2024_L623,2024,482.16,283.2843583333336
0,Trajectory Fusion ExtraTrees,107,2024_R116,2024,553.35,576.6581966666666
0,Trajectory Fusion ExtraTrees,114,2024_R217,2024,847.9,514.0452083333334
0,Trajectory Fusion ExtraTrees,120,2024_R227,2024,618.45,715.8629500000006
0,Trajectory Fusion ExtraTrees,127,2024_R325,2024,812.165,504.4524483333335
0,Trajectory Fusion ExtraTrees,131,2024_R416,2024,724.15,633.2314500000007
0,Trajectory Fusion ExtraTrees,133,2024_R425,2024,390.72,590.0677633333332
0,Trajectory Fusion ExtraTrees,134,2024_R426,2024,574.77,575.8353916666666
0,Trajectory Fusion ExtraTrees,140,2024_R529,2024,630.41,603.7938033333331
0,Trajectory Fusion ExtraTrees,151,2025_CK22,2025,1438.2,1286.6153
0,Trajectory Fusion ExtraTrees,165,2025_L214,2025,562.5,997.8604366666659
0,Trajectory Fusion ExtraTrees,166,2025_L215,2025,899.999999999999,1074.5354266666666
0,Trajectory Fusion ExtraTrees,168,2025_L221,2025,1403.36,984.2830183333328
0,Trajectory Fusion ExtraTrees,169,2025_L222,2025,1425.6,1093.9581266666657
0,Trajectory Fusion ExtraTrees,175,2025_L312,2025,100.0,970.3098333333335
0,Trajectory Fusion ExtraTrees,181,2025_L412,2025,15.0,874.5097933333332
0,Trajectory Fusion ExtraTrees,183,2025_L421,2025,1841.28,1419.3936766666677
0,Trajectory Fusion ExtraTrees,185,2025_L423,2025,1519.38,1166.070979999999
0,Trajectory Fusion ExtraTrees,194,2025_L523,2025,1384.32,1128.0068466666664
0,Trajectory Fusion ExtraTrees,198,2025_L611,2025,800.0,1155.3746000000006
0,Trajectory Fusion ExtraTrees,199,2025_L612,2025,666.6,964.6490333333318
0,CMGT-DINO,2,2023_123,2023,1014.8,911.999343320745
0,CMGT-DINO,3,2023_221,2023,884.8,921.2186417824191
0,CMGT-DINO,15,2023_421,2023,987.16,1054.6111580157308
0,CMGT-DINO,22,2023_525,2023,1087.0,1152.5202419974485
0,CMGT-DINO,25,2023_528,2023,1306.8,1256.2899109123646
0,CMGT-DINO,27,2023_621,2023,1174.0,1081.5293442229113
0,CMGT-DINO,31,2023_625,2023,1254.0,1156.5084282592252
0,CMGT-DINO,35,2023_723,2023,1093.6,1047.6417680972572
0,CMGT-DINO,45,2024_CK21,2024,706.2,580.7279591435099
0,CMGT-DINO,48,2024_CK24,2024,613.025,634.1970355336018
0,CMGT-DINO,50,2024_CK26,2024,831.42,576.4243760447255
0,CMGT-DINO,56,2024_L123,2024,270.32,524.9542888482711
0,CMGT-DINO,62,2024_L216,2024,916.65,651.4800507174972
0,CMGT-DINO,73,2024_L322,2024,685.44,568.578981886893
0,CMGT-DINO,78,2024_L421,2024,920.64,601.4577919792247
0,CMGT-DINO,79,2024_L422,2024,797.27,605.8037398814984
0,CMGT-DINO,83,2024_L513,2024,646.25,420.738288738183
0,CMGT-DINO,84,2024_L514,2024,825.0,628.0191084033683
0,CMGT-DINO,85,2024_L515,2024,102.5,551.4486005576499
0,CMGT-DINO,93,2024_L611,2024,0.0,123.60160047653856
0,CMGT-DINO,97,2024_L615,2024,466.5,582.0405123939005
0,CMGT-DINO,101,2024_L623,2024,482.16,407.03826767867747
0,CMGT-DINO,107,2024_R116,2024,553.35,615.9272271657713
0,CMGT-DINO,114,2024_R217,2024,847.9,525.8981469041224
0,CMGT-DINO,120,2024_R227,2024,618.45,676.8898735366437
0,CMGT-DINO,127,2024_R325,2024,812.165,481.4829759007528
0,CMGT-DINO,131,2024_R416,2024,724.15,681.8374602075845
0,CMGT-DINO,133,2024_R425,2024,390.72,544.4594147548752
0,CMGT-DINO,134,2024_R426,2024,574.77,551.3744311802236
0,CMGT-DINO,140,2024_R529,2024,630.41,614.2417608383172
0,CMGT-DINO,151,2025_CK22,2025,1438.2,1240.1572489327464
0,CMGT-DINO,165,2025_L214,2025,562.5,960.9453553397581
0,CMGT-DINO,166,2025_L215,2025,899.999999999999,1038.0119015619985
0,CMGT-DINO,168,2025_L221,2025,1403.36,941.336140779898
0,CMGT-DINO,169,2025_L222,2025,1425.6,1014.8363280176404
0,CMGT-DINO,175,2025_L312,2025,100.0,898.8493701212896
0,CMGT-DINO,181,2025_L412,2025,15.0,763.781954753877
0,CMGT-DINO,183,2025_L421,2025,1841.28,1403.540916717749
0,CMGT-DINO,185,2025_L423,2025,1519.38,1042.1954613685439
0,CMGT-DINO,194,2025_L523,2025,1384.32,864.279237685911
0,CMGT-DINO,198,2025_L611,2025,800.0,1162.0112696142496
0,CMGT-DINO,199,2025_L612,2025,666.6,973.226192797121
1,DINOv3 Static Image ExtraTrees,0,2023_121,2023,910.0,944.6500000000082
1,DINOv3 Static Image ExtraTrees,1,2023_122,2023,868.0,944.6500000000082
1,DINOv3 Static Image ExtraTrees,10,2023_322,2023,821.0,914.6599999999908
1,DINOv3 Static Image ExtraTrees,13,2023_325,2023,1070.0,1101.2666666666662
1,DINOv3 Static Image ExtraTrees,16,2023_422,2023,1093.4,1014.5075000000061
1,DINOv3 Static Image ExtraTrees,20,2023_523,2023,1078.2,1014.5075000000061
1,DINOv3 Static Image ExtraTrees,21,2023_524,2023,1125.3,1143.7000000000037
1,DINOv3 Static Image ExtraTrees,32,2023_626,2023,1260.0,1245.617656904764
1,DINOv3 Static Image ExtraTrees,39,2024_CK11,2024,210.0,743.6085714285726
1,DINOv3 Static Image ExtraTrees,40,2024_CK12,2024,166.65,743.6085714285726
1,DINOv3 Static Image ExtraTrees,52,2024_L112,2024,651.0,430.75
1,DINOv3 Static Image ExtraTrees,57,2024_L211,2024,379.3,430.75
1,DINOv3 Static Image ExtraTrees,61,2024_L215,2024,740.0,739.338333333334
1,DINOv3 Static Image ExtraTrees,63,2024_L221,2024,701.68,430.75
1,DINOv3 Static Image ExtraTrees,66,2024_L224,2024,524.3,739.338333333334
1,DINOv3 Static Image ExtraTrees,71,2024_L313,2024,620.0,739.338333333334
1,DINOv3 Static Image ExtraTrees,75,2024_L411,2024,810.9,743.6085714285726
1,DINOv3 Static Image ExtraTrees,76,2024_L412,2024,150.0,743.6085714285726
1,DINOv3 Static Image ExtraTrees,80,2024_L423,2024,759.69,743.6085714285726
1,DINOv3 Static Image ExtraTrees,81,2024_L511,2024,150.0,328.8200000000041
1,DINOv3 Static Image ExtraTrees,82,2024_L512,2024,575.0,328.8200000000041
1,DINOv3 Static Image ExtraTrees,85,2024_L515,2024,102.5,592.4183333333348
1,DINOv3 Static Image ExtraTrees,96,2024_L614,2024,360.5,592.4183333333348
1,DINOv3 Static Image ExtraTrees,97,2024_L615,2024,466.5,592.4183333333348
1,DINOv3 Static Image ExtraTrees,115,2024_R218,2024,390.85,592.1004545454584
1,DINOv3 Static Image ExtraTrees,123,2024_R314,2024,112.5,565.7855555555498
1,DINOv3 Static Image ExtraTrees,127,2024_R325,2024,812.165,565.7855555555498
1,DINOv3 Static Image ExtraTrees,128,2024_R326,2024,588.03,565.7855555555498
1,DINOv3 Static Image ExtraTrees,137,2024_R519,2024,565.0,662.1610000000004
1,DINOv3 Static Image ExtraTrees,140,2024_R529,2024,630.41,662.1610000000004
1,DINOv3 Static Image ExtraTrees,149,2025_CK13,2025,350.0,1083.5971428571484
1,DINOv3 Static Image ExtraTrees,152,2025_CK23,2025,1649.1,1083.5971428571484
1,DINOv3 Static Image ExtraTrees,155,2025_CK26,2025,1662.84,1292.4050000000161
1,DINOv3 Static Image ExtraTrees,162,2025_L211,2025,758.6,1010.6859999999907
1,DINOv3 Static Image ExtraTrees,164,2025_L213,2025,110.0,1010.6859999999907
1,DINOv3 Static Image ExtraTrees,173,2025_L226,2025,1374.25,888.244000000005
1,DINOv3 Static Image ExtraTrees,176,2025_L313,2025,840.0,888.244000000005
1,DINOv3 Static Image ExtraTrees,180,2025_L411,2025,1621.8,1083.5971428571484
1,DINOv3 Static Image ExtraTrees,184,2025_L422,2025,1594.54,1083.5971428571484
1,DINOv3 Static Image ExtraTrees,185,2025_L423,2025,1519.38,1083.5971428571484
1,DINOv3 Static Image ExtraTrees,190,2025_L515,2025,205.0,1005.8187499999909
1,DINOv3 Static Image ExtraTrees,206,2025_L623,2025,964.32,977.1890909090879
1,Phenotype-only ExtraTrees,0,2023_121,2023,910.0,986.7193943333344
1,Phenotype-only ExtraTrees,1,2023_122,2023,868.0,1016.9141050000003
1,Phenotype-only ExtraTrees,10,2023_322,2023,821.0,1001.6891516666664
1,Phenotype-only ExtraTrees,13,2023_325,2023,1070.0,900.0980836666679
1,Phenotype-only ExtraTrees,16,2023_422,2023,1093.4,1071.8531769999995
1,Phenotype-only ExtraTrees,20,2023_523,2023,1078.2,1035.2920783333352
1,Phenotype-only ExtraTrees,21,2023_524,2023,1125.3,651.9907368333338
1,Phenotype-only ExtraTrees,32,2023_626,2023,1260.0,949.3448876666655
1,Phenotype-only ExtraTrees,39,2024_CK11,2024,210.0,900.2479358333326
1,Phenotype-only ExtraTrees,40,2024_CK12,2024,166.65,537.2890043333327
1,Phenotype-only ExtraTrees,52,2024_L112,2024,651.0,672.8944403333334
1,Phenotype-only ExtraTrees,57,2024_L211,2024,379.3,537.6294811666664
1,Phenotype-only ExtraTrees,61,2024_L215,2024,740.0,811.1006916666678
1,Phenotype-only ExtraTrees,63,2024_L221,2024,701.68,812.7789666666662
1,Phenotype-only ExtraTrees,66,2024_L224,2024,524.3,679.4271416666675
1,Phenotype-only ExtraTrees,71,2024_L313,2024,620.0,538.129849999999
1,Phenotype-only ExtraTrees,75,2024_L411,2024,810.9,353.9341710000012
1,Phenotype-only ExtraTrees,76,2024_L412,2024,150.0,659.2459466666664
1,Phenotype-only ExtraTrees,80,2024_L423,2024,759.69,588.4752300000001
1,Phenotype-only ExtraTrees,81,2024_L511,2024,150.0,353.9341710000012
1,Phenotype-only ExtraTrees,82,2024_L512,2024,575.0,507.0880886666662
1,Phenotype-only ExtraTrees,85,2024_L515,2024,102.5,527.2954803333329
1,Phenotype-only ExtraTrees,96,2024_L614,2024,360.5,573.9816099999997
1,Phenotype-only ExtraTrees,97,2024_L615,2024,466.5,791.4826409999997
1,Phenotype-only ExtraTrees,115,2024_R218,2024,390.85,600.9533466666667
1,Phenotype-only ExtraTrees,123,2024_R314,2024,112.5,411.13190316666663
1,Phenotype-only ExtraTrees,127,2024_R325,2024,812.165,556.5857154999999
1,Phenotype-only ExtraTrees,128,2024_R326,2024,588.03,558.1283699999992
1,Phenotype-only ExtraTrees,137,2024_R519,2024,565.0,628.2991216666666
1,Phenotype-only ExtraTrees,140,2024_R529,2024,630.41,558.3847476666666
1,Phenotype-only ExtraTrees,149,2025_CK13,2025,350.0,885.0162366666666
1,Phenotype-only ExtraTrees,152,2025_CK23,2025,1649.1,1120.5020699999995
1,Phenotype-only ExtraTrees,155,2025_CK26,2025,1662.84,1078.9249533333395
1,Phenotype-only ExtraTrees,162,2025_L211,2025,758.6,829.3422186666664
1,Phenotype-only ExtraTrees,164,2025_L213,2025,110.0,843.9284216666671
1,Phenotype-only ExtraTrees,173,2025_L226,2025,1374.25,1295.6314916666677
1,Phenotype-only ExtraTrees,176,2025_L313,2025,840.0,940.70625
1,Phenotype-only ExtraTrees,180,2025_L411,2025,1621.8,840.4523233333342
1,Phenotype-only ExtraTrees,184,2025_L422,2025,1594.54,1148.3521800000003
1,Phenotype-only ExtraTrees,185,2025_L423,2025,1519.38,838.0824716666662
1,Phenotype-only ExtraTrees,190,2025_L515,2025,205.0,635.8131999999986
1,Phenotype-only ExtraTrees,206,2025_L623,2025,964.32,778.0457049999993
1,Environment-only ExtraTrees,0,2023_121,2023,910.0,1068.7525806451558
1,Environment-only ExtraTrees,1,2023_122,2023,868.0,1068.7525806451558
1,Environment-only ExtraTrees,10,2023_322,2023,821.0,1068.7525806451558
1,Environment-only ExtraTrees,13,2023_325,2023,1070.0,1068.7525806451558
1,Environment-only ExtraTrees,16,2023_422,2023,1093.4,1068.7525806451558
1,Environment-only ExtraTrees,20,2023_523,2023,1078.2,1068.7525806451558
1,Environment-only ExtraTrees,21,2023_524,2023,1125.3,1068.7525806451558
1,Environment-only ExtraTrees,32,2023_626,2023,1260.0,1068.7525806451558
1,Environment-only ExtraTrees,39,2024_CK11,2024,210.0,574.5697674418597
1,Environment-only ExtraTrees,40,2024_CK12,2024,166.65,574.5697674418597
1,Environment-only ExtraTrees,52,2024_L112,2024,651.0,574.5697674418597
1,Environment-only ExtraTrees,57,2024_L211,2024,379.3,574.5697674418597
1,Environment-only ExtraTrees,61,2024_L215,2024,740.0,574.5697674418597
1,Environment-only ExtraTrees,63,2024_L221,2024,701.68,574.5697674418597
1,Environment-only ExtraTrees,66,2024_L224,2024,524.3,574.5697674418597
1,Environment-only ExtraTrees,71,2024_L313,2024,620.0,574.5697674418597
1,Environment-only ExtraTrees,75,2024_L411,2024,810.9,574.5697674418597
1,Environment-only ExtraTrees,76,2024_L412,2024,150.0,574.5697674418597
1,Environment-only ExtraTrees,80,2024_L423,2024,759.69,574.5697674418597
1,Environment-only ExtraTrees,81,2024_L511,2024,150.0,574.5697674418597
1,Environment-only ExtraTrees,82,2024_L512,2024,575.0,574.5697674418597
1,Environment-only ExtraTrees,85,2024_L515,2024,102.5,574.5697674418597
1,Environment-only ExtraTrees,96,2024_L614,2024,360.5,574.5697674418597
1,Environment-only ExtraTrees,97,2024_L615,2024,466.5,574.5697674418597
1,Environment-only ExtraTrees,115,2024_R218,2024,390.85,574.5697674418597
1,Environment-only ExtraTrees,123,2024_R314,2024,112.5,574.5697674418597
1,Environment-only ExtraTrees,127,2024_R325,2024,812.165,574.5697674418597
1,Environment-only ExtraTrees,128,2024_R326,2024,588.03,574.5697674418597
1,Environment-only ExtraTrees,137,2024_R519,2024,565.0,574.5697674418597
1,Environment-only ExtraTrees,140,2024_R529,2024,630.41,574.5697674418597
1,Environment-only ExtraTrees,149,2025_CK13,2025,350.0,986.306739130422
1,Environment-only ExtraTrees,152,2025_CK23,2025,1649.1,986.306739130422
1,Environment-only ExtraTrees,155,2025_CK26,2025,1662.84,1292.4050000000161
1,Environment-only ExtraTrees,162,2025_L211,2025,758.6,986.306739130422
1,Environment-only ExtraTrees,164,2025_L213,2025,110.0,986.306739130422
1,Environment-only ExtraTrees,173,2025_L226,2025,1374.25,986.306739130422
1,Environment-only ExtraTrees,176,2025_L313,2025,840.0,986.306739130422
1,Environment-only ExtraTrees,180,2025_L411,2025,1621.8,986.306739130422
1,Environment-only ExtraTrees,184,2025_L422,2025,1594.54,986.306739130422
1,Environment-only ExtraTrees,185,2025_L423,2025,1519.38,986.306739130422
1,Environment-only ExtraTrees,190,2025_L515,2025,205.0,986.306739130422
1,Environment-only ExtraTrees,206,2025_L623,2025,964.32,986.306739130422
1,Static Early Fusion ExtraTrees,0,2023_121,2023,910.0,1011.1483250000003
1,Static Early Fusion ExtraTrees,1,2023_122,2023,868.0,1011.9164549999997
1,Static Early Fusion ExtraTrees,10,2023_322,2023,821.0,953.7459366666678
1,Static Early Fusion ExtraTrees,13,2023_325,2023,1070.0,1061.8630733333332
1,Static Early Fusion ExtraTrees,16,2023_422,2023,1093.4,1004.5784266666656
1,Static Early Fusion ExtraTrees,20,2023_523,2023,1078.2,992.4023083333324
1,Static Early Fusion ExtraTrees,21,2023_524,2023,1125.3,1079.1758433333341
1,Static Early Fusion ExtraTrees,32,2023_626,2023,1260.0,1119.9348166666666
1,Static Early Fusion ExtraTrees,39,2024_CK11,2024,210.0,802.604183333334
1,Static Early Fusion ExtraTrees,40,2024_CK12,2024,166.65,724.5298650000001
1,Static Early Fusion ExtraTrees,52,2024_L112,2024,651.0,554.7628366666669
1,Static Early Fusion ExtraTrees,57,2024_L211,2024,379.3,369.8862766666666
1,Static Early Fusion ExtraTrees,61,2024_L215,2024,740.0,746.134641666668
1,Static Early Fusion ExtraTrees,63,2024_L221,2024,701.68,520.9825783333335
1,Static Early Fusion ExtraTrees,66,2024_L224,2024,524.3,726.5563383333334
1,Static Early Fusion ExtraTrees,71,2024_L313,2024,620.0,701.0661883333332
1,Static Early Fusion ExtraTrees,75,2024_L411,2024,810.9,727.5995366666672
1,Static Early Fusion ExtraTrees,76,2024_L412,2024,150.0,727.6630616666671
1,Static Early Fusion ExtraTrees,80,2024_L423,2024,759.69,718.8468816666668
1,Static Early Fusion ExtraTrees,81,2024_L511,2024,150.0,20.019884999999984
1,Static Early Fusion ExtraTrees,82,2024_L512,2024,575.0,407.1683966666665
1,Static Early Fusion ExtraTrees,85,2024_L515,2024,102.5,561.88793
1,Static Early Fusion ExtraTrees,96,2024_L614,2024,360.5,517.3334516666665
1,Static Early Fusion ExtraTrees,97,2024_L615,2024,466.5,684.3845166666662
1,Static Early Fusion ExtraTrees,115,2024_R218,2024,390.85,507.7587550000005
1,Static Early Fusion ExtraTrees,123,2024_R314,2024,112.5,546.5191333333335
1,Static Early Fusion ExtraTrees,127,2024_R325,2024,812.165,616.6422466666664
1,Static Early Fusion ExtraTrees,128,2024_R326,2024,588.03,602.7610366666663
1,Static Early Fusion ExtraTrees,137,2024_R519,2024,565.0,621.6363441666667
1,Static Early Fusion ExtraTrees,140,2024_R529,2024,630.41,604.0294166666662
1,Static Early Fusion ExtraTrees,149,2025_CK13,2025,350.0,907.97028
1,Static Early Fusion ExtraTrees,152,2025_CK23,2025,1649.1,1097.775888333334
1,Static Early Fusion ExtraTrees,155,2025_CK26,2025,1662.84,1201.4306800000036
1,Static Early Fusion ExtraTrees,162,2025_L211,2025,758.6,962.3763633333333
1,Static Early Fusion ExtraTrees,164,2025_L213,2025,110.0,945.4132866666672
1,Static Early Fusion ExtraTrees,173,2025_L226,2025,1374.25,1128.8000866666662
1,Static Early Fusion ExtraTrees,176,2025_L313,2025,840.0,853.7741799999991
1,Static Early Fusion ExtraTrees,180,2025_L411,2025,1621.8,1081.4384716666673
1,Static Early Fusion ExtraTrees,184,2025_L422,2025,1594.54,1271.8278533333348
1,Static Early Fusion ExtraTrees,185,2025_L423,2025,1519.38,1108.1600233333343
1,Static Early Fusion ExtraTrees,190,2025_L515,2025,205.0,501.28276000000056
1,Static Early Fusion ExtraTrees,206,2025_L623,2025,964.32,1022.4445966666663
1,Static Early Fusion XGBoost,0,2023_121,2023,910.0,1056.808349609375
1,Static Early Fusion XGBoost,1,2023_122,2023,868.0,1016.3646850585938
1,Static Early Fusion XGBoost,10,2023_322,2023,821.0,1033.5535888671875
1,Static Early Fusion XGBoost,13,2023_325,2023,1070.0,960.924072265625
1,Static Early Fusion XGBoost,16,2023_422,2023,1093.4,978.1758422851562
1,Static Early Fusion XGBoost,20,2023_523,2023,1078.2,993.5740356445312
1,Static Early Fusion XGBoost,21,2023_524,2023,1125.3,982.91259765625
1,Static Early Fusion XGBoost,32,2023_626,2023,1260.0,1091.9615478515625
1,Static Early Fusion XGBoost,39,2024_CK11,2024,210.0,738.0166015625
1,Static Early Fusion XGBoost,40,2024_CK12,2024,166.65,623.2669677734375
1,Static Early Fusion XGBoost,52,2024_L112,2024,651.0,656.9091796875
1,Static Early Fusion XGBoost,57,2024_L211,2024,379.3,518.9384155273438
1,Static Early Fusion XGBoost,61,2024_L215,2024,740.0,803.6503295898438
1,Static Early Fusion XGBoost,63,2024_L221,2024,701.68,726.4678955078125
1,Static Early Fusion XGBoost,66,2024_L224,2024,524.3,797.3311157226562
1,Static Early Fusion XGBoost,71,2024_L313,2024,620.0,619.8017578125
1,Static Early Fusion XGBoost,75,2024_L411,2024,810.9,645.0930786132812
1,Static Early Fusion XGBoost,76,2024_L412,2024,150.0,789.806396484375
1,Static Early Fusion XGBoost,80,2024_L423,2024,759.69,737.9143676757812
1,Static Early Fusion XGBoost,81,2024_L511,2024,150.0,67.54031372070312
1,Static Early Fusion XGBoost,82,2024_L512,2024,575.0,264.9507141113281
1,Static Early Fusion XGBoost,85,2024_L515,2024,102.5,524.4385986328125
1,Static Early Fusion XGBoost,96,2024_L614,2024,360.5,533.1716918945312
1,Static Early Fusion XGBoost,97,2024_L615,2024,466.5,706.8151245117188
1,Static Early Fusion XGBoost,115,2024_R218,2024,390.85,663.0711669921875
1,Static Early Fusion XGBoost,123,2024_R314,2024,112.5,451.3056335449219
1,Static Early Fusion XGBoost,127,2024_R325,2024,812.165,460.7220764160156
1,Static Early Fusion XGBoost,128,2024_R326,2024,588.03,558.4234619140625
1,Static Early Fusion XGBoost,137,2024_R519,2024,565.0,616.4191284179688
1,Static Early Fusion XGBoost,140,2024_R529,2024,630.41,671.2877197265625
1,Static Early Fusion XGBoost,149,2025_CK13,2025,350.0,866.01171875
1,Static Early Fusion XGBoost,152,2025_CK23,2025,1649.1,936.1984252929688
1,Static Early Fusion XGBoost,155,2025_CK26,2025,1662.84,1178.537353515625
1,Static Early Fusion XGBoost,162,2025_L211,2025,758.6,1119.2908935546875
1,Static Early Fusion XGBoost,164,2025_L213,2025,110.0,1211.64306640625
1,Static Early Fusion XGBoost,173,2025_L226,2025,1374.25,1301.1435546875
1,Static Early Fusion XGBoost,176,2025_L313,2025,840.0,983.5079956054688
1,Static Early Fusion XGBoost,180,2025_L411,2025,1621.8,1135.7259521484375
1,Static Early Fusion XGBoost,184,2025_L422,2025,1594.54,1243.444091796875
1,Static Early Fusion XGBoost,185,2025_L423,2025,1519.38,962.5426635742188
1,Static Early Fusion XGBoost,190,2025_L515,2025,205.0,476.9441833496094
1,Static Early Fusion XGBoost,206,2025_L623,2025,964.32,891.1815185546875
1,Static Early Fusion CatBoost,0,2023_121,2023,910.0,991.9470980215484
1,Static Early Fusion CatBoost,1,2023_122,2023,868.0,978.1217540453731
1,Static Early Fusion CatBoost,10,2023_322,2023,821.0,982.9624778469295
1,Static Early Fusion CatBoost,13,2023_325,2023,1070.0,1038.6137692588475
1,Static Early Fusion CatBoost,16,2023_422,2023,1093.4,1018.6259672849612
1,Static Early Fusion CatBoost,20,2023_523,2023,1078.2,946.2414725098874
1,Static Early Fusion CatBoost,21,2023_524,2023,1125.3,1057.04822216111
1,Static Early Fusion CatBoost,32,2023_626,2023,1260.0,1068.5974208095406
1,Static Early Fusion CatBoost,39,2024_CK11,2024,210.0,706.7000851187127
1,Static Early Fusion CatBoost,40,2024_CK12,2024,166.65,591.6412907301075
1,Static Early Fusion CatBoost,52,2024_L112,2024,651.0,647.3533596053239
1,Static Early Fusion CatBoost,57,2024_L211,2024,379.3,511.46453734451086
1,Static Early Fusion CatBoost,61,2024_L215,2024,740.0,638.7167821978094
1,Static Early Fusion CatBoost,63,2024_L221,2024,701.68,568.1453064947469
1,Static Early Fusion CatBoost,66,2024_L224,2024,524.3,713.9764616079013
1,Static Early Fusion CatBoost,71,2024_L313,2024,620.0,573.5380062429595
1,Static Early Fusion CatBoost,75,2024_L411,2024,810.9,653.477209111433
1,Static Early Fusion CatBoost,76,2024_L412,2024,150.0,717.2416119081556
1,Static Early Fusion CatBoost,80,2024_L423,2024,759.69,662.671753244983
1,Static Early Fusion CatBoost,81,2024_L511,2024,150.0,81.592027976483
1,Static Early Fusion CatBoost,82,2024_L512,2024,575.0,426.81259083694187
1,Static Early Fusion CatBoost,85,2024_L515,2024,102.5,655.1471243859332
1,Static Early Fusion CatBoost,96,2024_L614,2024,360.5,584.5767942444927
1,Static Early Fusion CatBoost,97,2024_L615,2024,466.5,602.9639220100677
1,Static Early Fusion CatBoost,115,2024_R218,2024,390.85,593.4184916419383
1,Static Early Fusion CatBoost,123,2024_R314,2024,112.5,477.2254592033477
1,Static Early Fusion CatBoost,127,2024_R325,2024,812.165,500.0901408574554
1,Static Early Fusion CatBoost,128,2024_R326,2024,588.03,602.505934332369
1,Static Early Fusion CatBoost,137,2024_R519,2024,565.0,687.3248926583038
1,Static Early Fusion CatBoost,140,2024_R529,2024,630.41,591.6879739787428
1,Static Early Fusion CatBoost,149,2025_CK13,2025,350.0,856.9472415945672
1,Static Early Fusion CatBoost,152,2025_CK23,2025,1649.1,1036.6042396699104
1,Static Early Fusion CatBoost,155,2025_CK26,2025,1662.84,1151.0649125479079
1,Static Early Fusion CatBoost,162,2025_L211,2025,758.6,1068.3499494973703
1,Static Early Fusion CatBoost,164,2025_L213,2025,110.0,1081.9872302983804
1,Static Early Fusion CatBoost,173,2025_L226,2025,1374.25,1231.5880895154723
1,Static Early Fusion CatBoost,176,2025_L313,2025,840.0,1049.815074788139
1,Static Early Fusion CatBoost,180,2025_L411,2025,1621.8,1090.0529990339178
1,Static Early Fusion CatBoost,184,2025_L422,2025,1594.54,1254.3700106850722
1,Static Early Fusion CatBoost,185,2025_L423,2025,1519.38,1069.4499302856652
1,Static Early Fusion CatBoost,190,2025_L515,2025,205.0,502.97000949250537
1,Static Early Fusion CatBoost,206,2025_L623,2025,964.32,979.5578981410962
1,Static Early Fusion HistGB,0,2023_121,2023,910.0,1027.7347220605411
1,Static Early Fusion HistGB,1,2023_122,2023,868.0,1008.5967393704864
1,Static Early Fusion HistGB,10,2023_322,2023,821.0,1045.6080361031154
1,Static Early Fusion HistGB,13,2023_325,2023,1070.0,1046.6964297295501
1,Static Early Fusion HistGB,16,2023_422,2023,1093.4,954.5988449432573
1,Static Early Fusion HistGB,20,2023_523,2023,1078.2,979.5339622526724
1,Static Early Fusion HistGB,21,2023_524,2023,1125.3,1059.1339562986457
1,Static Early Fusion HistGB,32,2023_626,2023,1260.0,1290.8814786883668
1,Static Early Fusion HistGB,39,2024_CK11,2024,210.0,704.9889474550224
1,Static Early Fusion HistGB,40,2024_CK12,2024,166.65,715.5958698833687
1,Static Early Fusion HistGB,52,2024_L112,2024,651.0,684.5368831475093
1,Static Early Fusion HistGB,57,2024_L211,2024,379.3,480.14660012747765
1,Static Early Fusion HistGB,61,2024_L215,2024,740.0,654.4301293004106
1,Static Early Fusion HistGB,63,2024_L221,2024,701.68,755.2667517294209
1,Static Early Fusion HistGB,66,2024_L224,2024,524.3,795.84764632345
1,Static Early Fusion HistGB,71,2024_L313,2024,620.0,616.8697740581852
1,Static Early Fusion HistGB,75,2024_L411,2024,810.9,753.5632666907023
1,Static Early Fusion HistGB,76,2024_L412,2024,150.0,719.1296820664857
1,Static Early Fusion HistGB,80,2024_L423,2024,759.69,725.3213883124049
1,Static Early Fusion HistGB,81,2024_L511,2024,150.0,15.956386144592772
1,Static Early Fusion HistGB,82,2024_L512,2024,575.0,303.43995592930236
1,Static Early Fusion HistGB,85,2024_L515,2024,102.5,491.0505633300217
1,Static Early Fusion HistGB,96,2024_L614,2024,360.5,453.0528144785503
1,Static Early Fusion HistGB,97,2024_L615,2024,466.5,751.2846176418253
1,Static Early Fusion HistGB,115,2024_R218,2024,390.85,655.2396057146432
1,Static Early Fusion HistGB,123,2024_R314,2024,112.5,425.8509785521207
1,Static Early Fusion HistGB,127,2024_R325,2024,812.165,499.0823204296209
1,Static Early Fusion HistGB,128,2024_R326,2024,588.03,695.9583988385342
1,Static Early Fusion HistGB,137,2024_R519,2024,565.0,664.986437368895
1,Static Early Fusion HistGB,140,2024_R529,2024,630.41,492.97951918604696
1,Static Early Fusion HistGB,149,2025_CK13,2025,350.0,717.5999305061954
1,Static Early Fusion HistGB,152,2025_CK23,2025,1649.1,870.0417840333904
1,Static Early Fusion HistGB,155,2025_CK26,2025,1662.84,1115.9421326588342
1,Static Early Fusion HistGB,162,2025_L211,2025,758.6,988.7608460555352
1,Static Early Fusion HistGB,164,2025_L213,2025,110.0,1023.5542111835784
1,Static Early Fusion HistGB,173,2025_L226,2025,1374.25,1351.195563060672
1,Static Early Fusion HistGB,176,2025_L313,2025,840.0,1016.6283199034519
1,Static Early Fusion HistGB,180,2025_L411,2025,1621.8,1212.1185778032043
1,Static Early Fusion HistGB,184,2025_L422,2025,1594.54,1303.4134633155675
1,Static Early Fusion HistGB,185,2025_L423,2025,1519.38,1083.3692359215283
1,Static Early Fusion HistGB,190,2025_L515,2025,205.0,408.97331245024054
1,Static Early Fusion HistGB,206,2025_L623,2025,964.32,1145.4265480703511
1,Trajectory Fusion ExtraTrees,0,2023_121,2023,910.0,967.4881766666662
1,Trajectory Fusion ExtraTrees,1,2023_122,2023,868.0,945.0582033333337
1,Trajectory Fusion ExtraTrees,10,2023_322,2023,821.0,954.3779166666677
1,Trajectory Fusion ExtraTrees,13,2023_325,2023,1070.0,1088.5599699999993
1,Trajectory Fusion ExtraTrees,16,2023_422,2023,1093.4,1011.9167499999987
1,Trajectory Fusion ExtraTrees,20,2023_523,2023,1078.2,1001.449979999999
1,Trajectory Fusion ExtraTrees,21,2023_524,2023,1125.3,866.0053933333315
1,Trajectory Fusion ExtraTrees,32,2023_626,2023,1260.0,1145.7184033333297
1,Trajectory Fusion ExtraTrees,39,2024_CK11,2024,210.0,670.4106149999997
1,Trajectory Fusion ExtraTrees,40,2024_CK12,2024,166.65,745.196631666666
1,Trajectory Fusion ExtraTrees,52,2024_L112,2024,651.0,594.0802916666669
1,Trajectory Fusion ExtraTrees,57,2024_L211,2024,379.3,528.9488199999997
1,Trajectory Fusion ExtraTrees,61,2024_L215,2024,740.0,715.7119649999996
1,Trajectory Fusion ExtraTrees,63,2024_L221,2024,701.68,483.9669400000002
1,Trajectory Fusion ExtraTrees,66,2024_L224,2024,524.3,666.6158699999995
1,Trajectory Fusion ExtraTrees,71,2024_L313,2024,620.0,723.1699566666664
1,Trajectory Fusion ExtraTrees,75,2024_L411,2024,810.9,742.2551416666666
1,Trajectory Fusion ExtraTrees,76,2024_L412,2024,150.0,642.8073483333324
1,Trajectory Fusion ExtraTrees,80,2024_L423,2024,759.69,723.3027249999999
1,Trajectory Fusion ExtraTrees,81,2024_L511,2024,150.0,10.173439999999989
1,Trajectory Fusion ExtraTrees,82,2024_L512,2024,575.0,364.62475
1,Trajectory Fusion ExtraTrees,85,2024_L515,2024,102.5,669.7382233333321
1,Trajectory Fusion ExtraTrees,96,2024_L614,2024,360.5,600.8725383333326
1,Trajectory Fusion ExtraTrees,97,2024_L615,2024,466.5,619.7756733333332
1,Trajectory Fusion ExtraTrees,115,2024_R218,2024,390.85,585.6835916666672
1,Trajectory Fusion ExtraTrees,123,2024_R314,2024,112.5,644.3056083333327
1,Trajectory Fusion ExtraTrees,127,2024_R325,2024,812.165,488.38557666666634
1,Trajectory Fusion ExtraTrees,128,2024_R326,2024,588.03,575.8755799999996
1,Trajectory Fusion ExtraTrees,137,2024_R519,2024,565.0,541.5272950000002
1,Trajectory Fusion ExtraTrees,140,2024_R529,2024,630.41,630.9928683333334
1,Trajectory Fusion ExtraTrees,149,2025_CK13,2025,350.0,1036.2416100000016
1,Trajectory Fusion ExtraTrees,152,2025_CK23,2025,1649.1,1137.2770900000014
1,Trajectory Fusion ExtraTrees,155,2025_CK26,2025,1662.84,1197.480133333339
1,Trajectory Fusion ExtraTrees,162,2025_L211,2025,758.6,877.8323333333328
1,Trajectory Fusion ExtraTrees,164,2025_L213,2025,110.0,1207.673163333334
1,Trajectory Fusion ExtraTrees,173,2025_L226,2025,1374.25,1035.2453233333345
1,Trajectory Fusion ExtraTrees,176,2025_L313,2025,840.0,1022.4349433333341
1,Trajectory Fusion ExtraTrees,180,2025_L411,2025,1621.8,823.2587066666679
1,Trajectory Fusion ExtraTrees,184,2025_L422,2025,1594.54,1122.8518900000013
1,Trajectory Fusion ExtraTrees,185,2025_L423,2025,1519.38,1250.9227933333354
1,Trajectory Fusion ExtraTrees,190,2025_L515,2025,205.0,758.6387733333326
1,Trajectory Fusion ExtraTrees,206,2025_L623,2025,964.32,1013.0979249999995
1,CMGT-DINO,0,2023_121,2023,910.0,991.3765059937178
1,CMGT-DINO,1,2023_122,2023,868.0,968.3194235509204
1,CMGT-DINO,10,2023_322,2023,821.0,905.7541435633597
1,CMGT-DINO,13,2023_325,2023,1070.0,1063.5640544131302
1,CMGT-DINO,16,2023_422,2023,1093.4,984.4159364804062
1,CMGT-DINO,20,2023_523,2023,1078.2,990.9094750072941
1,CMGT-DINO,21,2023_524,2023,1125.3,823.6404125922791
1,CMGT-DINO,32,2023_626,2023,1260.0,1128.4764326204977
1,CMGT-DINO,39,2024_CK11,2024,210.0,902.5419260665683
1,CMGT-DINO,40,2024_CK12,2024,166.65,667.8981944642121
1,CMGT-DINO,52,2024_L112,2024,651.0,620.9902145941351
1,CMGT-DINO,57,2024_L211,2024,379.3,496.27381365980307
1,CMGT-DINO,61,2024_L215,2024,740.0,835.5748216139498
1,CMGT-DINO,63,2024_L221,2024,701.68,526.0939498820726
1,CMGT-DINO,66,2024_L224,2024,524.3,776.2361344197677
1,CMGT-DINO,71,2024_L313,2024,620.0,662.540259889673
1,CMGT-DINO,75,2024_L411,2024,810.9,774.4684975632861
1,CMGT-DINO,76,2024_L412,2024,150.0,660.2333111488599
1,CMGT-DINO,80,2024_L423,2024,759.69,779.4821732958246
1,CMGT-DINO,81,2024_L511,2024,150.0,115.64779297361702
1,CMGT-DINO,82,2024_L512,2024,575.0,320.83058872823307
1,CMGT-DINO,85,2024_L515,2024,102.5,713.3401017610252
1,CMGT-DINO,96,2024_L614,2024,360.5,592.6088109898592
1,CMGT-DINO,97,2024_L615,2024,466.5,627.916319078795
1,CMGT-DINO,115,2024_R218,2024,390.85,584.2552110857074
1,CMGT-DINO,123,2024_R314,2024,112.5,608.0020248833745
1,CMGT-DINO,127,2024_R325,2024,812.165,425.8963204875281
1,CMGT-DINO,128,2024_R326,2024,588.03,598.2905619548222
1,CMGT-DINO,137,2024_R519,2024,565.0,520.643952930752
1,CMGT-DINO,140,2024_R529,2024,630.41,583.3996278901302
1,CMGT-DINO,149,2025_CK13,2025,350.0,962.8634454475487
1,CMGT-DINO,152,2025_CK23,2025,1649.1,1178.546518847706
1,CMGT-DINO,155,2025_CK26,2025,1662.84,1100.6865845274242
1,CMGT-DINO,162,2025_L211,2025,758.6,707.9368936999506
1,CMGT-DINO,164,2025_L213,2025,110.0,1329.2923494112165
1,CMGT-DINO,173,2025_L226,2025,1374.25,1115.97934332746
1,CMGT-DINO,176,2025_L313,2025,840.0,1001.5278001815453
1,CMGT-DINO,180,2025_L411,2025,1621.8,848.906636182793
1,CMGT-DINO,184,2025_L422,2025,1594.54,950.6566958362711
1,CMGT-DINO,185,2025_L423,2025,1519.38,1125.6632427879495
1,CMGT-DINO,190,2025_L515,2025,205.0,596.3367772339399
1,CMGT-DINO,206,2025_L623,2025,964.32,1041.7108278020046
2,DINOv3 Static Image ExtraTrees,3,2023_221,2023,884.8,934.9904799999921
2,DINOv3 Static Image ExtraTrees,4,2023_222,2023,933.4,934.9904799999921
2,DINOv3 Static Image ExtraTrees,9,2023_321,2023,835.1,911.8400000000092
2,DINOv3 Static Image ExtraTrees,15,2023_421,2023,987.16,1048.635004000005
2,DINOv3 Static Image ExtraTrees,21,2023_524,2023,1125.3,1141.1730166666623
2,DINOv3 Static Image ExtraTrees,23,2023_526,2023,1124.4,1141.1730166666623
2,DINOv3 Static Image ExtraTrees,27,2023_621,2023,1174.0,1141.1730166666623
2,DINOv3 Static Image ExtraTrees,37,2023_725,2023,1120.8,1076.2453333333333
2,DINOv3 Static Image ExtraTrees,41,2024_CK13,2024,175.0,512.4857142857162
2,DINOv3 Static Image ExtraTrees,50,2024_CK26,2024,831.42,598.4772222222199
2,DINOv3 Static Image ExtraTrees,68,2024_L226,2024,687.125,720.7220000000048
2,DINOv3 Static Image ExtraTrees,74,2024_L323,2024,644.0,720.7220000000048
2,DINOv3 Static Image ExtraTrees,77,2024_L413,2024,1062.5,512.4857142857162
2,DINOv3 Static Image ExtraTrees,78,2024_L421,2024,920.64,512.4857142857162
2,DINOv3 Static Image ExtraTrees,79,2024_L422,2024,797.27,512.4857142857162
2,DINOv3 Static Image ExtraTrees,80,2024_L423,2024,759.69,512.4857142857162
2,DINOv3 Static Image ExtraTrees,95,2024_L613,2024,325.35,380.0111111111157
2,DINOv3 Static Image ExtraTrees,97,2024_L615,2024,466.5,526.7968181818155
2,DINOv3 Static Image ExtraTrees,99,2024_L621,2024,0.0,380.0111111111157
2,DINOv3 Static Image ExtraTrees,100,2024_L622,2024,267.75,380.0111111111157
2,DINOv3 Static Image ExtraTrees,105,2024_R114,2024,819.65,560.8250000000053
2,DINOv3 Static Image ExtraTrees,111,2024_R2110,2024,491.25,530.1350000000035
2,DINOv3 Static Image ExtraTrees,122,2024_R229,2024,476.055,560.8250000000053
2,DINOv3 Static Image ExtraTrees,127,2024_R325,2024,812.165,530.1350000000035
2,DINOv3 Static Image ExtraTrees,130,2024_R415,2024,0.0,598.4772222222199
2,DINOv3 Static Image ExtraTrees,132,2024_R424,2024,612.48,598.4772222222199
2,DINOv3 Static Image ExtraTrees,135,2024_R517,2024,892.5,647.4549999999984
2,DINOv3 Static Image ExtraTrees,137,2024_R519,2024,565.0,647.4549999999984
2,DINOv3 Static Image ExtraTrees,145,2024_R628,2024,469.8,647.4549999999984
2,DINOv3 Static Image ExtraTrees,146,2024_R629,2024,710.08,647.4549999999984
2,DINOv3 Static Image ExtraTrees,154,2025_CK25,2025,1358.76,1443.9531466666576
2,DINOv3 Static Image ExtraTrees,161,2025_L123,2025,1340.64,920.3574999999962
2,DINOv3 Static Image ExtraTrees,162,2025_L211,2025,758.6,920.3574999999962
2,DINOv3 Static Image ExtraTrees,164,2025_L213,2025,110.0,920.3574999999962
2,DINOv3 Static Image ExtraTrees,165,2025_L214,2025,562.5,915.994000000005
2,DINOv3 Static Image ExtraTrees,168,2025_L221,2025,1403.36,920.3574999999962
2,DINOv3 Static Image ExtraTrees,173,2025_L226,2025,1374.25,915.994000000005
2,DINOv3 Static Image ExtraTrees,180,2025_L411,2025,1621.8,1117.9595189090846
2,DINOv3 Static Image ExtraTrees,185,2025_L423,2025,1519.38,1117.9595189090846
2,DINOv3 Static Image ExtraTrees,190,2025_L515,2025,205.0,1088.8083333333384
2,DINOv3 Static Image ExtraTrees,196,2025_L525,2025,1476.2,1088.8083333333384
2,DINOv3 Static Image ExtraTrees,203,2025_L616,2025,37.5,1088.8083333333384
2,Phenotype-only ExtraTrees,3,2023_221,2023,884.8,934.1392600000021
2,Phenotype-only ExtraTrees,4,2023_222,2023,933.4,983.7898666666681
2,Phenotype-only ExtraTrees,9,2023_321,2023,835.1,1078.0536990476194
2,Phenotype-only ExtraTrees,15,2023_421,2023,987.16,1144.9609300000004
2,Phenotype-only ExtraTrees,21,2023_524,2023,1125.3,564.2735202380949
2,Phenotype-only ExtraTrees,23,2023_526,2023,1124.4,1073.1130280952386
2,Phenotype-only ExtraTrees,27,2023_621,2023,1174.0,1069.1504416666664
2,Phenotype-only ExtraTrees,37,2023_725,2023,1120.8,1084.6117509523822
2,Phenotype-only ExtraTrees,41,2024_CK13,2024,175.0,591.0763386904758
2,Phenotype-only ExtraTrees,50,2024_CK26,2024,831.42,728.8225014285715
2,Phenotype-only ExtraTrees,68,2024_L226,2024,687.125,541.2323061904768
2,Phenotype-only ExtraTrees,74,2024_L323,2024,644.0,739.8451211904762
2,Phenotype-only ExtraTrees,77,2024_L413,2024,1062.5,612.411843333333
2,Phenotype-only ExtraTrees,78,2024_L421,2024,920.64,618.0164816666666
2,Phenotype-only ExtraTrees,79,2024_L422,2024,797.27,560.5029276190478
2,Phenotype-only ExtraTrees,80,2024_L423,2024,759.69,615.8446791666668
2,Phenotype-only ExtraTrees,95,2024_L613,2024,325.35,676.8401220238095
2,Phenotype-only ExtraTrees,97,2024_L615,2024,466.5,713.3064566666665
2,Phenotype-only ExtraTrees,99,2024_L621,2024,0.0,594.596183333333
2,Phenotype-only ExtraTrees,100,2024_L622,2024,267.75,480.13923333333315
2,Phenotype-only ExtraTrees,105,2024_R114,2024,819.65,566.4019114285715
2,Phenotype-only ExtraTrees,111,2024_R2110,2024,491.25,597.9044309523814
2,Phenotype-only ExtraTrees,122,2024_R229,2024,476.055,690.3700383333331
2,Phenotype-only ExtraTrees,127,2024_R325,2024,812.165,540.1171997619045
2,Phenotype-only ExtraTrees,130,2024_R415,2024,0.0,656.0705166666658
2,Phenotype-only ExtraTrees,132,2024_R424,2024,612.48,547.8061728571428
2,Phenotype-only ExtraTrees,135,2024_R517,2024,892.5,591.6089373809518
2,Phenotype-only ExtraTrees,137,2024_R519,2024,565.0,564.4830150000004
2,Phenotype-only ExtraTrees,145,2024_R628,2024,469.8,527.1539365476191
2,Phenotype-only ExtraTrees,146,2024_R629,2024,710.08,606.3005600000001
2,Phenotype-only ExtraTrees,154,2025_CK25,2025,1358.76,1203.955129999999
2,Phenotype-only ExtraTrees,161,2025_L123,2025,1340.64,987.4797683333331
2,Phenotype-only ExtraTrees,162,2025_L211,2025,758.6,806.3566950000005
2,Phenotype-only ExtraTrees,164,2025_L213,2025,110.0,943.9043650000002
2,Phenotype-only ExtraTrees,165,2025_L214,2025,562.5,854.3356054761905
2,Phenotype-only ExtraTrees,168,2025_L221,2025,1403.36,673.1685066666672
2,Phenotype-only ExtraTrees,173,2025_L226,2025,1374.25,1258.6068033333343
2,Phenotype-only ExtraTrees,180,2025_L411,2025,1621.8,774.8368421428572
2,Phenotype-only ExtraTrees,185,2025_L423,2025,1519.38,937.4339366666655
2,Phenotype-only ExtraTrees,190,2025_L515,2025,205.0,752.2396416666658
2,Phenotype-only ExtraTrees,196,2025_L525,2025,1476.2,904.5614571428576
2,Phenotype-only ExtraTrees,203,2025_L616,2025,37.5,737.990156666666
2,Environment-only ExtraTrees,3,2023_221,2023,884.8,1070.0732258064565
2,Environment-only ExtraTrees,4,2023_222,2023,933.4,1070.0732258064565
2,Environment-only ExtraTrees,9,2023_321,2023,835.1,1070.0732258064565
2,Environment-only ExtraTrees,15,2023_421,2023,987.16,1070.0732258064565
2,Environment-only ExtraTrees,21,2023_524,2023,1125.3,1070.0732258064565
2,Environment-only ExtraTrees,23,2023_526,2023,1124.4,1070.0732258064565
2,Environment-only ExtraTrees,27,2023_621,2023,1174.0,1070.0732258064565
2,Environment-only ExtraTrees,37,2023_725,2023,1120.8,1070.0732258064565
2,Environment-only ExtraTrees,41,2024_CK13,2024,175.0,547.6017441860471
2,Environment-only ExtraTrees,50,2024_CK26,2024,831.42,547.6017441860471
2,Environment-only ExtraTrees,68,2024_L226,2024,687.125,547.6017441860471
2,Environment-only ExtraTrees,74,2024_L323,2024,644.0,547.6017441860471
2,Environment-only ExtraTrees,77,2024_L413,2024,1062.5,547.6017441860471
2,Environment-only ExtraTrees,78,2024_L421,2024,920.64,547.6017441860471
2,Environment-only ExtraTrees,79,2024_L422,2024,797.27,547.6017441860471
2,Environment-only ExtraTrees,80,2024_L423,2024,759.69,547.6017441860471
2,Environment-only ExtraTrees,95,2024_L613,2024,325.35,547.6017441860471
2,Environment-only ExtraTrees,97,2024_L615,2024,466.5,547.6017441860471
2,Environment-only ExtraTrees,99,2024_L621,2024,0.0,547.6017441860471
2,Environment-only ExtraTrees,100,2024_L622,2024,267.75,547.6017441860471
2,Environment-only ExtraTrees,105,2024_R114,2024,819.65,547.6017441860471
2,Environment-only ExtraTrees,111,2024_R2110,2024,491.25,547.6017441860471
2,Environment-only ExtraTrees,122,2024_R229,2024,476.055,547.6017441860471
2,Environment-only ExtraTrees,127,2024_R325,2024,812.165,547.6017441860471
2,Environment-only ExtraTrees,130,2024_R415,2024,0.0,547.6017441860471
2,Environment-only ExtraTrees,132,2024_R424,2024,612.48,547.6017441860471
2,Environment-only ExtraTrees,135,2024_R517,2024,892.5,547.6017441860471
2,Environment-only ExtraTrees,137,2024_R519,2024,565.0,547.6017441860471
2,Environment-only ExtraTrees,145,2024_R628,2024,469.8,547.6017441860471
2,Environment-only ExtraTrees,146,2024_R629,2024,710.08,547.6017441860471
2,Environment-only ExtraTrees,154,2025_CK25,2025,1358.76,1444.4449999999902
2,Environment-only ExtraTrees,161,2025_L123,2025,1340.64,998.8667391304473
2,Environment-only ExtraTrees,162,2025_L211,2025,758.6,998.8667391304473
2,Environment-only ExtraTrees,164,2025_L213,2025,110.0,998.8667391304473
2,Environment-only ExtraTrees,165,2025_L214,2025,562.5,998.8667391304473
2,Environment-only ExtraTrees,168,2025_L221,2025,1403.36,998.8667391304473
2,Environment-only ExtraTrees,173,2025_L226,2025,1374.25,998.8667391304473
2,Environment-only ExtraTrees,180,2025_L411,2025,1621.8,998.8667391304473
2,Environment-only ExtraTrees,185,2025_L423,2025,1519.38,998.8667391304473
2,Environment-only ExtraTrees,190,2025_L515,2025,205.0,998.8667391304473
2,Environment-only ExtraTrees,196,2025_L525,2025,1476.2,998.8667391304473
2,Environment-only ExtraTrees,203,2025_L616,2025,37.5,998.8667391304473
2,Static Early Fusion ExtraTrees,3,2023_221,2023,884.8,940.5213566666674
2,Static Early Fusion ExtraTrees,4,2023_222,2023,933.4,1018.3997566666668
2,Static Early Fusion ExtraTrees,9,2023_321,2023,835.1,1017.0489266666668
2,Static Early Fusion ExtraTrees,15,2023_421,2023,987.16,1086.1802083333332
2,Static Early Fusion ExtraTrees,21,2023_524,2023,1125.3,1080.5311833333321
2,Static Early Fusion ExtraTrees,23,2023_526,2023,1124.4,1087.2692849999992
2,Static Early Fusion ExtraTrees,27,2023_621,2023,1174.0,1114.4072166666656
2,Static Early Fusion ExtraTrees,37,2023_725,2023,1120.8,1065.0818099999995
2,Static Early Fusion ExtraTrees,41,2024_CK13,2024,175.0,581.6975416666664
2,Static Early Fusion ExtraTrees,50,2024_CK26,2024,831.42,587.1768049999998
2,Static Early Fusion ExtraTrees,68,2024_L226,2024,687.125,640.6631916666661
2,Static Early Fusion ExtraTrees,74,2024_L323,2024,644.0,721.0241199999998
2,Static Early Fusion ExtraTrees,77,2024_L413,2024,1062.5,562.363535
2,Static Early Fusion ExtraTrees,78,2024_L421,2024,920.64,497.00311833333336
2,Static Early Fusion ExtraTrees,79,2024_L422,2024,797.27,517.1143100000002
2,Static Early Fusion ExtraTrees,80,2024_L423,2024,759.69,559.4791316666671
2,Static Early Fusion ExtraTrees,95,2024_L613,2024,325.35,564.4273499999996
2,Static Early Fusion ExtraTrees,97,2024_L615,2024,466.5,506.7669733333331
2,Static Early Fusion ExtraTrees,99,2024_L621,2024,0.0,436.9228016666657
2,Static Early Fusion ExtraTrees,100,2024_L622,2024,267.75,420.4784499999996
2,Static Early Fusion ExtraTrees,105,2024_R114,2024,819.65,624.9979783333325
2,Static Early Fusion ExtraTrees,111,2024_R2110,2024,491.25,558.469943333334
2,Static Early Fusion ExtraTrees,122,2024_R229,2024,476.055,642.6000099999999
2,Static Early Fusion ExtraTrees,127,2024_R325,2024,812.165,493.28762999999964
2,Static Early Fusion ExtraTrees,130,2024_R415,2024,0.0,635.6704633333336
2,Static Early Fusion ExtraTrees,132,2024_R424,2024,612.48,593.0630950000004
2,Static Early Fusion ExtraTrees,135,2024_R517,2024,892.5,621.3431699999993
2,Static Early Fusion ExtraTrees,137,2024_R519,2024,565.0,626.17428
2,Static Early Fusion ExtraTrees,145,2024_R628,2024,469.8,584.6970350000005
2,Static Early Fusion ExtraTrees,146,2024_R629,2024,710.08,667.4019649999994
2,Static Early Fusion ExtraTrees,154,2025_CK25,2025,1358.76,1287.8932283333327
2,Static Early Fusion ExtraTrees,161,2025_L123,2025,1340.64,1039.443053333333
2,Static Early Fusion ExtraTrees,162,2025_L211,2025,758.6,819.0711333333331
2,Static Early Fusion ExtraTrees,164,2025_L213,2025,110.0,939.3831499999997
2,Static Early Fusion ExtraTrees,165,2025_L214,2025,562.5,847.7586999999996
2,Static Early Fusion ExtraTrees,168,2025_L221,2025,1403.36,889.1967966666668
2,Static Early Fusion ExtraTrees,173,2025_L226,2025,1374.25,1012.7987300000003
2,Static Early Fusion ExtraTrees,180,2025_L411,2025,1621.8,1033.4357933333333
2,Static Early Fusion ExtraTrees,185,2025_L423,2025,1519.38,1325.469046666666
2,Static Early Fusion ExtraTrees,190,2025_L515,2025,205.0,855.6275016666657
2,Static Early Fusion ExtraTrees,196,2025_L525,2025,1476.2,951.6259366666661
2,Static Early Fusion ExtraTrees,203,2025_L616,2025,37.5,967.4115133333321
2,Static Early Fusion XGBoost,3,2023_221,2023,884.8,827.1414794921875
2,Static Early Fusion XGBoost,4,2023_222,2023,933.4,924.826416015625
2,Static Early Fusion XGBoost,9,2023_321,2023,835.1,942.737060546875
2,Static Early Fusion XGBoost,15,2023_421,2023,987.16,1048.3458251953125
2,Static Early Fusion XGBoost,21,2023_524,2023,1125.3,902.1482543945312
2,Static Early Fusion XGBoost,23,2023_526,2023,1124.4,1185.7410888671875
2,Static Early Fusion XGBoost,27,2023_621,2023,1174.0,1138.675537109375
2,Static Early Fusion XGBoost,37,2023_725,2023,1120.8,1028.64697265625
2,Static Early Fusion XGBoost,41,2024_CK13,2024,175.0,547.7240600585938
2,Static Early Fusion XGBoost,50,2024_CK26,2024,831.42,574.138916015625
2,Static Early Fusion XGBoost,68,2024_L226,2024,687.125,715.277587890625
2,Static Early Fusion XGBoost,74,2024_L323,2024,644.0,761.02197265625
2,Static Early Fusion XGBoost,77,2024_L413,2024,1062.5,406.6999816894531
2,Static Early Fusion XGBoost,78,2024_L421,2024,920.64,485.0287780761719
2,Static Early Fusion XGBoost,79,2024_L422,2024,797.27,619.6810302734375
2,Static Early Fusion XGBoost,80,2024_L423,2024,759.69,621.5535278320312
2,Static Early Fusion XGBoost,95,2024_L613,2024,325.35,473.13714599609375
2,Static Early Fusion XGBoost,97,2024_L615,2024,466.5,492.7242126464844
2,Static Early Fusion XGBoost,99,2024_L621,2024,0.0,353.7452087402344
2,Static Early Fusion XGBoost,100,2024_L622,2024,267.75,468.757568359375
2,Static Early Fusion XGBoost,105,2024_R114,2024,819.65,629.9022216796875
2,Static Early Fusion XGBoost,111,2024_R2110,2024,491.25,604.696533203125
2,Static Early Fusion XGBoost,122,2024_R229,2024,476.055,831.1152954101562
2,Static Early Fusion XGBoost,127,2024_R325,2024,812.165,445.3426513671875
2,Static Early Fusion XGBoost,130,2024_R415,2024,0.0,675.4208984375
2,Static Early Fusion XGBoost,132,2024_R424,2024,612.48,593.056884765625
2,Static Early Fusion XGBoost,135,2024_R517,2024,892.5,509.3153991699219
2,Static Early Fusion XGBoost,137,2024_R519,2024,565.0,648.9473266601562
2,Static Early Fusion XGBoost,145,2024_R628,2024,469.8,364.4731140136719
2,Static Early Fusion XGBoost,146,2024_R629,2024,710.08,780.3377685546875
2,Static Early Fusion XGBoost,154,2025_CK25,2025,1358.76,1052.63720703125
2,Static Early Fusion XGBoost,161,2025_L123,2025,1340.64,982.1023559570312
2,Static Early Fusion XGBoost,162,2025_L211,2025,758.6,711.3085327148438
2,Static Early Fusion XGBoost,164,2025_L213,2025,110.0,921.7015380859375
2,Static Early Fusion XGBoost,165,2025_L214,2025,562.5,893.32763671875
2,Static Early Fusion XGBoost,168,2025_L221,2025,1403.36,964.5421752929688
2,Static Early Fusion XGBoost,173,2025_L226,2025,1374.25,1313.955810546875
2,Static Early Fusion XGBoost,180,2025_L411,2025,1621.8,777.639404296875
2,Static Early Fusion XGBoost,185,2025_L423,2025,1519.38,1325.794921875
2,Static Early Fusion XGBoost,190,2025_L515,2025,205.0,784.68310546875
2,Static Early Fusion XGBoost,196,2025_L525,2025,1476.2,1003.99462890625
2,Static Early Fusion XGBoost,203,2025_L616,2025,37.5,831.9830322265625
2,Static Early Fusion CatBoost,3,2023_221,2023,884.8,828.6561277277893
2,Static Early Fusion CatBoost,4,2023_222,2023,933.4,987.6116362447058
2,Static Early Fusion CatBoost,9,2023_321,2023,835.1,1063.5201675268063
2,Static Early Fusion CatBoost,15,2023_421,2023,987.16,1122.1218134098074
2,Static Early Fusion CatBoost,21,2023_524,2023,1125.3,968.3445487910769
2,Static Early Fusion CatBoost,23,2023_526,2023,1124.4,1103.5314562045332
2,Static Early Fusion CatBoost,27,2023_621,2023,1174.0,1055.1927683172567
2,Static Early Fusion CatBoost,37,2023_725,2023,1120.8,1002.8375193838472
2,Static Early Fusion CatBoost,41,2024_CK13,2024,175.0,525.0345023410459
2,Static Early Fusion CatBoost,50,2024_CK26,2024,831.42,567.4825489081661
2,Static Early Fusion CatBoost,68,2024_L226,2024,687.125,688.9390873368103
2,Static Early Fusion CatBoost,74,2024_L323,2024,644.0,730.1791353968773
2,Static Early Fusion CatBoost,77,2024_L413,2024,1062.5,487.84979215011833
2,Static Early Fusion CatBoost,78,2024_L421,2024,920.64,524.0412878373763
2,Static Early Fusion CatBoost,79,2024_L422,2024,797.27,555.4214345735801
2,Static Early Fusion CatBoost,80,2024_L423,2024,759.69,602.8216023039856
2,Static Early Fusion CatBoost,95,2024_L613,2024,325.35,508.12028826504894
2,Static Early Fusion CatBoost,97,2024_L615,2024,466.5,415.5873467891755
2,Static Early Fusion CatBoost,99,2024_L621,2024,0.0,531.4520196591646
2,Static Early Fusion CatBoost,100,2024_L622,2024,267.75,507.2527218662222
2,Static Early Fusion CatBoost,105,2024_R114,2024,819.65,544.2961118972158
2,Static Early Fusion CatBoost,111,2024_R2110,2024,491.25,580.9747220597889
2,Static Early Fusion CatBoost,122,2024_R229,2024,476.055,701.5020928165778
2,Static Early Fusion CatBoost,127,2024_R325,2024,812.165,564.7182741184747
2,Static Early Fusion CatBoost,130,2024_R415,2024,0.0,616.6914276013586
2,Static Early Fusion CatBoost,132,2024_R424,2024,612.48,564.6597913626331
2,Static Early Fusion CatBoost,135,2024_R517,2024,892.5,548.5937541763113
2,Static Early Fusion CatBoost,137,2024_R519,2024,565.0,654.0789139466438
2,Static Early Fusion CatBoost,145,2024_R628,2024,469.8,452.4695748200157
2,Static Early Fusion CatBoost,146,2024_R629,2024,710.08,774.7872669647292
2,Static Early Fusion CatBoost,154,2025_CK25,2025,1358.76,1157.8282174620472
2,Static Early Fusion CatBoost,161,2025_L123,2025,1340.64,1071.5983868620647
2,Static Early Fusion CatBoost,162,2025_L211,2025,758.6,868.5665289033443
2,Static Early Fusion CatBoost,164,2025_L213,2025,110.0,903.8856095538633
2,Static Early Fusion CatBoost,165,2025_L214,2025,562.5,768.5651814724082
2,Static Early Fusion CatBoost,168,2025_L221,2025,1403.36,987.8370360867077
2,Static Early Fusion CatBoost,173,2025_L226,2025,1374.25,1156.9901712563997
2,Static Early Fusion CatBoost,180,2025_L411,2025,1621.8,1147.6575053569027
2,Static Early Fusion CatBoost,185,2025_L423,2025,1519.38,1203.53975776024
2,Static Early Fusion CatBoost,190,2025_L515,2025,205.0,899.8896336769934
2,Static Early Fusion CatBoost,196,2025_L525,2025,1476.2,1049.4072182418524
2,Static Early Fusion CatBoost,203,2025_L616,2025,37.5,844.7563214911281
2,Static Early Fusion HistGB,3,2023_221,2023,884.8,901.1560819996482
2,Static Early Fusion HistGB,4,2023_222,2023,933.4,1042.8445756262965
2,Static Early Fusion HistGB,9,2023_321,2023,835.1,1034.875635380598
2,Static Early Fusion HistGB,15,2023_421,2023,987.16,1149.9378323675041
2,Static Early Fusion HistGB,21,2023_524,2023,1125.3,964.933927828251
2,Static Early Fusion HistGB,23,2023_526,2023,1124.4,1151.5128489405934
2,Static Early Fusion HistGB,27,2023_621,2023,1174.0,1046.2200282966644
2,Static Early Fusion HistGB,37,2023_725,2023,1120.8,1171.7291051404368
2,Static Early Fusion HistGB,41,2024_CK13,2024,175.0,566.5793429069809
2,Static Early Fusion HistGB,50,2024_CK26,2024,831.42,700.5599724739254
2,Static Early Fusion HistGB,68,2024_L226,2024,687.125,643.7907394647018
2,Static Early Fusion HistGB,74,2024_L323,2024,644.0,847.2185442287096
2,Static Early Fusion HistGB,77,2024_L413,2024,1062.5,578.0362280124288
2,Static Early Fusion HistGB,78,2024_L421,2024,920.64,538.3718574246917
2,Static Early Fusion HistGB,79,2024_L422,2024,797.27,496.6698096294178
2,Static Early Fusion HistGB,80,2024_L423,2024,759.69,525.4474131281057
2,Static Early Fusion HistGB,95,2024_L613,2024,325.35,545.5697386026935
2,Static Early Fusion HistGB,97,2024_L615,2024,466.5,637.1068786864499
2,Static Early Fusion HistGB,99,2024_L621,2024,0.0,230.01742621042973
2,Static Early Fusion HistGB,100,2024_L622,2024,267.75,451.6360589115452
2,Static Early Fusion HistGB,105,2024_R114,2024,819.65,535.8482507510071
2,Static Early Fusion HistGB,111,2024_R2110,2024,491.25,533.1411265584989
2,Static Early Fusion HistGB,122,2024_R229,2024,476.055,701.6781760166714
2,Static Early Fusion HistGB,127,2024_R325,2024,812.165,438.02199926853234
2,Static Early Fusion HistGB,130,2024_R415,2024,0.0,514.9063393755384
2,Static Early Fusion HistGB,132,2024_R424,2024,612.48,619.1020733155459
2,Static Early Fusion HistGB,135,2024_R517,2024,892.5,560.342501364935
2,Static Early Fusion HistGB,137,2024_R519,2024,565.0,495.2363580313552
2,Static Early Fusion HistGB,145,2024_R628,2024,469.8,494.0113514745307
2,Static Early Fusion HistGB,146,2024_R629,2024,710.08,749.8702206960967
2,Static Early Fusion HistGB,154,2025_CK25,2025,1358.76,1192.542082127818
2,Static Early Fusion HistGB,161,2025_L123,2025,1340.64,983.4522856072721
2,Static Early Fusion HistGB,162,2025_L211,2025,758.6,637.4375974414818
2,Static Early Fusion HistGB,164,2025_L213,2025,110.0,838.3611812329808
2,Static Early Fusion HistGB,165,2025_L214,2025,562.5,656.4255664414701
2,Static Early Fusion HistGB,168,2025_L221,2025,1403.36,1176.409911547433
2,Static Early Fusion HistGB,173,2025_L226,2025,1374.25,1061.6137478661876
2,Static Early Fusion HistGB,180,2025_L411,2025,1621.8,830.7602842146013
2,Static Early Fusion HistGB,185,2025_L423,2025,1519.38,1322.9331055347914
2,Static Early Fusion HistGB,190,2025_L515,2025,205.0,981.2882128370608
2,Static Early Fusion HistGB,196,2025_L525,2025,1476.2,1142.8874170331428
2,Static Early Fusion HistGB,203,2025_L616,2025,37.5,1073.6217457670411
2,Trajectory Fusion ExtraTrees,3,2023_221,2023,884.8,918.542286666667
2,Trajectory Fusion ExtraTrees,4,2023_222,2023,933.4,927.7919100000001
2,Trajectory Fusion ExtraTrees,9,2023_321,2023,835.1,1003.9531233333356
2,Trajectory Fusion ExtraTrees,15,2023_421,2023,987.16,1058.9629966666646
2,Trajectory Fusion ExtraTrees,21,2023_524,2023,1125.3,930.237869999999
2,Trajectory Fusion ExtraTrees,23,2023_526,2023,1124.4,1168.6591599999995
2,Trajectory Fusion ExtraTrees,27,2023_621,2023,1174.0,1097.8925699999984
2,Trajectory Fusion ExtraTrees,37,2023_725,2023,1120.8,1042.222133333331
2,Trajectory Fusion ExtraTrees,41,2024_CK13,2024,175.0,646.4236850000001
2,Trajectory Fusion ExtraTrees,50,2024_CK26,2024,831.42,568.1037250000002
2,Trajectory Fusion ExtraTrees,68,2024_L226,2024,687.125,659.3321483333337
2,Trajectory Fusion ExtraTrees,74,2024_L323,2024,644.0,676.1296216666673
2,Trajectory Fusion ExtraTrees,77,2024_L413,2024,1062.5,633.1634100000003
2,Trajectory Fusion ExtraTrees,78,2024_L421,2024,920.64,592.4435466666674
2,Trajectory Fusion ExtraTrees,79,2024_L422,2024,797.27,551.9168950000001
2,Trajectory Fusion ExtraTrees,80,2024_L423,2024,759.69,603.158868333334
2,Trajectory Fusion ExtraTrees,95,2024_L613,2024,325.35,484.5371416666665
2,Trajectory Fusion ExtraTrees,97,2024_L615,2024,466.5,555.121318333333
2,Trajectory Fusion ExtraTrees,99,2024_L621,2024,0.0,411.87273999999957
2,Trajectory Fusion ExtraTrees,100,2024_L622,2024,267.75,567.5995833333334
2,Trajectory Fusion ExtraTrees,105,2024_R114,2024,819.65,613.9415699999994
2,Trajectory Fusion ExtraTrees,111,2024_R2110,2024,491.25,546.9691266666669
2,Trajectory Fusion ExtraTrees,122,2024_R229,2024,476.055,655.434748333334
2,Trajectory Fusion ExtraTrees,127,2024_R325,2024,812.165,494.22414999999995
2,Trajectory Fusion ExtraTrees,130,2024_R415,2024,0.0,585.9203933333335
2,Trajectory Fusion ExtraTrees,132,2024_R424,2024,612.48,628.8904683333332
2,Trajectory Fusion ExtraTrees,135,2024_R517,2024,892.5,609.6766333333329
2,Trajectory Fusion ExtraTrees,137,2024_R519,2024,565.0,524.5236866666662
2,Trajectory Fusion ExtraTrees,145,2024_R628,2024,469.8,534.3382016666669
2,Trajectory Fusion ExtraTrees,146,2024_R629,2024,710.08,717.2646216666664
2,Trajectory Fusion ExtraTrees,154,2025_CK25,2025,1358.76,1333.4488399999993
2,Trajectory Fusion ExtraTrees,161,2025_L123,2025,1340.64,1014.973123333333
2,Trajectory Fusion ExtraTrees,162,2025_L211,2025,758.6,748.8415666666662
2,Trajectory Fusion ExtraTrees,164,2025_L213,2025,110.0,1146.217456666667
2,Trajectory Fusion ExtraTrees,165,2025_L214,2025,562.5,738.9364766666658
2,Trajectory Fusion ExtraTrees,168,2025_L221,2025,1403.36,1036.1395533333325
2,Trajectory Fusion ExtraTrees,173,2025_L226,2025,1374.25,1201.1448700000003
2,Trajectory Fusion ExtraTrees,180,2025_L411,2025,1621.8,844.3517533333331
2,Trajectory Fusion ExtraTrees,185,2025_L423,2025,1519.38,1318.6914250000032
2,Trajectory Fusion ExtraTrees,190,2025_L515,2025,205.0,728.448656666666
2,Trajectory Fusion ExtraTrees,196,2025_L525,2025,1476.2,740.6544233333327
2,Trajectory Fusion ExtraTrees,203,2025_L616,2025,37.5,1030.9263833333325
2,CMGT-DINO,3,2023_221,2023,884.8,905.74606096806
2,CMGT-DINO,4,2023_222,2023,933.4,908.7604400279625
2,CMGT-DINO,9,2023_321,2023,835.1,1002.6294877394265
2,CMGT-DINO,15,2023_421,2023,987.16,1015.8642124580725
2,CMGT-DINO,21,2023_524,2023,1125.3,919.2905805859576
2,CMGT-DINO,23,2023_526,2023,1124.4,1116.8840709490678
2,CMGT-DINO,27,2023_621,2023,1174.0,1022.7077481328794
2,CMGT-DINO,37,2023_725,2023,1120.8,1016.3208093014402
2,CMGT-DINO,41,2024_CK13,2024,175.0,637.2806973656286
2,CMGT-DINO,50,2024_CK26,2024,831.42,567.7118918425913
2,CMGT-DINO,68,2024_L226,2024,687.125,682.6514531104178
2,CMGT-DINO,74,2024_L323,2024,644.0,602.7617219021593
2,CMGT-DINO,77,2024_L413,2024,1062.5,594.4156907771974
2,CMGT-DINO,78,2024_L421,2024,920.64,731.4181189655391
2,CMGT-DINO,79,2024_L422,2024,797.27,718.2865851197239
2,CMGT-DINO,80,2024_L423,2024,759.69,635.9607725387094
2,CMGT-DINO,95,2024_L613,2024,325.35,656.1009120070597
2,CMGT-DINO,97,2024_L615,2024,466.5,566.1563516479048
2,CMGT-DINO,99,2024_L621,2024,0.0,611.2341540663539
2,CMGT-DINO,100,2024_L622,2024,267.75,480.5597638720576
2,CMGT-DINO,105,2024_R114,2024,819.65,630.7851731111198
2,CMGT-DINO,111,2024_R2110,2024,491.25,622.5526011579595
2,CMGT-DINO,122,2024_R229,2024,476.055,706.1768640755928
2,CMGT-DINO,127,2024_R325,2024,812.165,530.6482633083582
2,CMGT-DINO,130,2024_R415,2024,0.0,601.9193147850565
2,CMGT-DINO,132,2024_R424,2024,612.48,605.9963356050857
2,CMGT-DINO,135,2024_R517,2024,892.5,710.7982030788935
2,CMGT-DINO,137,2024_R519,2024,565.0,646.0373063534801
2,CMGT-DINO,145,2024_R628,2024,469.8,588.4367523671729
2,CMGT-DINO,146,2024_R629,2024,710.08,624.8797140313486
2,CMGT-DINO,154,2025_CK25,2025,1358.76,1255.1010842190412
2,CMGT-DINO,161,2025_L123,2025,1340.64,1133.2299616387102
2,CMGT-DINO,162,2025_L211,2025,758.6,527.7052383294078
2,CMGT-DINO,164,2025_L213,2025,110.0,1281.1381697970091
2,CMGT-DINO,165,2025_L214,2025,562.5,817.822358815334
2,CMGT-DINO,168,2025_L221,2025,1403.36,988.4984268115691
2,CMGT-DINO,173,2025_L226,2025,1374.25,1049.2542286946195
2,CMGT-DINO,180,2025_L411,2025,1621.8,976.4203153751248
2,CMGT-DINO,185,2025_L423,2025,1519.38,1092.4444094595478
2,CMGT-DINO,190,2025_L515,2025,205.0,669.0673701265333
2,CMGT-DINO,196,2025_L525,2025,1476.2,952.6494950919791
2,CMGT-DINO,203,2025_L616,2025,37.5,833.993000614402
3,DINOv3 Static Image ExtraTrees,18,2023_521,2023,1008.8,1059.3425259999951
3,DINOv3 Static Image ExtraTrees,19,2023_522,2023,991.4,1059.3425259999951
3,DINOv3 Static Image ExtraTrees,24,2023_527,2023,1451.6,1217.8230333333272
3,DINOv3 Static Image ExtraTrees,26,2023_529,2023,1158.2,1217.8230333333272
3,DINOv3 Static Image ExtraTrees,28,2023_622,2023,1112.9,1129.8673379999957
3,DINOv3 Static Image ExtraTrees,29,2023_623,2023,1220.2,1129.8673379999957
3,DINOv3 Static Image ExtraTrees,31,2023_625,2023,1254.0,1217.8230333333272
3,DINOv3 Static Image ExtraTrees,34,2023_722,2023,1065.6,1094.358367833326
3,DINOv3 Static Image ExtraTrees,50,2024_CK26,2024,831.42,527.462499999996
3,DINOv3 Static Image ExtraTrees,63,2024_L221,2024,701.68,446.09545454545713
3,DINOv3 Static Image ExtraTrees,75,2024_L411,2024,810.9,558.5356145454524
3,DINOv3 Static Image ExtraTrees,78,2024_L421,2024,920.64,558.5356145454524
3,DINOv3 Static Image ExtraTrees,82,2024_L512,2024,575.0,286.99000000000126
3,DINOv3 Static Image ExtraTrees,86,2024_L516,2024,252.5,599.1403392857213
3,DINOv3 Static Image ExtraTrees,87,2024_L521,2024,143.1,286.99000000000126
3,DINOv3 Static Image ExtraTrees,88,2024_L522,2024,731.43,286.99000000000126
3,DINOv3 Static Image ExtraTrees,90,2024_L524,2024,283.125,599.1403392857213
3,DINOv3 Static Image ExtraTrees,91,2024_L525,2024,738.1,599.1403392857213
3,DINOv3 Static Image ExtraTrees,96,2024_L614,2024,360.5,599.1403392857213
3,DINOv3 Static Image ExtraTrees,97,2024_L615,2024,466.5,599.1403392857213
3,DINOv3 Static Image ExtraTrees,100,2024_L622,2024,267.75,286.99000000000126
3,DINOv3 Static Image ExtraTrees,109,2024_R125,2024,784.08,598.706674111106
3,DINOv3 Static Image ExtraTrees,116,2024_R219,2024,125.4,598.706674111106
3,DINOv3 Static Image ExtraTrees,118,2024_R2211,2024,620.36,545.4404999999985
3,DINOv3 Static Image ExtraTrees,120,2024_R227,2024,618.45,598.706674111106
3,DINOv3 Static Image ExtraTrees,124,2024_R315,2024,530.0,545.4404999999985
3,DINOv3 Static Image ExtraTrees,131,2024_R416,2024,724.15,527.462499999996
3,DINOv3 Static Image ExtraTrees,136,2024_R518,2024,393.75,666.9120933333339
3,DINOv3 Static Image ExtraTrees,141,2024_R617,2024,1021.25,666.9120933333339
3,DINOv3 Static Image ExtraTrees,145,2024_R628,2024,469.8,666.9120933333339
3,DINOv3 Static Image ExtraTrees,153,2025_CK24,2025,1226.05,997.5202522452539
3,DINOv3 Static Image ExtraTrees,155,2025_CK26,2025,1662.84,997.5202522452539
3,DINOv3 Static Image ExtraTrees,156,2025_L111,2025,1081.7,998.2522559999937
3,DINOv3 Static Image ExtraTrees,157,2025_L112,2025,160.0,998.2522559999937
3,DINOv3 Static Image ExtraTrees,162,2025_L211,2025,758.6,998.2522559999937
3,DINOv3 Static Image ExtraTrees,172,2025_L225,2025,1122.0,863.8063894545404
3,DINOv3 Static Image ExtraTrees,178,2025_L322,2025,1370.88,863.8063894545404
3,DINOv3 Static Image ExtraTrees,186,2025_L511,2025,300.0,1008.7759199999894
3,DINOv3 Static Image ExtraTrees,187,2025_L512,2025,1150.0,1008.7759199999894
3,DINOv3 Static Image ExtraTrees,191,2025_L516,2025,105.0,1160.3726671428506
3,DINOv3 Static Image ExtraTrees,203,2025_L616,2025,37.5,1160.3726671428506
3,DINOv3 Static Image ExtraTrees,204,2025_L621,2025,1220.4,1008.7759199999894
3,Phenotype-only ExtraTrees,18,2023_521,2023,1008.8,713.291421333333
3,Phenotype-only ExtraTrees,19,2023_522,2023,991.4,888.7431626666676
3,Phenotype-only ExtraTrees,24,2023_527,2023,1451.6,988.5929086666675
3,Phenotype-only ExtraTrees,26,2023_529,2023,1158.2,968.3490095000009
3,Phenotype-only ExtraTrees,28,2023_622,2023,1112.9,1079.3483449999997
3,Phenotype-only ExtraTrees,29,2023_623,2023,1220.2,1029.793875
3,Phenotype-only ExtraTrees,31,2023_625,2023,1254.0,1107.9338183333336
3,Phenotype-only ExtraTrees,34,2023_722,2023,1065.6,1063.1252883333332
3,Phenotype-only ExtraTrees,50,2024_CK26,2024,831.42,716.9409866666673
3,Phenotype-only ExtraTrees,63,2024_L221,2024,701.68,768.1302850000003
3,Phenotype-only ExtraTrees,75,2024_L411,2024,810.9,236.86152799999877
3,Phenotype-only ExtraTrees,78,2024_L421,2024,920.64,556.2798166666666
3,Phenotype-only ExtraTrees,82,2024_L512,2024,575.0,601.4091873333331
3,Phenotype-only ExtraTrees,86,2024_L516,2024,252.5,674.8437899999999
3,Phenotype-only ExtraTrees,87,2024_L521,2024,143.1,667.7705203333335
3,Phenotype-only ExtraTrees,88,2024_L522,2024,731.43,694.2010083333337
3,Phenotype-only ExtraTrees,90,2024_L524,2024,283.125,496.2827249999998
3,Phenotype-only ExtraTrees,91,2024_L525,2024,738.1,629.816328666666
3,Phenotype-only ExtraTrees,96,2024_L614,2024,360.5,739.3933033333327
3,Phenotype-only ExtraTrees,97,2024_L615,2024,466.5,686.108405
3,Phenotype-only ExtraTrees,100,2024_L622,2024,267.75,627.0655366666666
3,Phenotype-only ExtraTrees,109,2024_R125,2024,784.08,674.2428833333323
3,Phenotype-only ExtraTrees,116,2024_R219,2024,125.4,625.2311666666664
3,Phenotype-only ExtraTrees,118,2024_R2211,2024,620.36,663.7960436666667
3,Phenotype-only ExtraTrees,120,2024_R227,2024,618.45,236.86152799999877
3,Phenotype-only ExtraTrees,124,2024_R315,2024,530.0,605.9669316666659
3,Phenotype-only ExtraTrees,131,2024_R416,2024,724.15,605.2354606666664
3,Phenotype-only ExtraTrees,136,2024_R518,2024,393.75,829.6747299999994
3,Phenotype-only ExtraTrees,141,2024_R617,2024,1021.25,674.9666910000002
3,Phenotype-only ExtraTrees,145,2024_R628,2024,469.8,629.0284069999997
3,Phenotype-only ExtraTrees,153,2025_CK24,2025,1226.05,920.463448666668
3,Phenotype-only ExtraTrees,155,2025_CK26,2025,1662.84,799.471972333335
3,Phenotype-only ExtraTrees,156,2025_L111,2025,1081.7,1102.0310116666667
3,Phenotype-only ExtraTrees,157,2025_L112,2025,160.0,746.9640033333329
3,Phenotype-only ExtraTrees,162,2025_L211,2025,758.6,687.8273499999998
3,Phenotype-only ExtraTrees,172,2025_L225,2025,1122.0,726.9261583333331
3,Phenotype-only ExtraTrees,178,2025_L322,2025,1370.88,1194.4168116666672
3,Phenotype-only ExtraTrees,186,2025_L511,2025,300.0,1065.8565916666666
3,Phenotype-only ExtraTrees,187,2025_L512,2025,1150.0,846.2471383333327
3,Phenotype-only ExtraTrees,191,2025_L516,2025,105.0,704.4712074999997
3,Phenotype-only ExtraTrees,203,2025_L616,2025,37.5,914.1441833333326
3,Phenotype-only ExtraTrees,204,2025_L621,2025,1220.4,1233.3385483333334
3,Environment-only ExtraTrees,18,2023_521,2023,1008.8,1015.7415045477873
3,Environment-only ExtraTrees,19,2023_522,2023,991.4,1015.7415045477873
3,Environment-only ExtraTrees,24,2023_527,2023,1451.6,1015.7415045477873
3,Environment-only ExtraTrees,26,2023_529,2023,1158.2,1015.7415045477873
3,Environment-only ExtraTrees,28,2023_622,2023,1112.9,1015.7415045477873
3,Environment-only ExtraTrees,29,2023_623,2023,1220.2,1015.7415045477873
3,Environment-only ExtraTrees,31,2023_625,2023,1254.0,1015.7415045477873
3,Environment-only ExtraTrees,34,2023_722,2023,1065.6,1015.7415045477873
3,Environment-only ExtraTrees,50,2024_CK26,2024,831.42,576.1158118851521
3,Environment-only ExtraTrees,63,2024_L221,2024,701.68,576.1158118851521
3,Environment-only ExtraTrees,75,2024_L411,2024,810.9,576.1158118851521
3,Environment-only ExtraTrees,78,2024_L421,2024,920.64,576.1158118851521
3,Environment-only ExtraTrees,82,2024_L512,2024,575.0,576.1158118851521
3,Environment-only ExtraTrees,86,2024_L516,2024,252.5,576.1158118851521
3,Environment-only ExtraTrees,87,2024_L521,2024,143.1,576.1158118851521
3,Environment-only ExtraTrees,88,2024_L522,2024,731.43,576.1158118851521
3,Environment-only ExtraTrees,90,2024_L524,2024,283.125,576.1158118851521
3,Environment-only ExtraTrees,91,2024_L525,2024,738.1,576.1158118851521
3,Environment-only ExtraTrees,96,2024_L614,2024,360.5,576.1158118851521
3,Environment-only ExtraTrees,97,2024_L615,2024,466.5,576.1158118851521
3,Environment-only ExtraTrees,100,2024_L622,2024,267.75,576.1158118851521
3,Environment-only ExtraTrees,109,2024_R125,2024,784.08,576.1158118851521
3,Environment-only ExtraTrees,116,2024_R219,2024,125.4,576.1158118851521
3,Environment-only ExtraTrees,118,2024_R2211,2024,620.36,576.1158118851521
3,Environment-only ExtraTrees,120,2024_R227,2024,618.45,576.1158118851521
3,Environment-only ExtraTrees,124,2024_R315,2024,530.0,576.1158118851521
3,Environment-only ExtraTrees,131,2024_R416,2024,724.15,576.1158118851521
3,Environment-only ExtraTrees,136,2024_R518,2024,393.75,576.1158118851521
3,Environment-only ExtraTrees,141,2024_R617,2024,1021.25,576.1158118851521
3,Environment-only ExtraTrees,145,2024_R628,2024,469.8,576.1158118851521
3,Environment-only ExtraTrees,153,2025_CK24,2025,1226.05,949.7253032050626
3,Environment-only ExtraTrees,155,2025_CK26,2025,1662.84,949.7253032050626
3,Environment-only ExtraTrees,156,2025_L111,2025,1081.7,1021.9303879508554
3,Environment-only ExtraTrees,157,2025_L112,2025,160.0,1021.9303879508554
3,Environment-only ExtraTrees,162,2025_L211,2025,758.6,1021.9303879508554
3,Environment-only ExtraTrees,172,2025_L225,2025,1122.0,1021.9303879508554
3,Environment-only ExtraTrees,178,2025_L322,2025,1370.88,1021.9303879508554
3,Environment-only ExtraTrees,186,2025_L511,2025,300.0,1021.9303879508554
3,Environment-only ExtraTrees,187,2025_L512,2025,1150.0,1021.9303879508554
3,Environment-only ExtraTrees,191,2025_L516,2025,105.0,1021.9303879508554
3,Environment-only ExtraTrees,203,2025_L616,2025,37.5,1021.9303879508554
3,Environment-only ExtraTrees,204,2025_L621,2025,1220.4,1021.9303879508554
3,Static Early Fusion ExtraTrees,18,2023_521,2023,1008.8,1075.1010166666663
3,Static Early Fusion ExtraTrees,19,2023_522,2023,991.4,914.3634099999999
3,Static Early Fusion ExtraTrees,24,2023_527,2023,1451.6,1124.5082600000017
3,Static Early Fusion ExtraTrees,26,2023_529,2023,1158.2,1057.624096666668
3,Static Early Fusion ExtraTrees,28,2023_622,2023,1112.9,1087.980473333334
3,Static Early Fusion ExtraTrees,29,2023_623,2023,1220.2,1068.1214933333338
3,Static Early Fusion ExtraTrees,31,2023_625,2023,1254.0,1147.4561966666672
3,Static Early Fusion ExtraTrees,34,2023_722,2023,1065.6,1097.0457566666673
3,Static Early Fusion ExtraTrees,50,2024_CK26,2024,831.42,464.8516833333329
3,Static Early Fusion ExtraTrees,63,2024_L221,2024,701.68,550.8788599999997
3,Static Early Fusion ExtraTrees,75,2024_L411,2024,810.9,620.2196266666665
3,Static Early Fusion ExtraTrees,78,2024_L421,2024,920.64,461.48894500000023
3,Static Early Fusion ExtraTrees,82,2024_L512,2024,575.0,462.5120900000001
3,Static Early Fusion ExtraTrees,86,2024_L516,2024,252.5,587.369231666666
3,Static Early Fusion ExtraTrees,87,2024_L521,2024,143.1,459.15805333333293
3,Static Early Fusion ExtraTrees,88,2024_L522,2024,731.43,394.5218749999999
3,Static Early Fusion ExtraTrees,90,2024_L524,2024,283.125,434.1704316666666
3,Static Early Fusion ExtraTrees,91,2024_L525,2024,738.1,483.9282699999998
3,Static Early Fusion ExtraTrees,96,2024_L614,2024,360.5,648.1312183333335
3,Static Early Fusion ExtraTrees,97,2024_L615,2024,466.5,643.0843050000004
3,Static Early Fusion ExtraTrees,100,2024_L622,2024,267.75,405.0395466666663
3,Static Early Fusion ExtraTrees,109,2024_R125,2024,784.08,578.5125266666669
3,Static Early Fusion ExtraTrees,116,2024_R219,2024,125.4,535.7046799999998
3,Static Early Fusion ExtraTrees,118,2024_R2211,2024,620.36,613.5284733333333
3,Static Early Fusion ExtraTrees,120,2024_R227,2024,618.45,554.647373333333
3,Static Early Fusion ExtraTrees,124,2024_R315,2024,530.0,548.9042016666667
3,Static Early Fusion ExtraTrees,131,2024_R416,2024,724.15,471.48705083333306
3,Static Early Fusion ExtraTrees,136,2024_R518,2024,393.75,702.8772249999995
3,Static Early Fusion ExtraTrees,141,2024_R617,2024,1021.25,672.6649349999988
3,Static Early Fusion ExtraTrees,145,2024_R628,2024,469.8,726.730376666667
3,Static Early Fusion ExtraTrees,153,2025_CK24,2025,1226.05,1140.7608800000028
3,Static Early Fusion ExtraTrees,155,2025_CK26,2025,1662.84,1068.1871900000021
3,Static Early Fusion ExtraTrees,156,2025_L111,2025,1081.7,954.557603333331
3,Static Early Fusion ExtraTrees,157,2025_L112,2025,160.0,909.1345200000004
3,Static Early Fusion ExtraTrees,162,2025_L211,2025,758.6,715.0526433333339
3,Static Early Fusion ExtraTrees,172,2025_L225,2025,1122.0,744.3960133333335
3,Static Early Fusion ExtraTrees,178,2025_L322,2025,1370.88,1036.888763333334
3,Static Early Fusion ExtraTrees,186,2025_L511,2025,300.0,932.1481399999989
3,Static Early Fusion ExtraTrees,187,2025_L512,2025,1150.0,874.3952366666662
3,Static Early Fusion ExtraTrees,191,2025_L516,2025,105.0,759.3503766666664
3,Static Early Fusion ExtraTrees,203,2025_L616,2025,37.5,994.1952633333327
3,Static Early Fusion ExtraTrees,204,2025_L621,2025,1220.4,1120.3991766666654
3,Static Early Fusion XGBoost,18,2023_521,2023,1008.8,986.9928588867188
3,Static Early Fusion XGBoost,19,2023_522,2023,991.4,1009.74853515625
3,Static Early Fusion XGBoost,24,2023_527,2023,1451.6,953.9343872070312
3,Static Early Fusion XGBoost,26,2023_529,2023,1158.2,926.1986694335938
3,Static Early Fusion XGBoost,28,2023_622,2023,1112.9,1091.2802734375
3,Static Early Fusion XGBoost,29,2023_623,2023,1220.2,984.2250366210938
3,Static Early Fusion XGBoost,31,2023_625,2023,1254.0,1083.92578125
3,Static Early Fusion XGBoost,34,2023_722,2023,1065.6,1060.983154296875
3,Static Early Fusion XGBoost,50,2024_CK26,2024,831.42,690.6419067382812
3,Static Early Fusion XGBoost,63,2024_L221,2024,701.68,764.4869384765625
3,Static Early Fusion XGBoost,75,2024_L411,2024,810.9,528.1674194335938
3,Static Early Fusion XGBoost,78,2024_L421,2024,920.64,385.6517333984375
3,Static Early Fusion XGBoost,82,2024_L512,2024,575.0,329.2702941894531
3,Static Early Fusion XGBoost,86,2024_L516,2024,252.5,708.1347045898438
3,Static Early Fusion XGBoost,87,2024_L521,2024,143.1,565.9028930664062
3,Static Early Fusion XGBoost,88,2024_L522,2024,731.43,408.4290466308594
3,Static Early Fusion XGBoost,90,2024_L524,2024,283.125,429.7230529785156
3,Static Early Fusion XGBoost,91,2024_L525,2024,738.1,489.5741882324219
3,Static Early Fusion XGBoost,96,2024_L614,2024,360.5,756.6279907226562
3,Static Early Fusion XGBoost,97,2024_L615,2024,466.5,485.0065002441406
3,Static Early Fusion XGBoost,100,2024_L622,2024,267.75,309.2915344238281
3,Static Early Fusion XGBoost,109,2024_R125,2024,784.08,552.95849609375
3,Static Early Fusion XGBoost,116,2024_R219,2024,125.4,564.569091796875
3,Static Early Fusion XGBoost,118,2024_R2211,2024,620.36,620.33935546875
3,Static Early Fusion XGBoost,120,2024_R227,2024,618.45,567.4056396484375
3,Static Early Fusion XGBoost,124,2024_R315,2024,530.0,615.779052734375
3,Static Early Fusion XGBoost,131,2024_R416,2024,724.15,512.4501953125
3,Static Early Fusion XGBoost,136,2024_R518,2024,393.75,727.5255737304688
3,Static Early Fusion XGBoost,141,2024_R617,2024,1021.25,653.6168823242188
3,Static Early Fusion XGBoost,145,2024_R628,2024,469.8,773.2185668945312
3,Static Early Fusion XGBoost,153,2025_CK24,2025,1226.05,1176.6185302734375
3,Static Early Fusion XGBoost,155,2025_CK26,2025,1662.84,1051.9459228515625
3,Static Early Fusion XGBoost,156,2025_L111,2025,1081.7,1023.1544799804688
3,Static Early Fusion XGBoost,157,2025_L112,2025,160.0,609.3639526367188
3,Static Early Fusion XGBoost,162,2025_L211,2025,758.6,761.5069580078125
3,Static Early Fusion XGBoost,172,2025_L225,2025,1122.0,715.0870361328125
3,Static Early Fusion XGBoost,178,2025_L322,2025,1370.88,1096.5335693359375
3,Static Early Fusion XGBoost,186,2025_L511,2025,300.0,1090.89111328125
3,Static Early Fusion XGBoost,187,2025_L512,2025,1150.0,911.5585327148438
3,Static Early Fusion XGBoost,191,2025_L516,2025,105.0,827.9329223632812
3,Static Early Fusion XGBoost,203,2025_L616,2025,37.5,996.8712768554688
3,Static Early Fusion XGBoost,204,2025_L621,2025,1220.4,1322.65673828125
3,Static Early Fusion CatBoost,18,2023_521,2023,1008.8,923.966267741484
3,Static Early Fusion CatBoost,19,2023_522,2023,991.4,960.4511739596526
3,Static Early Fusion CatBoost,24,2023_527,2023,1451.6,1058.2875814953206
3,Static Early Fusion CatBoost,26,2023_529,2023,1158.2,1014.3116874724385
3,Static Early Fusion CatBoost,28,2023_622,2023,1112.9,1059.2726666187739
3,Static Early Fusion CatBoost,29,2023_623,2023,1220.2,1042.260491856058
3,Static Early Fusion CatBoost,31,2023_625,2023,1254.0,1073.3337291814003
3,Static Early Fusion CatBoost,34,2023_722,2023,1065.6,1089.6945377570808
3,Static Early Fusion CatBoost,50,2024_CK26,2024,831.42,732.786744571281
3,Static Early Fusion CatBoost,63,2024_L221,2024,701.68,809.6683661104428
3,Static Early Fusion CatBoost,75,2024_L411,2024,810.9,485.6665561856245
3,Static Early Fusion CatBoost,78,2024_L421,2024,920.64,488.6587837234236
3,Static Early Fusion CatBoost,82,2024_L512,2024,575.0,564.7258724894589
3,Static Early Fusion CatBoost,86,2024_L516,2024,252.5,660.5626465348345
3,Static Early Fusion CatBoost,87,2024_L521,2024,143.1,540.4492714810389
3,Static Early Fusion CatBoost,88,2024_L522,2024,731.43,567.2430258984077
3,Static Early Fusion CatBoost,90,2024_L524,2024,283.125,410.1124481647467
3,Static Early Fusion CatBoost,91,2024_L525,2024,738.1,557.8957064038519
3,Static Early Fusion CatBoost,96,2024_L614,2024,360.5,710.6249342859969
3,Static Early Fusion CatBoost,97,2024_L615,2024,466.5,569.7066595517454
3,Static Early Fusion CatBoost,100,2024_L622,2024,267.75,478.3632417249768
3,Static Early Fusion CatBoost,109,2024_R125,2024,784.08,625.4629106227505
3,Static Early Fusion CatBoost,116,2024_R219,2024,125.4,549.6855317916746
3,Static Early Fusion CatBoost,118,2024_R2211,2024,620.36,636.9997618730599
3,Static Early Fusion CatBoost,120,2024_R227,2024,618.45,518.3154858532187
3,Static Early Fusion CatBoost,124,2024_R315,2024,530.0,590.9221041989235
3,Static Early Fusion CatBoost,131,2024_R416,2024,724.15,498.7618562634222
3,Static Early Fusion CatBoost,136,2024_R518,2024,393.75,720.1348669137767
3,Static Early Fusion CatBoost,141,2024_R617,2024,1021.25,687.6501283942781
3,Static Early Fusion CatBoost,145,2024_R628,2024,469.8,696.3204300573125
3,Static Early Fusion CatBoost,153,2025_CK24,2025,1226.05,1119.0054326679974
3,Static Early Fusion CatBoost,155,2025_CK26,2025,1662.84,1050.2838350029897
3,Static Early Fusion CatBoost,156,2025_L111,2025,1081.7,905.0631320707452
3,Static Early Fusion CatBoost,157,2025_L112,2025,160.0,770.3176008190159
3,Static Early Fusion CatBoost,162,2025_L211,2025,758.6,802.3168047921308
3,Static Early Fusion CatBoost,172,2025_L225,2025,1122.0,767.4114170760654
3,Static Early Fusion CatBoost,178,2025_L322,2025,1370.88,1078.8110674957277
3,Static Early Fusion CatBoost,186,2025_L511,2025,300.0,991.4448933463054
3,Static Early Fusion CatBoost,187,2025_L512,2025,1150.0,1061.6444919434975
3,Static Early Fusion CatBoost,191,2025_L516,2025,105.0,800.4979562448812
3,Static Early Fusion CatBoost,203,2025_L616,2025,37.5,1007.2706236762838
3,Static Early Fusion CatBoost,204,2025_L621,2025,1220.4,1230.9687790943008
3,Static Early Fusion HistGB,18,2023_521,2023,1008.8,965.2539401694917
3,Static Early Fusion HistGB,19,2023_522,2023,991.4,1152.2807945062186
3,Static Early Fusion HistGB,24,2023_527,2023,1451.6,1022.3924364851557
3,Static Early Fusion HistGB,26,2023_529,2023,1158.2,846.1272537929798
3,Static Early Fusion HistGB,28,2023_622,2023,1112.9,1076.3580897079164
3,Static Early Fusion HistGB,29,2023_623,2023,1220.2,1031.764097366064
3,Static Early Fusion HistGB,31,2023_625,2023,1254.0,1067.620167745909
3,Static Early Fusion HistGB,34,2023_722,2023,1065.6,1207.9990348051172
3,Static Early Fusion HistGB,50,2024_CK26,2024,831.42,517.2381969796337
3,Static Early Fusion HistGB,63,2024_L221,2024,701.68,665.5621860461655
3,Static Early Fusion HistGB,75,2024_L411,2024,810.9,479.06073426948984
3,Static Early Fusion HistGB,78,2024_L421,2024,920.64,430.85882167456117
3,Static Early Fusion HistGB,82,2024_L512,2024,575.0,565.7335634839679
3,Static Early Fusion HistGB,86,2024_L516,2024,252.5,646.8315819100675
3,Static Early Fusion HistGB,87,2024_L521,2024,143.1,540.2551212909605
3,Static Early Fusion HistGB,88,2024_L522,2024,731.43,461.25860714422424
3,Static Early Fusion HistGB,90,2024_L524,2024,283.125,340.6351835988789
3,Static Early Fusion HistGB,91,2024_L525,2024,738.1,358.67539022088255
3,Static Early Fusion HistGB,96,2024_L614,2024,360.5,637.8723498819776
3,Static Early Fusion HistGB,97,2024_L615,2024,466.5,573.3165639095755
3,Static Early Fusion HistGB,100,2024_L622,2024,267.75,320.3883387110078
3,Static Early Fusion HistGB,109,2024_R125,2024,784.08,618.8225669750682
3,Static Early Fusion HistGB,116,2024_R219,2024,125.4,414.1534310818875
3,Static Early Fusion HistGB,118,2024_R2211,2024,620.36,682.9152347808143
3,Static Early Fusion HistGB,120,2024_R227,2024,618.45,601.8629925518201
3,Static Early Fusion HistGB,124,2024_R315,2024,530.0,649.6329343900778
3,Static Early Fusion HistGB,131,2024_R416,2024,724.15,392.77635207048223
3,Static Early Fusion HistGB,136,2024_R518,2024,393.75,729.1142043119895
3,Static Early Fusion HistGB,141,2024_R617,2024,1021.25,730.1320064282124
3,Static Early Fusion HistGB,145,2024_R628,2024,469.8,824.4103083060944
3,Static Early Fusion HistGB,153,2025_CK24,2025,1226.05,1219.7520777936868
3,Static Early Fusion HistGB,155,2025_CK26,2025,1662.84,813.6406629646351
3,Static Early Fusion HistGB,156,2025_L111,2025,1081.7,950.6586068493735
3,Static Early Fusion HistGB,157,2025_L112,2025,160.0,1051.5624771614864
3,Static Early Fusion HistGB,162,2025_L211,2025,758.6,958.5359454789498
3,Static Early Fusion HistGB,172,2025_L225,2025,1122.0,597.9911441694649
3,Static Early Fusion HistGB,178,2025_L322,2025,1370.88,1116.0079252746607
3,Static Early Fusion HistGB,186,2025_L511,2025,300.0,1134.2382213518586
3,Static Early Fusion HistGB,187,2025_L512,2025,1150.0,781.5922532976081
3,Static Early Fusion HistGB,191,2025_L516,2025,105.0,833.3880113154507
3,Static Early Fusion HistGB,203,2025_L616,2025,37.5,663.2628106673038
3,Static Early Fusion HistGB,204,2025_L621,2025,1220.4,1424.3256788167603
3,Trajectory Fusion ExtraTrees,18,2023_521,2023,1008.8,1033.5376033333316
3,Trajectory Fusion ExtraTrees,19,2023_522,2023,991.4,1029.4560633333315
3,Trajectory Fusion ExtraTrees,24,2023_527,2023,1451.6,1167.264536666664
3,Trajectory Fusion ExtraTrees,26,2023_529,2023,1158.2,1164.0609399999987
3,Trajectory Fusion ExtraTrees,28,2023_622,2023,1112.9,1121.9835300000013
3,Trajectory Fusion ExtraTrees,29,2023_623,2023,1220.2,1125.8736600000022
3,Trajectory Fusion ExtraTrees,31,2023_625,2023,1254.0,1177.1127299999976
3,Trajectory Fusion ExtraTrees,34,2023_722,2023,1065.6,1090.1961599999997
3,Trajectory Fusion ExtraTrees,50,2024_CK26,2024,831.42,501.5824033333334
3,Trajectory Fusion ExtraTrees,63,2024_L221,2024,701.68,508.5450633333332
3,Trajectory Fusion ExtraTrees,75,2024_L411,2024,810.9,589.1789983333332
3,Trajectory Fusion ExtraTrees,78,2024_L421,2024,920.64,561.3066549999994
3,Trajectory Fusion ExtraTrees,82,2024_L512,2024,575.0,398.8090649999987
3,Trajectory Fusion ExtraTrees,86,2024_L516,2024,252.5,668.6846683333335
3,Trajectory Fusion ExtraTrees,87,2024_L521,2024,143.1,413.5712633333333
3,Trajectory Fusion ExtraTrees,88,2024_L522,2024,731.43,419.50462666666533
3,Trajectory Fusion ExtraTrees,90,2024_L524,2024,283.125,601.0285299999999
3,Trajectory Fusion ExtraTrees,91,2024_L525,2024,738.1,697.2045550000012
3,Trajectory Fusion ExtraTrees,96,2024_L614,2024,360.5,688.6393116666676
3,Trajectory Fusion ExtraTrees,97,2024_L615,2024,466.5,608.0290699999996
3,Trajectory Fusion ExtraTrees,100,2024_L622,2024,267.75,329.11636166666716
3,Trajectory Fusion ExtraTrees,109,2024_R125,2024,784.08,581.7487083333335
3,Trajectory Fusion ExtraTrees,116,2024_R219,2024,125.4,582.3391683333335
3,Trajectory Fusion ExtraTrees,118,2024_R2211,2024,620.36,579.6987916666673
3,Trajectory Fusion ExtraTrees,120,2024_R227,2024,618.45,557.6307349999998
3,Trajectory Fusion ExtraTrees,124,2024_R315,2024,530.0,550.9224399999998
3,Trajectory Fusion ExtraTrees,131,2024_R416,2024,724.15,602.5517466666671
3,Trajectory Fusion ExtraTrees,136,2024_R518,2024,393.75,724.4259633333332
3,Trajectory Fusion ExtraTrees,141,2024_R617,2024,1021.25,608.3252833333337
3,Trajectory Fusion ExtraTrees,145,2024_R628,2024,469.8,653.2015833333332
3,Trajectory Fusion ExtraTrees,153,2025_CK24,2025,1226.05,1145.0208316666683
3,Trajectory Fusion ExtraTrees,155,2025_CK26,2025,1662.84,1131.652715000002
3,Trajectory Fusion ExtraTrees,156,2025_L111,2025,1081.7,998.0997683333339
3,Trajectory Fusion ExtraTrees,157,2025_L112,2025,160.0,901.8114733333348
3,Trajectory Fusion ExtraTrees,162,2025_L211,2025,758.6,884.9393533333339
3,Trajectory Fusion ExtraTrees,172,2025_L225,2025,1122.0,891.0672933333344
3,Trajectory Fusion ExtraTrees,178,2025_L322,2025,1370.88,1130.5434433333342
3,Trajectory Fusion ExtraTrees,186,2025_L511,2025,300.0,944.4348133333338
3,Trajectory Fusion ExtraTrees,187,2025_L512,2025,1150.0,888.8642833333328
3,Trajectory Fusion ExtraTrees,191,2025_L516,2025,105.0,680.8397133333332
3,Trajectory Fusion ExtraTrees,203,2025_L616,2025,37.5,828.6705933333329
3,Trajectory Fusion ExtraTrees,204,2025_L621,2025,1220.4,999.8733383333323
3,CMGT-DINO,18,2023_521,2023,1008.8,994.5277443023491
3,CMGT-DINO,19,2023_522,2023,991.4,1007.7915900306755
3,CMGT-DINO,24,2023_527,2023,1451.6,1143.019864893687
3,CMGT-DINO,26,2023_529,2023,1158.2,1102.2804753201965
3,CMGT-DINO,28,2023_622,2023,1112.9,1078.997088533015
3,CMGT-DINO,29,2023_623,2023,1220.2,1088.0429482292095
3,CMGT-DINO,31,2023_625,2023,1254.0,1123.2196581084456
3,CMGT-DINO,34,2023_722,2023,1065.6,1050.0381209637599
3,CMGT-DINO,50,2024_CK26,2024,831.42,540.6644610451049
3,CMGT-DINO,63,2024_L221,2024,701.68,533.7457121158279
3,CMGT-DINO,75,2024_L411,2024,810.9,663.7715277127484
3,CMGT-DINO,78,2024_L421,2024,920.64,587.6711030506171
3,CMGT-DINO,82,2024_L512,2024,575.0,434.0894921538257
3,CMGT-DINO,86,2024_L516,2024,252.5,694.0652555386165
3,CMGT-DINO,87,2024_L521,2024,143.1,425.39051119652214
3,CMGT-DINO,88,2024_L522,2024,731.43,578.7140318922488
3,CMGT-DINO,90,2024_L524,2024,283.125,578.9499901636117
3,CMGT-DINO,91,2024_L525,2024,738.1,746.4759222358227
3,CMGT-DINO,96,2024_L614,2024,360.5,687.4388059845517
3,CMGT-DINO,97,2024_L615,2024,466.5,618.7967053855283
3,CMGT-DINO,100,2024_L622,2024,267.75,359.957455678408
3,CMGT-DINO,109,2024_R125,2024,784.08,640.175079227963
3,CMGT-DINO,116,2024_R219,2024,125.4,684.197768805936
3,CMGT-DINO,118,2024_R2211,2024,620.36,612.117551840533
3,CMGT-DINO,120,2024_R227,2024,618.45,643.5566351857585
3,CMGT-DINO,124,2024_R315,2024,530.0,634.2846249721146
3,CMGT-DINO,131,2024_R416,2024,724.15,701.1892268269753
3,CMGT-DINO,136,2024_R518,2024,393.75,758.4602333965335
3,CMGT-DINO,141,2024_R617,2024,1021.25,606.6634558900059
3,CMGT-DINO,145,2024_R628,2024,469.8,694.0257854229197
3,CMGT-DINO,153,2025_CK24,2025,1226.05,1117.966332739939
3,CMGT-DINO,155,2025_CK26,2025,1662.84,1100.2917469047738
3,CMGT-DINO,156,2025_L111,2025,1081.7,892.6672836446617
3,CMGT-DINO,157,2025_L112,2025,160.0,870.5000272488503
3,CMGT-DINO,162,2025_L211,2025,758.6,787.0557745302947
3,CMGT-DINO,172,2025_L225,2025,1122.0,695.1663720392619
3,CMGT-DINO,178,2025_L322,2025,1370.88,987.0049000300444
3,CMGT-DINO,186,2025_L511,2025,300.0,991.1739006956952
3,CMGT-DINO,187,2025_L512,2025,1150.0,955.768153438097
3,CMGT-DINO,191,2025_L516,2025,105.0,582.715142448271
3,CMGT-DINO,203,2025_L616,2025,37.5,672.11397800983
3,CMGT-DINO,204,2025_L621,2025,1220.4,1084.15808659654
4,DINOv3 Static Image ExtraTrees,2,2023_123,2023,1014.8,908.3599999999902
4,DINOv3 Static Image ExtraTrees,7,2023_225,2023,812.0,975.4000000000086
4,DINOv3 Static Image ExtraTrees,9,2023_321,2023,835.1,975.4000000000086
4,DINOv3 Static Image ExtraTrees,10,2023_322,2023,821.0,975.4000000000086
4,DINOv3 Static Image ExtraTrees,16,2023_422,2023,1093.4,1036.476051000007
4,DINOv3 Static Image ExtraTrees,19,2023_522,2023,991.4,1036.476051000007
4,DINOv3 Static Image ExtraTrees,24,2023_527,2023,1451.6,1214.628549999989
4,DINOv3 Static Image ExtraTrees,29,2023_623,2023,1220.2,1124.9905599999859
4,DINOv3 Static Image ExtraTrees,44,2024_CK16,2024,536.65,546.212499999997
4,DINOv3 Static Image ExtraTrees,45,2024_CK21,2024,706.2,583.6609999999974
4,DINOv3 Static Image ExtraTrees,50,2024_CK26,2024,831.42,546.212499999997
4,DINOv3 Static Image ExtraTrees,55,2024_L122,2024,361.5,490.97222222221944
4,DINOv3 Static Image ExtraTrees,59,2024_L213,2024,55.0,490.97222222221944
4,DINOv3 Static Image ExtraTrees,65,2024_L223,2024,773.48,490.97222222221944
4,DINOv3 Static Image ExtraTrees,80,2024_L423,2024,759.69,583.6609999999974
4,DINOv3 Static Image ExtraTrees,84,2024_L514,2024,825.0,489.4405555555499
4,DINOv3 Static Image ExtraTrees,86,2024_L516,2024,252.5,489.4405555555499
4,DINOv3 Static Image ExtraTrees,88,2024_L522,2024,731.43,279.96099999999916
4,DINOv3 Static Image ExtraTrees,92,2024_L526,2024,778.8,489.4405555555499
4,DINOv3 Static Image ExtraTrees,101,2024_L623,2024,482.16,279.96099999999916
4,DINOv3 Static Image ExtraTrees,105,2024_R114,2024,819.65,548.6124783333391
4,DINOv3 Static Image ExtraTrees,106,2024_R115,2024,648.75,548.6124783333391
4,DINOv3 Static Image ExtraTrees,107,2024_R116,2024,553.35,548.6124783333391
4,DINOv3 Static Image ExtraTrees,112,2024_R2111,2024,973.5,501.09049999999695
4,DINOv3 Static Image ExtraTrees,114,2024_R217,2024,847.9,548.6124783333391
4,DINOv3 Static Image ExtraTrees,116,2024_R219,2024,125.4,548.6124783333391
4,DINOv3 Static Image ExtraTrees,118,2024_R2211,2024,620.36,501.09049999999695
4,DINOv3 Static Image ExtraTrees,120,2024_R227,2024,618.45,548.6124783333391
4,DINOv3 Static Image ExtraTrees,137,2024_R519,2024,565.0,622.0769999999951
4,DINOv3 Static Image ExtraTrees,142,2024_R618,2024,1031.25,622.0769999999951
4,DINOv3 Static Image ExtraTrees,176,2025_L313,2025,840.0,888.5810000000046
4,DINOv3 Static Image ExtraTrees,178,2025_L322,2025,1370.88,888.5810000000046
4,DINOv3 Static Image ExtraTrees,180,2025_L411,2025,1621.8,1204.7241884444336
4,DINOv3 Static Image ExtraTrees,181,2025_L412,2025,15.0,1204.7241884444336
4,DINOv3 Static Image ExtraTrees,183,2025_L421,2025,1841.28,1204.7241884444336
4,DINOv3 Static Image ExtraTrees,191,2025_L516,2025,105.0,834.2199999999904
4,DINOv3 Static Image ExtraTrees,193,2025_L522,2025,1462.86,929.4806528888969
4,DINOv3 Static Image ExtraTrees,195,2025_L524,2025,1566.25,834.2199999999904
4,DINOv3 Static Image ExtraTrees,196,2025_L525,2025,1476.2,834.2199999999904
4,DINOv3 Static Image ExtraTrees,199,2025_L612,2025,666.6,929.4806528888969
4,DINOv3 Static Image ExtraTrees,202,2025_L615,2025,933.0,834.2199999999904
4,DINOv3 Static Image ExtraTrees,204,2025_L621,2025,1220.4,929.4806528888969
4,Phenotype-only ExtraTrees,2,2023_123,2023,1014.8,972.805451666667
4,Phenotype-only ExtraTrees,7,2023_225,2023,812.0,1049.8497716666666
4,Phenotype-only ExtraTrees,9,2023_321,2023,835.1,1026.0581633333336
4,Phenotype-only ExtraTrees,10,2023_322,2023,821.0,1057.0526166666664
4,Phenotype-only ExtraTrees,16,2023_422,2023,1093.4,1075.521373333333
4,Phenotype-only ExtraTrees,19,2023_522,2023,991.4,1067.659418333335
4,Phenotype-only ExtraTrees,24,2023_527,2023,1451.6,1031.5990416666657
4,Phenotype-only ExtraTrees,29,2023_623,2023,1220.2,1103.2878399999995
4,Phenotype-only ExtraTrees,44,2024_CK16,2024,536.65,528.2939983333331
4,Phenotype-only ExtraTrees,45,2024_CK21,2024,706.2,578.931690333333
4,Phenotype-only ExtraTrees,50,2024_CK26,2024,831.42,649.3121433333326
4,Phenotype-only ExtraTrees,55,2024_L122,2024,361.5,594.5790949999997
4,Phenotype-only ExtraTrees,59,2024_L213,2024,55.0,558.7791316666669
4,Phenotype-only ExtraTrees,65,2024_L223,2024,773.48,256.10997000000174
4,Phenotype-only ExtraTrees,80,2024_L423,2024,759.69,596.6360633333329
4,Phenotype-only ExtraTrees,84,2024_L514,2024,825.0,620.2176233333337
4,Phenotype-only ExtraTrees,86,2024_L516,2024,252.5,607.983578333334
4,Phenotype-only ExtraTrees,88,2024_L522,2024,731.43,602.6030633333336
4,Phenotype-only ExtraTrees,92,2024_L526,2024,778.8,555.368105
4,Phenotype-only ExtraTrees,101,2024_L623,2024,482.16,591.3957916666669
4,Phenotype-only ExtraTrees,105,2024_R114,2024,819.65,478.03725833333266
4,Phenotype-only ExtraTrees,106,2024_R115,2024,648.75,610.0198413333331
4,Phenotype-only ExtraTrees,107,2024_R116,2024,553.35,525.7950133333331
4,Phenotype-only ExtraTrees,112,2024_R2111,2024,973.5,604.4427316666666
4,Phenotype-only ExtraTrees,114,2024_R217,2024,847.9,431.265248333333
4,Phenotype-only ExtraTrees,116,2024_R219,2024,125.4,672.7945633333331
4,Phenotype-only ExtraTrees,118,2024_R2211,2024,620.36,543.9856483333333
4,Phenotype-only ExtraTrees,120,2024_R227,2024,618.45,256.10997000000174
4,Phenotype-only ExtraTrees,137,2024_R519,2024,565.0,447.4001525000002
4,Phenotype-only ExtraTrees,142,2024_R618,2024,1031.25,567.54677
4,Phenotype-only ExtraTrees,176,2025_L313,2025,840.0,947.7634974999987
4,Phenotype-only ExtraTrees,178,2025_L322,2025,1370.88,1048.8322266666664
4,Phenotype-only ExtraTrees,180,2025_L411,2025,1621.8,903.493599999999
4,Phenotype-only ExtraTrees,181,2025_L412,2025,15.0,709.5473066666672
4,Phenotype-only ExtraTrees,183,2025_L421,2025,1841.28,1097.9726449999996
4,Phenotype-only ExtraTrees,191,2025_L516,2025,105.0,702.2334266666663
4,Phenotype-only ExtraTrees,193,2025_L522,2025,1462.86,770.3964133333335
4,Phenotype-only ExtraTrees,195,2025_L524,2025,1566.25,1129.3457750000002
4,Phenotype-only ExtraTrees,196,2025_L525,2025,1476.2,800.7797216666663
4,Phenotype-only ExtraTrees,199,2025_L612,2025,666.6,854.421653333334
4,Phenotype-only ExtraTrees,202,2025_L615,2025,933.0,691.4834666666661
4,Phenotype-only ExtraTrees,204,2025_L621,2025,1220.4,1116.8044683333333
4,Environment-only ExtraTrees,2,2023_123,2023,1014.8,1068.3138709677291
4,Environment-only ExtraTrees,7,2023_225,2023,812.0,1068.3138709677291
4,Environment-only ExtraTrees,9,2023_321,2023,835.1,1068.3138709677291
4,Environment-only ExtraTrees,10,2023_322,2023,821.0,1068.3138709677291
4,Environment-only ExtraTrees,16,2023_422,2023,1093.4,1068.3138709677291
4,Environment-only ExtraTrees,19,2023_522,2023,991.4,1068.3138709677291
4,Environment-only ExtraTrees,24,2023_527,2023,1451.6,1068.3138709677291
4,Environment-only ExtraTrees,29,2023_623,2023,1220.2,1068.3138709677291
4,Environment-only ExtraTrees,44,2024_CK16,2024,536.65,534.6806395348906
4,Environment-only ExtraTrees,45,2024_CK21,2024,706.2,534.6806395348906
4,Environment-only ExtraTrees,50,2024_CK26,2024,831.42,534.6806395348906
4,Environment-only ExtraTrees,55,2024_L122,2024,361.5,534.6806395348906
4,Environment-only ExtraTrees,59,2024_L213,2024,55.0,534.6806395348906
4,Environment-only ExtraTrees,65,2024_L223,2024,773.48,534.6806395348906
4,Environment-only ExtraTrees,80,2024_L423,2024,759.69,534.6806395348906
4,Environment-only ExtraTrees,84,2024_L514,2024,825.0,534.6806395348906
4,Environment-only ExtraTrees,86,2024_L516,2024,252.5,534.6806395348906
4,Environment-only ExtraTrees,88,2024_L522,2024,731.43,534.6806395348906
4,Environment-only ExtraTrees,92,2024_L526,2024,778.8,534.6806395348906
4,Environment-only ExtraTrees,101,2024_L623,2024,482.16,534.6806395348906
4,Environment-only ExtraTrees,105,2024_R114,2024,819.65,534.6806395348906
4,Environment-only ExtraTrees,106,2024_R115,2024,648.75,534.6806395348906
4,Environment-only ExtraTrees,107,2024_R116,2024,553.35,534.6806395348906
4,Environment-only ExtraTrees,112,2024_R2111,2024,973.5,534.6806395348906
4,Environment-only ExtraTrees,114,2024_R217,2024,847.9,534.6806395348906
4,Environment-only ExtraTrees,116,2024_R219,2024,125.4,534.6806395348906
4,Environment-only ExtraTrees,118,2024_R2211,2024,620.36,534.6806395348906
4,Environment-only ExtraTrees,120,2024_R227,2024,618.45,534.6806395348906
4,Environment-only ExtraTrees,137,2024_R519,2024,565.0,534.6806395348906
4,Environment-only ExtraTrees,142,2024_R618,2024,1031.25,534.6806395348906
4,Environment-only ExtraTrees,176,2025_L313,2025,840.0,960.8406666666724
4,Environment-only ExtraTrees,178,2025_L322,2025,1370.88,960.8406666666724
4,Environment-only ExtraTrees,180,2025_L411,2025,1621.8,960.8406666666724
4,Environment-only ExtraTrees,181,2025_L412,2025,15.0,960.8406666666724
4,Environment-only ExtraTrees,183,2025_L421,2025,1841.28,960.8406666666724
4,Environment-only ExtraTrees,191,2025_L516,2025,105.0,960.8406666666724
4,Environment-only ExtraTrees,193,2025_L522,2025,1462.86,960.8406666666724
4,Environment-only ExtraTrees,195,2025_L524,2025,1566.25,960.8406666666724
4,Environment-only ExtraTrees,196,2025_L525,2025,1476.2,960.8406666666724
4,Environment-only ExtraTrees,199,2025_L612,2025,666.6,960.8406666666724
4,Environment-only ExtraTrees,202,2025_L615,2025,933.0,960.8406666666724
4,Environment-only ExtraTrees,204,2025_L621,2025,1220.4,960.8406666666724
4,Static Early Fusion ExtraTrees,2,2023_123,2023,1014.8,934.7526066666675
4,Static Early Fusion ExtraTrees,7,2023_225,2023,812.0,1004.9228716666662
4,Static Early Fusion ExtraTrees,9,2023_321,2023,835.1,1063.1191416666666
4,Static Early Fusion ExtraTrees,10,2023_322,2023,821.0,971.9989466666661
4,Static Early Fusion ExtraTrees,16,2023_422,2023,1093.4,997.5020783333315
4,Static Early Fusion ExtraTrees,19,2023_522,2023,991.4,966.4836049999988
4,Static Early Fusion ExtraTrees,24,2023_527,2023,1451.6,1102.3645733333317
4,Static Early Fusion ExtraTrees,29,2023_623,2023,1220.2,1143.1523766666678
4,Static Early Fusion ExtraTrees,44,2024_CK16,2024,536.65,534.673163333334
4,Static Early Fusion ExtraTrees,45,2024_CK21,2024,706.2,496.3971783333336
4,Static Early Fusion ExtraTrees,50,2024_CK26,2024,831.42,526.4156433333333
4,Static Early Fusion ExtraTrees,55,2024_L122,2024,361.5,379.12383333333315
4,Static Early Fusion ExtraTrees,59,2024_L213,2024,55.0,471.3514083333334
4,Static Early Fusion ExtraTrees,65,2024_L223,2024,773.48,531.1099816666666
4,Static Early Fusion ExtraTrees,80,2024_L423,2024,759.69,680.093016666667
4,Static Early Fusion ExtraTrees,84,2024_L514,2024,825.0,403.5497149999996
4,Static Early Fusion ExtraTrees,86,2024_L516,2024,252.5,476.17840666666655
4,Static Early Fusion ExtraTrees,88,2024_L522,2024,731.43,429.4842266666654
4,Static Early Fusion ExtraTrees,92,2024_L526,2024,778.8,375.2328983333331
4,Static Early Fusion ExtraTrees,101,2024_L623,2024,482.16,445.64881666666605
4,Static Early Fusion ExtraTrees,105,2024_R114,2024,819.65,455.07626000000033
4,Static Early Fusion ExtraTrees,106,2024_R115,2024,648.75,565.4086258333333
4,Static Early Fusion ExtraTrees,107,2024_R116,2024,553.35,571.5503599999996
4,Static Early Fusion ExtraTrees,112,2024_R2111,2024,973.5,432.2853066666668
4,Static Early Fusion ExtraTrees,114,2024_R217,2024,847.9,372.66790666666674
4,Static Early Fusion ExtraTrees,116,2024_R219,2024,125.4,523.1685966666668
4,Static Early Fusion ExtraTrees,118,2024_R2211,2024,620.36,434.59398333333326
4,Static Early Fusion ExtraTrees,120,2024_R227,2024,618.45,559.8402000000002
4,Static Early Fusion ExtraTrees,137,2024_R519,2024,565.0,542.5411549999999
4,Static Early Fusion ExtraTrees,142,2024_R618,2024,1031.25,596.2221083333328
4,Static Early Fusion ExtraTrees,176,2025_L313,2025,840.0,872.7229299999991
4,Static Early Fusion ExtraTrees,178,2025_L322,2025,1370.88,986.0315499999997
4,Static Early Fusion ExtraTrees,180,2025_L411,2025,1621.8,1287.570416666667
4,Static Early Fusion ExtraTrees,181,2025_L412,2025,15.0,749.9930566666661
4,Static Early Fusion ExtraTrees,183,2025_L421,2025,1841.28,1187.8641499999999
4,Static Early Fusion ExtraTrees,191,2025_L516,2025,105.0,856.574233333333
4,Static Early Fusion ExtraTrees,193,2025_L522,2025,1462.86,1070.6408833333326
4,Static Early Fusion ExtraTrees,195,2025_L524,2025,1566.25,968.374939999999
4,Static Early Fusion ExtraTrees,196,2025_L525,2025,1476.2,689.8716266666667
4,Static Early Fusion ExtraTrees,199,2025_L612,2025,666.6,868.9338633333327
4,Static Early Fusion ExtraTrees,202,2025_L615,2025,933.0,1049.065889999999
4,Static Early Fusion ExtraTrees,204,2025_L621,2025,1220.4,1026.0239199999987
4,Static Early Fusion XGBoost,2,2023_123,2023,1014.8,891.5185546875
4,Static Early Fusion XGBoost,7,2023_225,2023,812.0,990.1261596679688
4,Static Early Fusion XGBoost,9,2023_321,2023,835.1,1002.2487182617188
4,Static Early Fusion XGBoost,10,2023_322,2023,821.0,1058.6695556640625
4,Static Early Fusion XGBoost,16,2023_422,2023,1093.4,1049.837646484375
4,Static Early Fusion XGBoost,19,2023_522,2023,991.4,1069.32763671875
4,Static Early Fusion XGBoost,24,2023_527,2023,1451.6,1009.4091186523438
4,Static Early Fusion XGBoost,29,2023_623,2023,1220.2,1209.82470703125
4,Static Early Fusion XGBoost,44,2024_CK16,2024,536.65,515.1622314453125
4,Static Early Fusion XGBoost,45,2024_CK21,2024,706.2,498.0036315917969
4,Static Early Fusion XGBoost,50,2024_CK26,2024,831.42,600.2639770507812
4,Static Early Fusion XGBoost,55,2024_L122,2024,361.5,419.37982177734375
4,Static Early Fusion XGBoost,59,2024_L213,2024,55.0,547.2658081054688
4,Static Early Fusion XGBoost,65,2024_L223,2024,773.48,331.9383544921875
4,Static Early Fusion XGBoost,80,2024_L423,2024,759.69,579.1157836914062
4,Static Early Fusion XGBoost,84,2024_L514,2024,825.0,469.10272216796875
4,Static Early Fusion XGBoost,86,2024_L516,2024,252.5,512.0830078125
4,Static Early Fusion XGBoost,88,2024_L522,2024,731.43,429.95379638671875
4,Static Early Fusion XGBoost,92,2024_L526,2024,778.8,309.9446716308594
4,Static Early Fusion XGBoost,101,2024_L623,2024,482.16,399.5440368652344
4,Static Early Fusion XGBoost,105,2024_R114,2024,819.65,428.1495056152344
4,Static Early Fusion XGBoost,106,2024_R115,2024,648.75,491.7599792480469
4,Static Early Fusion XGBoost,107,2024_R116,2024,553.35,555.10546875
4,Static Early Fusion XGBoost,112,2024_R2111,2024,973.5,433.34820556640625
4,Static Early Fusion XGBoost,114,2024_R217,2024,847.9,287.4306945800781
4,Static Early Fusion XGBoost,116,2024_R219,2024,125.4,707.335205078125
4,Static Early Fusion XGBoost,118,2024_R2211,2024,620.36,516.8761596679688
4,Static Early Fusion XGBoost,120,2024_R227,2024,618.45,420.9471740722656
4,Static Early Fusion XGBoost,137,2024_R519,2024,565.0,451.04913330078125
4,Static Early Fusion XGBoost,142,2024_R618,2024,1031.25,569.9638061523438
4,Static Early Fusion XGBoost,176,2025_L313,2025,840.0,901.1961059570312
4,Static Early Fusion XGBoost,178,2025_L322,2025,1370.88,1171.0960693359375
4,Static Early Fusion XGBoost,180,2025_L411,2025,1621.8,1074.9984130859375
4,Static Early Fusion XGBoost,181,2025_L412,2025,15.0,732.1817016601562
4,Static Early Fusion XGBoost,183,2025_L421,2025,1841.28,1038.086181640625
4,Static Early Fusion XGBoost,191,2025_L516,2025,105.0,716.9329223632812
4,Static Early Fusion XGBoost,193,2025_L522,2025,1462.86,1005.031494140625
4,Static Early Fusion XGBoost,195,2025_L524,2025,1566.25,1084.93603515625
4,Static Early Fusion XGBoost,196,2025_L525,2025,1476.2,767.2814331054688
4,Static Early Fusion XGBoost,199,2025_L612,2025,666.6,778.3388061523438
4,Static Early Fusion XGBoost,202,2025_L615,2025,933.0,719.6449584960938
4,Static Early Fusion XGBoost,204,2025_L621,2025,1220.4,1133.0992431640625
4,Static Early Fusion CatBoost,2,2023_123,2023,1014.8,984.5066459873215
4,Static Early Fusion CatBoost,7,2023_225,2023,812.0,959.6828303855423
4,Static Early Fusion CatBoost,9,2023_321,2023,835.1,1048.833451867992
4,Static Early Fusion CatBoost,10,2023_322,2023,821.0,990.5509609468882
4,Static Early Fusion CatBoost,16,2023_422,2023,1093.4,1034.0788671333294
4,Static Early Fusion CatBoost,19,2023_522,2023,991.4,1079.8311881402203
4,Static Early Fusion CatBoost,24,2023_527,2023,1451.6,1013.5278351558422
4,Static Early Fusion CatBoost,29,2023_623,2023,1220.2,1165.3193990100697
4,Static Early Fusion CatBoost,44,2024_CK16,2024,536.65,518.4663013023539
4,Static Early Fusion CatBoost,45,2024_CK21,2024,706.2,509.7280335380309
4,Static Early Fusion CatBoost,50,2024_CK26,2024,831.42,605.6756619415975
4,Static Early Fusion CatBoost,55,2024_L122,2024,361.5,395.42606327527994
4,Static Early Fusion CatBoost,59,2024_L213,2024,55.0,461.2771980616094
4,Static Early Fusion CatBoost,65,2024_L223,2024,773.48,402.3991256253242
4,Static Early Fusion CatBoost,80,2024_L423,2024,759.69,598.9318324191476
4,Static Early Fusion CatBoost,84,2024_L514,2024,825.0,478.3699678874285
4,Static Early Fusion CatBoost,86,2024_L516,2024,252.5,480.47386382712136
4,Static Early Fusion CatBoost,88,2024_L522,2024,731.43,474.06570785088104
4,Static Early Fusion CatBoost,92,2024_L526,2024,778.8,342.24851356326786
4,Static Early Fusion CatBoost,101,2024_L623,2024,482.16,466.3740111605336
4,Static Early Fusion CatBoost,105,2024_R114,2024,819.65,601.2347346754037
4,Static Early Fusion CatBoost,106,2024_R115,2024,648.75,600.6733100244919
4,Static Early Fusion CatBoost,107,2024_R116,2024,553.35,621.2637722569121
4,Static Early Fusion CatBoost,112,2024_R2111,2024,973.5,523.135826872486
4,Static Early Fusion CatBoost,114,2024_R217,2024,847.9,276.766434392313
4,Static Early Fusion CatBoost,116,2024_R219,2024,125.4,538.8187742599353
4,Static Early Fusion CatBoost,118,2024_R2211,2024,620.36,543.8073985282895
4,Static Early Fusion CatBoost,120,2024_R227,2024,618.45,445.17750695796866
4,Static Early Fusion CatBoost,137,2024_R519,2024,565.0,476.0568880369329
4,Static Early Fusion CatBoost,142,2024_R618,2024,1031.25,609.3772587044703
4,Static Early Fusion CatBoost,176,2025_L313,2025,840.0,871.6753632646245
4,Static Early Fusion CatBoost,178,2025_L322,2025,1370.88,1076.0803434473833
4,Static Early Fusion CatBoost,180,2025_L411,2025,1621.8,1134.2317836972575
4,Static Early Fusion CatBoost,181,2025_L412,2025,15.0,641.2851811471244
4,Static Early Fusion CatBoost,183,2025_L421,2025,1841.28,1203.1576981923959
4,Static Early Fusion CatBoost,191,2025_L516,2025,105.0,750.4513326448224
4,Static Early Fusion CatBoost,193,2025_L522,2025,1462.86,1062.5820162658745
4,Static Early Fusion CatBoost,195,2025_L524,2025,1566.25,1012.3332935669578
4,Static Early Fusion CatBoost,196,2025_L525,2025,1476.2,733.1780279366819
4,Static Early Fusion CatBoost,199,2025_L612,2025,666.6,795.6756560827228
4,Static Early Fusion CatBoost,202,2025_L615,2025,933.0,839.2437364290977
4,Static Early Fusion CatBoost,204,2025_L621,2025,1220.4,956.7213618809137
4,Static Early Fusion HistGB,2,2023_123,2023,1014.8,964.455285032639
4,Static Early Fusion HistGB,7,2023_225,2023,812.0,977.915682090059
4,Static Early Fusion HistGB,9,2023_321,2023,835.1,1070.6056600090485
4,Static Early Fusion HistGB,10,2023_322,2023,821.0,1050.0193370173524
4,Static Early Fusion HistGB,16,2023_422,2023,1093.4,1030.930605385368
4,Static Early Fusion HistGB,19,2023_522,2023,991.4,933.78151939864
4,Static Early Fusion HistGB,24,2023_527,2023,1451.6,977.0211406004541
4,Static Early Fusion HistGB,29,2023_623,2023,1220.2,1198.8081597544517
4,Static Early Fusion HistGB,44,2024_CK16,2024,536.65,443.5541359057148
4,Static Early Fusion HistGB,45,2024_CK21,2024,706.2,513.9728708835477
4,Static Early Fusion HistGB,50,2024_CK26,2024,831.42,538.4692740413088
4,Static Early Fusion HistGB,55,2024_L122,2024,361.5,470.4452240214503
4,Static Early Fusion HistGB,59,2024_L213,2024,55.0,440.1856332245778
4,Static Early Fusion HistGB,65,2024_L223,2024,773.48,306.7497423507712
4,Static Early Fusion HistGB,80,2024_L423,2024,759.69,628.1868108627983
4,Static Early Fusion HistGB,84,2024_L514,2024,825.0,432.2854331123577
4,Static Early Fusion HistGB,86,2024_L516,2024,252.5,601.2974109201932
4,Static Early Fusion HistGB,88,2024_L522,2024,731.43,423.8078247971018
4,Static Early Fusion HistGB,92,2024_L526,2024,778.8,368.9091226925182
4,Static Early Fusion HistGB,101,2024_L623,2024,482.16,540.368260597009
4,Static Early Fusion HistGB,105,2024_R114,2024,819.65,507.39047963922036
4,Static Early Fusion HistGB,106,2024_R115,2024,648.75,495.3291939684148
4,Static Early Fusion HistGB,107,2024_R116,2024,553.35,638.0771114627101
4,Static Early Fusion HistGB,112,2024_R2111,2024,973.5,470.59813535463996
4,Static Early Fusion HistGB,114,2024_R217,2024,847.9,248.55518830167924
4,Static Early Fusion HistGB,116,2024_R219,2024,125.4,542.3641240151409
4,Static Early Fusion HistGB,118,2024_R2211,2024,620.36,495.77650780202816
4,Static Early Fusion HistGB,120,2024_R227,2024,618.45,406.4495450029925
4,Static Early Fusion HistGB,137,2024_R519,2024,565.0,475.56753435924657
4,Static Early Fusion HistGB,142,2024_R618,2024,1031.25,560.6629928321894
4,Static Early Fusion HistGB,176,2025_L313,2025,840.0,744.4269608262258
4,Static Early Fusion HistGB,178,2025_L322,2025,1370.88,1126.9308175110039
4,Static Early Fusion HistGB,180,2025_L411,2025,1621.8,818.66776070276
4,Static Early Fusion HistGB,181,2025_L412,2025,15.0,893.2643265325155
4,Static Early Fusion HistGB,183,2025_L421,2025,1841.28,1019.1314185247088
4,Static Early Fusion HistGB,191,2025_L516,2025,105.0,799.0089263914515
4,Static Early Fusion HistGB,193,2025_L522,2025,1462.86,1010.5830931254488
4,Static Early Fusion HistGB,195,2025_L524,2025,1566.25,1145.4447031798773
4,Static Early Fusion HistGB,196,2025_L525,2025,1476.2,695.9909524433252
4,Static Early Fusion HistGB,199,2025_L612,2025,666.6,759.9299131306235
4,Static Early Fusion HistGB,202,2025_L615,2025,933.0,701.2850363720207
4,Static Early Fusion HistGB,204,2025_L621,2025,1220.4,1046.7565725263394
4,Trajectory Fusion ExtraTrees,2,2023_123,2023,1014.8,912.2898666666667
4,Trajectory Fusion ExtraTrees,7,2023_225,2023,812.0,968.7656600000009
4,Trajectory Fusion ExtraTrees,9,2023_321,2023,835.1,1024.061930000002
4,Trajectory Fusion ExtraTrees,10,2023_322,2023,821.0,1017.4586666666665
4,Trajectory Fusion ExtraTrees,16,2023_422,2023,1093.4,1019.7608883333332
4,Trajectory Fusion ExtraTrees,19,2023_522,2023,991.4,1025.030725
4,Trajectory Fusion ExtraTrees,24,2023_527,2023,1451.6,1150.3622999999939
4,Trajectory Fusion ExtraTrees,29,2023_623,2023,1220.2,1118.7907266666668
4,Trajectory Fusion ExtraTrees,44,2024_CK16,2024,536.65,567.1558433333336
4,Trajectory Fusion ExtraTrees,45,2024_CK21,2024,706.2,552.5039216666671
4,Trajectory Fusion ExtraTrees,50,2024_CK26,2024,831.42,551.1306333333332
4,Trajectory Fusion ExtraTrees,55,2024_L122,2024,361.5,385.13348833333345
4,Trajectory Fusion ExtraTrees,59,2024_L213,2024,55.0,516.7679099999996
4,Trajectory Fusion ExtraTrees,65,2024_L223,2024,773.48,555.7830416666677
4,Trajectory Fusion ExtraTrees,80,2024_L423,2024,759.69,563.7885300000005
4,Trajectory Fusion ExtraTrees,84,2024_L514,2024,825.0,499.7311549999999
4,Trajectory Fusion ExtraTrees,86,2024_L516,2024,252.5,606.9683166666672
4,Trajectory Fusion ExtraTrees,88,2024_L522,2024,731.43,493.45011833333274
4,Trajectory Fusion ExtraTrees,92,2024_L526,2024,778.8,558.4137300000001
4,Trajectory Fusion ExtraTrees,101,2024_L623,2024,482.16,341.80293499999965
4,Trajectory Fusion ExtraTrees,105,2024_R114,2024,819.65,535.3625016666663
4,Trajectory Fusion ExtraTrees,106,2024_R115,2024,648.75,602.8207116666659
4,Trajectory Fusion ExtraTrees,107,2024_R116,2024,553.35,568.4873633333331
4,Trajectory Fusion ExtraTrees,112,2024_R2111,2024,973.5,559.2545816666667
4,Trajectory Fusion ExtraTrees,114,2024_R217,2024,847.9,515.1899533333338
4,Trajectory Fusion ExtraTrees,116,2024_R219,2024,125.4,554.2868399999993
4,Trajectory Fusion ExtraTrees,118,2024_R2211,2024,620.36,533.0469566666659
4,Trajectory Fusion ExtraTrees,120,2024_R227,2024,618.45,546.4138350000009
4,Trajectory Fusion ExtraTrees,137,2024_R519,2024,565.0,582.2371499999999
4,Trajectory Fusion ExtraTrees,142,2024_R618,2024,1031.25,643.6638833333334
4,Trajectory Fusion ExtraTrees,176,2025_L313,2025,840.0,1074.0663933333342
4,Trajectory Fusion ExtraTrees,178,2025_L322,2025,1370.88,1176.0801566666673
4,Trajectory Fusion ExtraTrees,180,2025_L411,2025,1621.8,957.4922133333343
4,Trajectory Fusion ExtraTrees,181,2025_L412,2025,15.0,1016.2852600000008
4,Trajectory Fusion ExtraTrees,183,2025_L421,2025,1841.28,1357.4840566666676
4,Trajectory Fusion ExtraTrees,191,2025_L516,2025,105.0,633.4753766666662
4,Trajectory Fusion ExtraTrees,193,2025_L522,2025,1462.86,1108.197986666666
4,Trajectory Fusion ExtraTrees,195,2025_L524,2025,1566.25,1186.5374966666675
4,Trajectory Fusion ExtraTrees,196,2025_L525,2025,1476.2,964.5019099999994
4,Trajectory Fusion ExtraTrees,199,2025_L612,2025,666.6,974.4485333333319
4,Trajectory Fusion ExtraTrees,202,2025_L615,2025,933.0,848.2350499999993
4,Trajectory Fusion ExtraTrees,204,2025_L621,2025,1220.4,1099.0014866666659
4,CMGT-DINO,2,2023_123,2023,1014.8,917.5716460277989
4,CMGT-DINO,7,2023_225,2023,812.0,918.0739371375743
4,CMGT-DINO,9,2023_321,2023,835.1,997.7521938666175
4,CMGT-DINO,10,2023_322,2023,821.0,974.9911208312567
4,CMGT-DINO,16,2023_422,2023,1093.4,993.237195751194
4,CMGT-DINO,19,2023_522,2023,991.4,981.5677536590443
4,CMGT-DINO,24,2023_527,2023,1451.6,1083.162043471711
4,CMGT-DINO,29,2023_623,2023,1220.2,1050.3874688320477
4,CMGT-DINO,44,2024_CK16,2024,536.65,567.2516548920804
4,CMGT-DINO,45,2024_CK21,2024,706.2,668.1058471319926
4,CMGT-DINO,50,2024_CK26,2024,831.42,632.5052686327683
4,CMGT-DINO,55,2024_L122,2024,361.5,572.9053446814999
4,CMGT-DINO,59,2024_L213,2024,55.0,575.1677917268246
4,CMGT-DINO,65,2024_L223,2024,773.48,560.9920503177957
4,CMGT-DINO,80,2024_L423,2024,759.69,636.0298261015927
4,CMGT-DINO,84,2024_L514,2024,825.0,558.4887360267136
4,CMGT-DINO,86,2024_L516,2024,252.5,596.6177150696711
4,CMGT-DINO,88,2024_L522,2024,731.43,517.1736837860465
4,CMGT-DINO,92,2024_L526,2024,778.8,637.9987228776974
4,CMGT-DINO,101,2024_L623,2024,482.16,433.42714789187403
4,CMGT-DINO,105,2024_R114,2024,819.65,602.6303503491831
4,CMGT-DINO,106,2024_R115,2024,648.75,692.5392024941988
4,CMGT-DINO,107,2024_R116,2024,553.35,601.5656830631652
4,CMGT-DINO,112,2024_R2111,2024,973.5,647.6371336085448
4,CMGT-DINO,114,2024_R217,2024,847.9,625.1083216287057
4,CMGT-DINO,116,2024_R219,2024,125.4,606.7331607203906
4,CMGT-DINO,118,2024_R2211,2024,620.36,587.6122319163501
4,CMGT-DINO,120,2024_R227,2024,618.45,547.3540519629853
4,CMGT-DINO,137,2024_R519,2024,565.0,596.1392354334047
4,CMGT-DINO,142,2024_R618,2024,1031.25,627.3686318017008
4,CMGT-DINO,176,2025_L313,2025,840.0,713.7812424800359
4,CMGT-DINO,178,2025_L322,2025,1370.88,1097.806695986177
4,CMGT-DINO,180,2025_L411,2025,1621.8,928.1508412526018
4,CMGT-DINO,181,2025_L412,2025,15.0,967.8113327670187
4,CMGT-DINO,183,2025_L421,2025,1841.28,1095.0733228488693
4,CMGT-DINO,191,2025_L516,2025,105.0,562.5666210932277
4,CMGT-DINO,193,2025_L522,2025,1462.86,895.4244591606478
4,CMGT-DINO,195,2025_L524,2025,1566.25,1207.0289735360388
4,CMGT-DINO,196,2025_L525,2025,1476.2,1139.6323494265198
4,CMGT-DINO,199,2025_L612,2025,666.6,936.2882069598808
4,CMGT-DINO,202,2025_L615,2025,933.0,961.6368579378158
4,CMGT-DINO,204,2025_L621,2025,1220.4,1055.480393496548
5,DINOv3 Static Image ExtraTrees,3,2023_221,2023,884.8,934.5999999999921
5,DINOv3 Static Image ExtraTrees,4,2023_222,2023,933.4,934.5999999999921
5,DINOv3 Static Image ExtraTrees,15,2023_421,2023,987.16,1054.5389999999925
5,DINOv3 Static Image ExtraTrees,17,2023_423,2023,1070.67,1054.5389999999925
5,DINOv3 Static Image ExtraTrees,18,2023_521,2023,1008.8,1054.5389999999925
5,DINOv3 Static Image ExtraTrees,24,2023_527,2023,1451.6,1228.8750999999995
5,DINOv3 Static Image ExtraTrees,26,2023_529,2023,1158.2,1228.8750999999995
5,DINOv3 Static Image ExtraTrees,38,2023_726,2023,1081.6,1096.2575999999901
5,DINOv3 Static Image ExtraTrees,50,2024_CK26,2024,831.42,541.5425000000039
5,DINOv3 Static Image ExtraTrees,52,2024_L112,2024,651.0,470.96875
5,DINOv3 Static Image ExtraTrees,55,2024_L122,2024,361.5,470.96875
5,DINOv3 Static Image ExtraTrees,59,2024_L213,2024,55.0,470.96875
5,DINOv3 Static Image ExtraTrees,65,2024_L223,2024,773.48,470.96875
5,DINOv3 Static Image ExtraTrees,66,2024_L224,2024,524.3,732.1161111111128
5,DINOv3 Static Image ExtraTrees,69,2024_L311,2024,805.0,732.1161111111128
5,DINOv3 Static Image ExtraTrees,71,2024_L313,2024,620.0,732.1161111111128
5,DINOv3 Static Image ExtraTrees,79,2024_L422,2024,797.27,591.3845454545469
5,DINOv3 Static Image ExtraTrees,83,2024_L513,2024,646.25,328.45555555555615
5,DINOv3 Static Image ExtraTrees,84,2024_L514,2024,825.0,465.74650000000213
5,DINOv3 Static Image ExtraTrees,87,2024_L521,2024,143.1,328.45555555555615
5,DINOv3 Static Image ExtraTrees,92,2024_L526,2024,778.8,465.74650000000213
5,DINOv3 Static Image ExtraTrees,100,2024_L622,2024,267.75,328.45555555555615
5,DINOv3 Static Image ExtraTrees,108,2024_R124,2024,523.6,565.3943750000009
5,DINOv3 Static Image ExtraTrees,113,2024_R2112,2024,765.0,521.9404999999974
5,DINOv3 Static Image ExtraTrees,114,2024_R217,2024,847.9,565.3943750000009
5,DINOv3 Static Image ExtraTrees,115,2024_R218,2024,390.85,565.3943750000009
5,DINOv3 Static Image ExtraTrees,118,2024_R2211,2024,620.36,521.9404999999974
5,DINOv3 Static Image ExtraTrees,120,2024_R227,2024,618.45,565.3943750000009
5,DINOv3 Static Image ExtraTrees,129,2024_R414,2024,583.35,541.5425000000039
5,DINOv3 Static Image ExtraTrees,137,2024_R519,2024,565.0,659.4747872727228
5,DINOv3 Static Image ExtraTrees,161,2025_L123,2025,1340.64,738.0735094444466
5,DINOv3 Static Image ExtraTrees,162,2025_L211,2025,758.6,738.0735094444466
5,DINOv3 Static Image ExtraTrees,169,2025_L222,2025,1425.6,738.0735094444466
5,DINOv3 Static Image ExtraTrees,170,2025_L223,2025,1546.96,738.0735094444466
5,DINOv3 Static Image ExtraTrees,175,2025_L312,2025,100.0,971.079277090914
5,DINOv3 Static Image ExtraTrees,179,2025_L323,2025,1288.0,971.079277090914
5,DINOv3 Static Image ExtraTrees,181,2025_L412,2025,15.0,1300.4208333333374
5,DINOv3 Static Image ExtraTrees,198,2025_L611,2025,800.0,1075.2257142857275
5,DINOv3 Static Image ExtraTrees,199,2025_L612,2025,666.6,1075.2257142857275
5,DINOv3 Static Image ExtraTrees,204,2025_L621,2025,1220.4,1075.2257142857275
5,DINOv3 Static Image ExtraTrees,205,2025_L622,2025,535.5,1075.2257142857275
5,DINOv3 Static Image ExtraTrees,206,2025_L623,2025,964.32,1075.2257142857275
5,Phenotype-only ExtraTrees,3,2023_221,2023,884.8,886.325866666668
5,Phenotype-only ExtraTrees,4,2023_222,2023,933.4,954.0703500000012
5,Phenotype-only ExtraTrees,15,2023_421,2023,987.16,1119.2083683333349
5,Phenotype-only ExtraTrees,17,2023_423,2023,1070.67,1053.421450000001
5,Phenotype-only ExtraTrees,18,2023_521,2023,1008.8,839.3347066666672
5,Phenotype-only ExtraTrees,24,2023_527,2023,1451.6,1040.317978333334
5,Phenotype-only ExtraTrees,26,2023_529,2023,1158.2,880.0945000000006
5,Phenotype-only ExtraTrees,38,2023_726,2023,1081.6,1057.7127666666663
5,Phenotype-only ExtraTrees,50,2024_CK26,2024,831.42,729.3387733333333
5,Phenotype-only ExtraTrees,52,2024_L112,2024,651.0,711.9451916666665
5,Phenotype-only ExtraTrees,55,2024_L122,2024,361.5,621.2228416666665
5,Phenotype-only ExtraTrees,59,2024_L213,2024,55.0,492.80567900000005
5,Phenotype-only ExtraTrees,65,2024_L223,2024,773.48,249.7781980000014
5,Phenotype-only ExtraTrees,66,2024_L224,2024,524.3,620.9367116666664
5,Phenotype-only ExtraTrees,69,2024_L311,2024,805.0,580.8113149999999
5,Phenotype-only ExtraTrees,71,2024_L313,2024,620.0,516.9958123333332
5,Phenotype-only ExtraTrees,79,2024_L422,2024,797.27,591.1632440000005
5,Phenotype-only ExtraTrees,83,2024_L513,2024,646.25,633.0457916666667
5,Phenotype-only ExtraTrees,84,2024_L514,2024,825.0,620.6617116666666
5,Phenotype-only ExtraTrees,87,2024_L521,2024,143.1,650.1749256666667
5,Phenotype-only ExtraTrees,92,2024_L526,2024,778.8,610.5957366666663
5,Phenotype-only ExtraTrees,100,2024_L622,2024,267.75,613.8843933333334
5,Phenotype-only ExtraTrees,108,2024_R124,2024,523.6,547.9767166666668
5,Phenotype-only ExtraTrees,113,2024_R2112,2024,765.0,488.2385899999996
5,Phenotype-only ExtraTrees,114,2024_R217,2024,847.9,403.67124566666666
5,Phenotype-only ExtraTrees,115,2024_R218,2024,390.85,614.8533750000001
5,Phenotype-only ExtraTrees,118,2024_R2211,2024,620.36,495.40071333333344
5,Phenotype-only ExtraTrees,120,2024_R227,2024,618.45,249.7781980000014
5,Phenotype-only ExtraTrees,129,2024_R414,2024,583.35,626.9555116666661
5,Phenotype-only ExtraTrees,137,2024_R519,2024,565.0,500.98980166666706
5,Phenotype-only ExtraTrees,161,2025_L123,2025,1340.64,836.8784800000004
5,Phenotype-only ExtraTrees,162,2025_L211,2025,758.6,765.194415
5,Phenotype-only ExtraTrees,169,2025_L222,2025,1425.6,872.3566116666675
5,Phenotype-only ExtraTrees,170,2025_L223,2025,1546.96,983.5563049999992
5,Phenotype-only ExtraTrees,175,2025_L312,2025,100.0,1086.0957650000003
5,Phenotype-only ExtraTrees,179,2025_L323,2025,1288.0,741.3258233333337
5,Phenotype-only ExtraTrees,181,2025_L412,2025,15.0,568.5782500000001
5,Phenotype-only ExtraTrees,198,2025_L611,2025,800.0,920.491740666667
5,Phenotype-only ExtraTrees,199,2025_L612,2025,666.6,861.8674650000005
5,Phenotype-only ExtraTrees,204,2025_L621,2025,1220.4,1049.6302983333333
5,Phenotype-only ExtraTrees,205,2025_L622,2025,535.5,993.5625950000006
5,Phenotype-only ExtraTrees,206,2025_L623,2025,964.32,759.1666333333332
5,Environment-only ExtraTrees,3,2023_221,2023,884.8,1057.4516129032168
5,Environment-only ExtraTrees,4,2023_222,2023,933.4,1057.4516129032168
5,Environment-only ExtraTrees,15,2023_421,2023,987.16,1057.4516129032168
5,Environment-only ExtraTrees,17,2023_423,2023,1070.67,1057.4516129032168
5,Environment-only ExtraTrees,18,2023_521,2023,1008.8,1057.4516129032168
5,Environment-only ExtraTrees,24,2023_527,2023,1451.6,1057.4516129032168
5,Environment-only ExtraTrees,26,2023_529,2023,1158.2,1057.4516129032168
5,Environment-only ExtraTrees,38,2023_726,2023,1081.6,1057.4516129032168
5,Environment-only ExtraTrees,50,2024_CK26,2024,831.42,545.1813372093021
5,Environment-only ExtraTrees,52,2024_L112,2024,651.0,545.1813372093021
5,Environment-only ExtraTrees,55,2024_L122,2024,361.5,545.1813372093021
5,Environment-only ExtraTrees,59,2024_L213,2024,55.0,545.1813372093021
5,Environment-only ExtraTrees,65,2024_L223,2024,773.48,545.1813372093021
5,Environment-only ExtraTrees,66,2024_L224,2024,524.3,545.1813372093021
5,Environment-only ExtraTrees,69,2024_L311,2024,805.0,545.1813372093021
5,Environment-only ExtraTrees,71,2024_L313,2024,620.0,545.1813372093021
5,Environment-only ExtraTrees,79,2024_L422,2024,797.27,545.1813372093021
5,Environment-only ExtraTrees,83,2024_L513,2024,646.25,545.1813372093021
5,Environment-only ExtraTrees,84,2024_L514,2024,825.0,545.1813372093021
5,Environment-only ExtraTrees,87,2024_L521,2024,143.1,545.1813372093021
5,Environment-only ExtraTrees,92,2024_L526,2024,778.8,545.1813372093021
5,Environment-only ExtraTrees,100,2024_L622,2024,267.75,545.1813372093021
5,Environment-only ExtraTrees,108,2024_R124,2024,523.6,545.1813372093021
5,Environment-only ExtraTrees,113,2024_R2112,2024,765.0,545.1813372093021
5,Environment-only ExtraTrees,114,2024_R217,2024,847.9,545.1813372093021
5,Environment-only ExtraTrees,115,2024_R218,2024,390.85,545.1813372093021
5,Environment-only ExtraTrees,118,2024_R2211,2024,620.36,545.1813372093021
5,Environment-only ExtraTrees,120,2024_R227,2024,618.45,545.1813372093021
5,Environment-only ExtraTrees,129,2024_R414,2024,583.35,545.1813372093021
5,Environment-only ExtraTrees,137,2024_R519,2024,565.0,545.1813372093021
5,Environment-only ExtraTrees,161,2025_L123,2025,1340.64,1015.4551111111076
5,Environment-only ExtraTrees,162,2025_L211,2025,758.6,1015.4551111111076
5,Environment-only ExtraTrees,169,2025_L222,2025,1425.6,1015.4551111111076
5,Environment-only ExtraTrees,170,2025_L223,2025,1546.96,1015.4551111111076
5,Environment-only ExtraTrees,175,2025_L312,2025,100.0,1015.4551111111076
5,Environment-only ExtraTrees,179,2025_L323,2025,1288.0,1015.4551111111076
5,Environment-only ExtraTrees,181,2025_L412,2025,15.0,1015.4551111111076
5,Environment-only ExtraTrees,198,2025_L611,2025,800.0,1015.4551111111076
5,Environment-only ExtraTrees,199,2025_L612,2025,666.6,1015.4551111111076
5,Environment-only ExtraTrees,204,2025_L621,2025,1220.4,1015.4551111111076
5,Environment-only ExtraTrees,205,2025_L622,2025,535.5,1015.4551111111076
5,Environment-only ExtraTrees,206,2025_L623,2025,964.32,1015.4551111111076
5,Static Early Fusion ExtraTrees,3,2023_221,2023,884.8,926.9581400000011
5,Static Early Fusion ExtraTrees,4,2023_222,2023,933.4,944.4018433333334
5,Static Early Fusion ExtraTrees,15,2023_421,2023,987.16,1068.218346666665
5,Static Early Fusion ExtraTrees,17,2023_423,2023,1070.67,1049.2590633333323
5,Static Early Fusion ExtraTrees,18,2023_521,2023,1008.8,1051.9519266666657
5,Static Early Fusion ExtraTrees,24,2023_527,2023,1451.6,1163.7118866666697
5,Static Early Fusion ExtraTrees,26,2023_529,2023,1158.2,1039.2825233333353
5,Static Early Fusion ExtraTrees,38,2023_726,2023,1081.6,1079.8097166666664
5,Static Early Fusion ExtraTrees,50,2024_CK26,2024,831.42,515.964711666666
5,Static Early Fusion ExtraTrees,52,2024_L112,2024,651.0,542.7796349999999
5,Static Early Fusion ExtraTrees,55,2024_L122,2024,361.5,353.2704116666667
5,Static Early Fusion ExtraTrees,59,2024_L213,2024,55.0,448.16667333333356
5,Static Early Fusion ExtraTrees,65,2024_L223,2024,773.48,444.9698966666673
5,Static Early Fusion ExtraTrees,66,2024_L224,2024,524.3,684.1781358333337
5,Static Early Fusion ExtraTrees,69,2024_L311,2024,805.0,654.2759975000005
5,Static Early Fusion ExtraTrees,71,2024_L313,2024,620.0,654.1115408333337
5,Static Early Fusion ExtraTrees,79,2024_L422,2024,797.27,466.81679999999966
5,Static Early Fusion ExtraTrees,83,2024_L513,2024,646.25,304.2994200000002
5,Static Early Fusion ExtraTrees,84,2024_L514,2024,825.0,421.1824033333332
5,Static Early Fusion ExtraTrees,87,2024_L521,2024,143.1,410.0446616666667
5,Static Early Fusion ExtraTrees,92,2024_L526,2024,778.8,383.05369499999995
5,Static Early Fusion ExtraTrees,100,2024_L622,2024,267.75,335.66921000000013
5,Static Early Fusion ExtraTrees,108,2024_R124,2024,523.6,510.4915999999999
5,Static Early Fusion ExtraTrees,113,2024_R2112,2024,765.0,430.5350850000001
5,Static Early Fusion ExtraTrees,114,2024_R217,2024,847.9,420.3809750000002
5,Static Early Fusion ExtraTrees,115,2024_R218,2024,390.85,483.5313866666667
5,Static Early Fusion ExtraTrees,118,2024_R2211,2024,620.36,460.9360716666667
5,Static Early Fusion ExtraTrees,120,2024_R227,2024,618.45,549.234131666667
5,Static Early Fusion ExtraTrees,129,2024_R414,2024,583.35,533.4604816666665
5,Static Early Fusion ExtraTrees,137,2024_R519,2024,565.0,565.5352883333334
5,Static Early Fusion ExtraTrees,161,2025_L123,2025,1340.64,836.2082433333334
5,Static Early Fusion ExtraTrees,162,2025_L211,2025,758.6,582.0523666666656
5,Static Early Fusion ExtraTrees,169,2025_L222,2025,1425.6,930.0746916666668
5,Static Early Fusion ExtraTrees,170,2025_L223,2025,1546.96,683.8772533333333
5,Static Early Fusion ExtraTrees,175,2025_L312,2025,100.0,1128.8195800000003
5,Static Early Fusion ExtraTrees,179,2025_L323,2025,1288.0,890.9546133333342
5,Static Early Fusion ExtraTrees,181,2025_L412,2025,15.0,729.587906666667
5,Static Early Fusion ExtraTrees,198,2025_L611,2025,800.0,899.6540999999999
5,Static Early Fusion ExtraTrees,199,2025_L612,2025,666.6,922.764966666666
5,Static Early Fusion ExtraTrees,204,2025_L621,2025,1220.4,1021.4021233333332
5,Static Early Fusion ExtraTrees,205,2025_L622,2025,535.5,1122.5092483333328
5,Static Early Fusion ExtraTrees,206,2025_L623,2025,964.32,1190.2362266666678
5,Static Early Fusion XGBoost,3,2023_221,2023,884.8,942.1043090820312
5,Static Early Fusion XGBoost,4,2023_222,2023,933.4,990.7399291992188
5,Static Early Fusion XGBoost,15,2023_421,2023,987.16,1057.1944580078125
5,Static Early Fusion XGBoost,17,2023_423,2023,1070.67,1023.9149780273438
5,Static Early Fusion XGBoost,18,2023_521,2023,1008.8,1014.590576171875
5,Static Early Fusion XGBoost,24,2023_527,2023,1451.6,1083.9566650390625
5,Static Early Fusion XGBoost,26,2023_529,2023,1158.2,911.6475830078125
5,Static Early Fusion XGBoost,38,2023_726,2023,1081.6,1010.0645141601562
5,Static Early Fusion XGBoost,50,2024_CK26,2024,831.42,517.5992431640625
5,Static Early Fusion XGBoost,52,2024_L112,2024,651.0,556.2906494140625
5,Static Early Fusion XGBoost,55,2024_L122,2024,361.5,391.1558837890625
5,Static Early Fusion XGBoost,59,2024_L213,2024,55.0,327.6205139160156
5,Static Early Fusion XGBoost,65,2024_L223,2024,773.48,366.3345642089844
5,Static Early Fusion XGBoost,66,2024_L224,2024,524.3,714.4843139648438
5,Static Early Fusion XGBoost,69,2024_L311,2024,805.0,666.1107177734375
5,Static Early Fusion XGBoost,71,2024_L313,2024,620.0,562.56298828125
5,Static Early Fusion XGBoost,79,2024_L422,2024,797.27,604.7977905273438
5,Static Early Fusion XGBoost,83,2024_L513,2024,646.25,549.5667724609375
5,Static Early Fusion XGBoost,84,2024_L514,2024,825.0,590.7098999023438
5,Static Early Fusion XGBoost,87,2024_L521,2024,143.1,545.332763671875
5,Static Early Fusion XGBoost,92,2024_L526,2024,778.8,473.9189147949219
5,Static Early Fusion XGBoost,100,2024_L622,2024,267.75,422.85400390625
5,Static Early Fusion XGBoost,108,2024_R124,2024,523.6,401.2093811035156
5,Static Early Fusion XGBoost,113,2024_R2112,2024,765.0,437.4023742675781
5,Static Early Fusion XGBoost,114,2024_R217,2024,847.9,295.706298828125
5,Static Early Fusion XGBoost,115,2024_R218,2024,390.85,512.3430786132812
5,Static Early Fusion XGBoost,118,2024_R2211,2024,620.36,394.7199401855469
5,Static Early Fusion XGBoost,120,2024_R227,2024,618.45,393.2677917480469
5,Static Early Fusion XGBoost,129,2024_R414,2024,583.35,644.7268676757812
5,Static Early Fusion XGBoost,137,2024_R519,2024,565.0,500.72576904296875
5,Static Early Fusion XGBoost,161,2025_L123,2025,1340.64,694.5781860351562
5,Static Early Fusion XGBoost,162,2025_L211,2025,758.6,416.6556091308594
5,Static Early Fusion XGBoost,169,2025_L222,2025,1425.6,733.8341674804688
5,Static Early Fusion XGBoost,170,2025_L223,2025,1546.96,580.6402587890625
5,Static Early Fusion XGBoost,175,2025_L312,2025,100.0,1048.9813232421875
5,Static Early Fusion XGBoost,179,2025_L323,2025,1288.0,850.1136474609375
5,Static Early Fusion XGBoost,181,2025_L412,2025,15.0,547.2672729492188
5,Static Early Fusion XGBoost,198,2025_L611,2025,800.0,931.3172607421875
5,Static Early Fusion XGBoost,199,2025_L612,2025,666.6,831.6975708007812
5,Static Early Fusion XGBoost,204,2025_L621,2025,1220.4,1084.4578857421875
5,Static Early Fusion XGBoost,205,2025_L622,2025,535.5,1014.033447265625
5,Static Early Fusion XGBoost,206,2025_L623,2025,964.32,1285.9813232421875
5,Static Early Fusion CatBoost,3,2023_221,2023,884.8,939.8557712338957
5,Static Early Fusion CatBoost,4,2023_222,2023,933.4,1009.4661063429364
5,Static Early Fusion CatBoost,15,2023_421,2023,987.16,1056.226215000538
5,Static Early Fusion CatBoost,17,2023_423,2023,1070.67,1053.511707381113
5,Static Early Fusion CatBoost,18,2023_521,2023,1008.8,922.7486779174618
5,Static Early Fusion CatBoost,24,2023_527,2023,1451.6,1087.4674519107816
5,Static Early Fusion CatBoost,26,2023_529,2023,1158.2,975.8065962630523
5,Static Early Fusion CatBoost,38,2023_726,2023,1081.6,1043.2552062181305
5,Static Early Fusion CatBoost,50,2024_CK26,2024,831.42,582.5517861911479
5,Static Early Fusion CatBoost,52,2024_L112,2024,651.0,504.73675299086767
5,Static Early Fusion CatBoost,55,2024_L122,2024,361.5,388.15060986549855
5,Static Early Fusion CatBoost,59,2024_L213,2024,55.0,384.55513009128566
5,Static Early Fusion CatBoost,65,2024_L223,2024,773.48,318.60622468180424
5,Static Early Fusion CatBoost,66,2024_L224,2024,524.3,730.0950781582039
5,Static Early Fusion CatBoost,69,2024_L311,2024,805.0,634.095283283155
5,Static Early Fusion CatBoost,71,2024_L313,2024,620.0,574.1817229754557
5,Static Early Fusion CatBoost,79,2024_L422,2024,797.27,451.6659692532203
5,Static Early Fusion CatBoost,83,2024_L513,2024,646.25,406.0365836541098
5,Static Early Fusion CatBoost,84,2024_L514,2024,825.0,498.4963728023579
5,Static Early Fusion CatBoost,87,2024_L521,2024,143.1,510.94417160077927
5,Static Early Fusion CatBoost,92,2024_L526,2024,778.8,408.792200987964
5,Static Early Fusion CatBoost,100,2024_L622,2024,267.75,369.4623962159832
5,Static Early Fusion CatBoost,108,2024_R124,2024,523.6,491.5285249960226
5,Static Early Fusion CatBoost,113,2024_R2112,2024,765.0,443.4783843330161
5,Static Early Fusion CatBoost,114,2024_R217,2024,847.9,243.62577788633132
5,Static Early Fusion CatBoost,115,2024_R218,2024,390.85,491.2269658755754
5,Static Early Fusion CatBoost,118,2024_R2211,2024,620.36,483.9919721355401
5,Static Early Fusion CatBoost,120,2024_R227,2024,618.45,471.53302750102193
5,Static Early Fusion CatBoost,129,2024_R414,2024,583.35,642.9982440165809
5,Static Early Fusion CatBoost,137,2024_R519,2024,565.0,598.0748686452832
5,Static Early Fusion CatBoost,161,2025_L123,2025,1340.64,755.0081201047321
5,Static Early Fusion CatBoost,162,2025_L211,2025,758.6,582.8941974177578
5,Static Early Fusion CatBoost,169,2025_L222,2025,1425.6,960.6917548204935
5,Static Early Fusion CatBoost,170,2025_L223,2025,1546.96,615.42187548029
5,Static Early Fusion CatBoost,175,2025_L312,2025,100.0,1029.3516530146835
5,Static Early Fusion CatBoost,179,2025_L323,2025,1288.0,844.604556324413
5,Static Early Fusion CatBoost,181,2025_L412,2025,15.0,638.582465665396
5,Static Early Fusion CatBoost,198,2025_L611,2025,800.0,944.5830212621219
5,Static Early Fusion CatBoost,199,2025_L612,2025,666.6,894.5395095845444
5,Static Early Fusion CatBoost,204,2025_L621,2025,1220.4,1085.9913170284228
5,Static Early Fusion CatBoost,205,2025_L622,2025,535.5,1037.2040035441084
5,Static Early Fusion CatBoost,206,2025_L623,2025,964.32,1163.1557743814403
5,Static Early Fusion HistGB,3,2023_221,2023,884.8,927.4664364904412
5,Static Early Fusion HistGB,4,2023_222,2023,933.4,955.2357027190844
5,Static Early Fusion HistGB,15,2023_421,2023,987.16,1018.804383317151
5,Static Early Fusion HistGB,17,2023_423,2023,1070.67,1082.8557195933322
5,Static Early Fusion HistGB,18,2023_521,2023,1008.8,1186.86588039004
5,Static Early Fusion HistGB,24,2023_527,2023,1451.6,1124.1758878713931
5,Static Early Fusion HistGB,26,2023_529,2023,1158.2,986.5717439372327
5,Static Early Fusion HistGB,38,2023_726,2023,1081.6,923.1279884860161
5,Static Early Fusion HistGB,50,2024_CK26,2024,831.42,552.0139480250532
5,Static Early Fusion HistGB,52,2024_L112,2024,651.0,702.8875613837482
5,Static Early Fusion HistGB,55,2024_L122,2024,361.5,431.5911129712216
5,Static Early Fusion HistGB,59,2024_L213,2024,55.0,317.1923133364598
5,Static Early Fusion HistGB,65,2024_L223,2024,773.48,288.1451760312539
5,Static Early Fusion HistGB,66,2024_L224,2024,524.3,711.1604292749068
5,Static Early Fusion HistGB,69,2024_L311,2024,805.0,696.8190399919183
5,Static Early Fusion HistGB,71,2024_L313,2024,620.0,650.3679569566611
5,Static Early Fusion HistGB,79,2024_L422,2024,797.27,703.2269277908533
5,Static Early Fusion HistGB,83,2024_L513,2024,646.25,265.4963111879562
5,Static Early Fusion HistGB,84,2024_L514,2024,825.0,466.48875855034936
5,Static Early Fusion HistGB,87,2024_L521,2024,143.1,392.61419797773647
5,Static Early Fusion HistGB,92,2024_L526,2024,778.8,376.7448243411175
5,Static Early Fusion HistGB,100,2024_L622,2024,267.75,400.9089985674945
5,Static Early Fusion HistGB,108,2024_R124,2024,523.6,463.4664171325507
5,Static Early Fusion HistGB,113,2024_R2112,2024,765.0,548.5042162245911
5,Static Early Fusion HistGB,114,2024_R217,2024,847.9,189.4410779747879
5,Static Early Fusion HistGB,115,2024_R218,2024,390.85,433.41751101359523
5,Static Early Fusion HistGB,118,2024_R2211,2024,620.36,421.90931402539735
5,Static Early Fusion HistGB,120,2024_R227,2024,618.45,336.7372039527334
5,Static Early Fusion HistGB,129,2024_R414,2024,583.35,655.0972180540613
5,Static Early Fusion HistGB,137,2024_R519,2024,565.0,417.2769676254967
5,Static Early Fusion HistGB,161,2025_L123,2025,1340.64,854.9846210436277
5,Static Early Fusion HistGB,162,2025_L211,2025,758.6,464.5929080676353
5,Static Early Fusion HistGB,169,2025_L222,2025,1425.6,912.9924861957619
5,Static Early Fusion HistGB,170,2025_L223,2025,1546.96,519.3765818833921
5,Static Early Fusion HistGB,175,2025_L312,2025,100.0,1094.9310604497225
5,Static Early Fusion HistGB,179,2025_L323,2025,1288.0,586.4845644835581
5,Static Early Fusion HistGB,181,2025_L412,2025,15.0,558.0570283257839
5,Static Early Fusion HistGB,198,2025_L611,2025,800.0,687.7842011490442
5,Static Early Fusion HistGB,199,2025_L612,2025,666.6,898.7357936188496
5,Static Early Fusion HistGB,204,2025_L621,2025,1220.4,1255.419595658839
5,Static Early Fusion HistGB,205,2025_L622,2025,535.5,1113.8276696843113
5,Static Early Fusion HistGB,206,2025_L623,2025,964.32,1208.3716658143312
5,Trajectory Fusion ExtraTrees,3,2023_221,2023,884.8,895.6696600000008
5,Trajectory Fusion ExtraTrees,4,2023_222,2023,933.4,916.9370100000011
5,Trajectory Fusion ExtraTrees,15,2023_421,2023,987.16,1049.901103333333
5,Trajectory Fusion ExtraTrees,17,2023_423,2023,1070.67,982.1977666666666
5,Trajectory Fusion ExtraTrees,18,2023_521,2023,1008.8,835.1018699999989
5,Trajectory Fusion ExtraTrees,24,2023_527,2023,1451.6,1218.9783166666696
5,Trajectory Fusion ExtraTrees,26,2023_529,2023,1158.2,1203.2434700000033
5,Trajectory Fusion ExtraTrees,38,2023_726,2023,1081.6,1087.5991466666685
5,Trajectory Fusion ExtraTrees,50,2024_CK26,2024,831.42,551.4930649999994
5,Trajectory Fusion ExtraTrees,52,2024_L112,2024,651.0,534.2346916666667
5,Trajectory Fusion ExtraTrees,55,2024_L122,2024,361.5,456.7217416666672
5,Trajectory Fusion ExtraTrees,59,2024_L213,2024,55.0,484.24557
5,Trajectory Fusion ExtraTrees,65,2024_L223,2024,773.48,447.0689750000006
5,Trajectory Fusion ExtraTrees,66,2024_L224,2024,524.3,661.8535983333322
5,Trajectory Fusion ExtraTrees,69,2024_L311,2024,805.0,657.4264483333334
5,Trajectory Fusion ExtraTrees,71,2024_L313,2024,620.0,662.3279766666659
5,Trajectory Fusion ExtraTrees,79,2024_L422,2024,797.27,632.954756666667
5,Trajectory Fusion ExtraTrees,83,2024_L513,2024,646.25,460.0853633333334
5,Trajectory Fusion ExtraTrees,84,2024_L514,2024,825.0,479.3009033333332
5,Trajectory Fusion ExtraTrees,87,2024_L521,2024,143.1,338.9094650000001
5,Trajectory Fusion ExtraTrees,92,2024_L526,2024,778.8,460.77949166666656
5,Trajectory Fusion ExtraTrees,100,2024_L622,2024,267.75,381.90385666666725
5,Trajectory Fusion ExtraTrees,108,2024_R124,2024,523.6,461.24334333333366
5,Trajectory Fusion ExtraTrees,113,2024_R2112,2024,765.0,517.999618333333
5,Trajectory Fusion ExtraTrees,114,2024_R217,2024,847.9,483.7109733333335
5,Trajectory Fusion ExtraTrees,115,2024_R218,2024,390.85,524.2055000000006
5,Trajectory Fusion ExtraTrees,118,2024_R2211,2024,620.36,496.448818333333
5,Trajectory Fusion ExtraTrees,120,2024_R227,2024,618.45,522.8561600000004
5,Trajectory Fusion ExtraTrees,129,2024_R414,2024,583.35,564.4750749999995
5,Trajectory Fusion ExtraTrees,137,2024_R519,2024,565.0,570.6486533333331
5,Trajectory Fusion ExtraTrees,161,2025_L123,2025,1340.64,739.207495
5,Trajectory Fusion ExtraTrees,162,2025_L211,2025,758.6,592.1903266666659
5,Trajectory Fusion ExtraTrees,169,2025_L222,2025,1425.6,1023.0000133333335
5,Trajectory Fusion ExtraTrees,170,2025_L223,2025,1546.96,972.9403466666664
5,Trajectory Fusion ExtraTrees,175,2025_L312,2025,100.0,941.6958000000009
5,Trajectory Fusion ExtraTrees,179,2025_L323,2025,1288.0,820.9922700000011
5,Trajectory Fusion ExtraTrees,181,2025_L412,2025,15.0,1043.8650850000015
5,Trajectory Fusion ExtraTrees,198,2025_L611,2025,800.0,1235.8743033333342
5,Trajectory Fusion ExtraTrees,199,2025_L612,2025,666.6,977.2249033333323
5,Trajectory Fusion ExtraTrees,204,2025_L621,2025,1220.4,1018.02886
5,Trajectory Fusion ExtraTrees,205,2025_L622,2025,535.5,1084.211173333332
5,Trajectory Fusion ExtraTrees,206,2025_L623,2025,964.32,1164.3723299999995
5,CMGT-DINO,3,2023_221,2023,884.8,994.2996518989883
5,CMGT-DINO,4,2023_222,2023,933.4,977.6289770352732
5,CMGT-DINO,15,2023_421,2023,987.16,1065.142272215308
5,CMGT-DINO,17,2023_423,2023,1070.67,980.1667009171781
5,CMGT-DINO,18,2023_521,2023,1008.8,983.4521509847777
5,CMGT-DINO,24,2023_527,2023,1451.6,1210.176953858827
5,CMGT-DINO,26,2023_529,2023,1158.2,1171.283940929919
5,CMGT-DINO,38,2023_726,2023,1081.6,1085.7991572497046
5,CMGT-DINO,50,2024_CK26,2024,831.42,570.5817504791293
5,CMGT-DINO,52,2024_L112,2024,651.0,558.242519418209
5,CMGT-DINO,55,2024_L122,2024,361.5,594.9962735418452
5,CMGT-DINO,59,2024_L213,2024,55.0,471.4749039345934
5,CMGT-DINO,65,2024_L223,2024,773.48,530.2267978822154
5,CMGT-DINO,66,2024_L224,2024,524.3,767.9997737516074
5,CMGT-DINO,69,2024_L311,2024,805.0,642.7826773979873
5,CMGT-DINO,71,2024_L313,2024,620.0,620.9494366698752
5,CMGT-DINO,79,2024_L422,2024,797.27,627.3875938562676
5,CMGT-DINO,83,2024_L513,2024,646.25,538.2764277269295
5,CMGT-DINO,84,2024_L514,2024,825.0,549.3459872776616
5,CMGT-DINO,87,2024_L521,2024,143.1,393.37089575735524
5,CMGT-DINO,92,2024_L526,2024,778.8,577.4940122135807
5,CMGT-DINO,100,2024_L622,2024,267.75,400.02411873492656
5,CMGT-DINO,108,2024_R124,2024,523.6,538.0133057583031
5,CMGT-DINO,113,2024_R2112,2024,765.0,525.0958919706954
5,CMGT-DINO,114,2024_R217,2024,847.9,516.5156159691295
5,CMGT-DINO,115,2024_R218,2024,390.85,537.3304418369474
5,CMGT-DINO,118,2024_R2211,2024,620.36,498.61141100729185
5,CMGT-DINO,120,2024_R227,2024,618.45,539.5557358797043
5,CMGT-DINO,129,2024_R414,2024,583.35,513.8670252276049
5,CMGT-DINO,137,2024_R519,2024,565.0,554.1318536876925
5,CMGT-DINO,161,2025_L123,2025,1340.64,899.6986288832295
5,CMGT-DINO,162,2025_L211,2025,758.6,620.3030330568224
5,CMGT-DINO,169,2025_L222,2025,1425.6,1083.2743098936744
5,CMGT-DINO,170,2025_L223,2025,1546.96,916.1458565494761
5,CMGT-DINO,175,2025_L312,2025,100.0,898.6784806695222
5,CMGT-DINO,179,2025_L323,2025,1288.0,894.7103050235514
5,CMGT-DINO,181,2025_L412,2025,15.0,936.4751913951548
5,CMGT-DINO,198,2025_L611,2025,800.0,1214.780303214907
5,CMGT-DINO,199,2025_L612,2025,666.6,1025.7189725753522
5,CMGT-DINO,204,2025_L621,2025,1220.4,1147.3645195379652
5,CMGT-DINO,205,2025_L622,2025,535.5,962.0902809237211
5,CMGT-DINO,206,2025_L623,2025,964.32,1154.8509125790904
6,DINOv3 Static Image ExtraTrees,1,2023_122,2023,868.0,939.9563199999922
6,DINOv3 Static Image ExtraTrees,4,2023_222,2023,933.4,939.9563199999922
6,DINOv3 Static Image ExtraTrees,12,2023_324,2023,1041.2,1111.0157999999897
6,DINOv3 Static Image ExtraTrees,16,2023_422,2023,1093.4,1022.6855800000089
6,DINOv3 Static Image ExtraTrees,19,2023_522,2023,991.4,1022.6855800000089
6,DINOv3 Static Image ExtraTrees,20,2023_523,2023,1078.2,1022.6855800000089
6,DINOv3 Static Image ExtraTrees,24,2023_527,2023,1451.6,1213.1468499999905
6,DINOv3 Static Image ExtraTrees,27,2023_621,2023,1174.0,1134.1280533333388
6,DINOv3 Static Image ExtraTrees,42,2024_CK14,2024,820.0,535.8222222222244
6,DINOv3 Static Image ExtraTrees,47,2024_CK23,2024,824.55,632.7950000000019
6,DINOv3 Static Image ExtraTrees,48,2024_CK24,2024,613.025,535.8222222222244
6,DINOv3 Static Image ExtraTrees,57,2024_L211,2024,379.3,500.02799999999695
6,DINOv3 Static Image ExtraTrees,58,2024_L212,2024,229.15,500.02799999999695
6,DINOv3 Static Image ExtraTrees,73,2024_L322,2024,685.44,720.8904999999967
6,DINOv3 Static Image ExtraTrees,74,2024_L323,2024,644.0,720.8904999999967
6,DINOv3 Static Image ExtraTrees,76,2024_L412,2024,150.0,632.7950000000019
6,DINOv3 Static Image ExtraTrees,84,2024_L514,2024,825.0,533.376500000006
6,DINOv3 Static Image ExtraTrees,85,2024_L515,2024,102.5,533.376500000006
6,DINOv3 Static Image ExtraTrees,107,2024_R116,2024,553.35,524.2916666666628
6,DINOv3 Static Image ExtraTrees,109,2024_R125,2024,784.08,524.2916666666628
6,DINOv3 Static Image ExtraTrees,111,2024_R2110,2024,491.25,485.875
6,DINOv3 Static Image ExtraTrees,113,2024_R2112,2024,765.0,485.875
6,DINOv3 Static Image ExtraTrees,114,2024_R217,2024,847.9,524.2916666666628
6,DINOv3 Static Image ExtraTrees,119,2024_R2212,2024,649.35,485.875
6,DINOv3 Static Image ExtraTrees,127,2024_R325,2024,812.165,485.875
6,DINOv3 Static Image ExtraTrees,134,2024_R426,2024,574.77,535.8222222222244
6,DINOv3 Static Image ExtraTrees,141,2024_R617,2024,1021.25,555.0587499999986
6,DINOv3 Static Image ExtraTrees,142,2024_R618,2024,1031.25,555.0587499999986
6,DINOv3 Static Image ExtraTrees,144,2024_R627,2024,613.97,555.0587499999986
6,DINOv3 Static Image ExtraTrees,146,2024_R629,2024,710.08,555.0587499999986
6,DINOv3 Static Image ExtraTrees,147,2025_CK11,2025,420.0,1248.888749090915
6,DINOv3 Static Image ExtraTrees,150,2025_CK21,2025,1412.4,1248.888749090915
6,DINOv3 Static Image ExtraTrees,154,2025_CK25,2025,1358.76,1444.4449999999902
6,DINOv3 Static Image ExtraTrees,163,2025_L212,2025,458.3,1040.7558698181856
6,DINOv3 Static Image ExtraTrees,164,2025_L213,2025,110.0,1040.7558698181856
6,DINOv3 Static Image ExtraTrees,172,2025_L225,2025,1122.0,868.6689999999954
6,DINOv3 Static Image ExtraTrees,179,2025_L323,2025,1288.0,868.6689999999954
6,DINOv3 Static Image ExtraTrees,188,2025_L513,2025,1292.5,994.9752377777696
6,DINOv3 Static Image ExtraTrees,196,2025_L525,2025,1476.2,745.3928571428561
6,DINOv3 Static Image ExtraTrees,197,2025_L526,2025,1557.6,745.3928571428561
6,DINOv3 Static Image ExtraTrees,198,2025_L611,2025,800.0,994.9752377777696
6,DINOv3 Static Image ExtraTrees,199,2025_L612,2025,666.6,994.9752377777696
6,Phenotype-only ExtraTrees,1,2023_122,2023,868.0,941.3641399999993
6,Phenotype-only ExtraTrees,4,2023_222,2023,933.4,906.8320026190496
6,Phenotype-only ExtraTrees,12,2023_324,2023,1041.2,974.0733033333329
6,Phenotype-only ExtraTrees,16,2023_422,2023,1093.4,1049.3955857142867
6,Phenotype-only ExtraTrees,19,2023_522,2023,991.4,974.2544223809525
6,Phenotype-only ExtraTrees,20,2023_523,2023,1078.2,980.6377016666673
6,Phenotype-only ExtraTrees,24,2023_527,2023,1451.6,929.4491576190488
6,Phenotype-only ExtraTrees,27,2023_621,2023,1174.0,1081.2758107142856
6,Phenotype-only ExtraTrees,42,2024_CK14,2024,820.0,512.0483630952374
6,Phenotype-only ExtraTrees,47,2024_CK23,2024,824.55,604.962967142857
6,Phenotype-only ExtraTrees,48,2024_CK24,2024,613.025,669.7668271428571
6,Phenotype-only ExtraTrees,57,2024_L211,2024,379.3,648.9144292857133
6,Phenotype-only ExtraTrees,58,2024_L212,2024,229.15,526.6333035714283
6,Phenotype-only ExtraTrees,73,2024_L322,2024,685.44,559.2282183333336
6,Phenotype-only ExtraTrees,74,2024_L323,2024,644.0,650.1805121428581
6,Phenotype-only ExtraTrees,76,2024_L412,2024,150.0,604.4501457142857
6,Phenotype-only ExtraTrees,84,2024_L514,2024,825.0,620.8031716666667
6,Phenotype-only ExtraTrees,85,2024_L515,2024,102.5,510.651543333333
6,Phenotype-only ExtraTrees,107,2024_R116,2024,553.35,589.6706783333332
6,Phenotype-only ExtraTrees,109,2024_R125,2024,784.08,546.30149047619
6,Phenotype-only ExtraTrees,111,2024_R2110,2024,491.25,653.8689183333328
6,Phenotype-only ExtraTrees,113,2024_R2112,2024,765.0,496.7022288095233
6,Phenotype-only ExtraTrees,114,2024_R217,2024,847.9,437.96586238095205
6,Phenotype-only ExtraTrees,119,2024_R2212,2024,649.35,758.0706783333329
6,Phenotype-only ExtraTrees,127,2024_R325,2024,812.165,489.1459849999993
6,Phenotype-only ExtraTrees,134,2024_R426,2024,574.77,554.7143349999999
6,Phenotype-only ExtraTrees,141,2024_R617,2024,1021.25,595.1084219047617
6,Phenotype-only ExtraTrees,142,2024_R618,2024,1031.25,605.3964864285709
6,Phenotype-only ExtraTrees,144,2024_R627,2024,613.97,544.7904833333323
6,Phenotype-only ExtraTrees,146,2024_R629,2024,710.08,622.0543169047619
6,Phenotype-only ExtraTrees,147,2025_CK11,2025,420.0,948.8093649999997
6,Phenotype-only ExtraTrees,150,2025_CK21,2025,1412.4,1196.6320199999998
6,Phenotype-only ExtraTrees,154,2025_CK25,2025,1358.76,1136.5313757142867
6,Phenotype-only ExtraTrees,163,2025_L212,2025,458.3,676.5605714285716
6,Phenotype-only ExtraTrees,164,2025_L213,2025,110.0,971.7010252380943
6,Phenotype-only ExtraTrees,172,2025_L225,2025,1122.0,995.5974850000001
6,Phenotype-only ExtraTrees,179,2025_L323,2025,1288.0,1087.607860714284
6,Phenotype-only ExtraTrees,188,2025_L513,2025,1292.5,684.8752152380954
6,Phenotype-only ExtraTrees,196,2025_L525,2025,1476.2,804.2276816666665
6,Phenotype-only ExtraTrees,197,2025_L526,2025,1557.6,1173.6718583333322
6,Phenotype-only ExtraTrees,198,2025_L611,2025,800.0,1019.2949097619061
6,Phenotype-only ExtraTrees,199,2025_L612,2025,666.6,888.2132216666668
6,Environment-only ExtraTrees,1,2023_122,2023,868.0,1055.6783870967806
6,Environment-only ExtraTrees,4,2023_222,2023,933.4,1055.6783870967806
6,Environment-only ExtraTrees,12,2023_324,2023,1041.2,1055.6783870967806
6,Environment-only ExtraTrees,16,2023_422,2023,1093.4,1055.6783870967806
6,Environment-only ExtraTrees,19,2023_522,2023,991.4,1055.6783870967806
6,Environment-only ExtraTrees,20,2023_523,2023,1078.2,1055.6783870967806
6,Environment-only ExtraTrees,24,2023_527,2023,1451.6,1055.6783870967806
6,Environment-only ExtraTrees,27,2023_621,2023,1174.0,1055.6783870967806
6,Environment-only ExtraTrees,42,2024_CK14,2024,820.0,532.0069186046547
6,Environment-only ExtraTrees,47,2024_CK23,2024,824.55,532.0069186046547
6,Environment-only ExtraTrees,48,2024_CK24,2024,613.025,532.0069186046547
6,Environment-only ExtraTrees,57,2024_L211,2024,379.3,532.0069186046547
6,Environment-only ExtraTrees,58,2024_L212,2024,229.15,532.0069186046547
6,Environment-only ExtraTrees,73,2024_L322,2024,685.44,532.0069186046547
6,Environment-only ExtraTrees,74,2024_L323,2024,644.0,532.0069186046547
6,Environment-only ExtraTrees,76,2024_L412,2024,150.0,532.0069186046547
6,Environment-only ExtraTrees,84,2024_L514,2024,825.0,532.0069186046547
6,Environment-only ExtraTrees,85,2024_L515,2024,102.5,532.0069186046547
6,Environment-only ExtraTrees,107,2024_R116,2024,553.35,532.0069186046547
6,Environment-only ExtraTrees,109,2024_R125,2024,784.08,532.0069186046547
6,Environment-only ExtraTrees,111,2024_R2110,2024,491.25,532.0069186046547
6,Environment-only ExtraTrees,113,2024_R2112,2024,765.0,532.0069186046547
6,Environment-only ExtraTrees,114,2024_R217,2024,847.9,532.0069186046547
6,Environment-only ExtraTrees,119,2024_R2212,2024,649.35,532.0069186046547
6,Environment-only ExtraTrees,127,2024_R325,2024,812.165,532.0069186046547
6,Environment-only ExtraTrees,134,2024_R426,2024,574.77,532.0069186046547
6,Environment-only ExtraTrees,141,2024_R617,2024,1021.25,532.0069186046547
6,Environment-only ExtraTrees,142,2024_R618,2024,1031.25,532.0069186046547
6,Environment-only ExtraTrees,144,2024_R627,2024,613.97,532.0069186046547
6,Environment-only ExtraTrees,146,2024_R629,2024,710.08,532.0069186046547
6,Environment-only ExtraTrees,147,2025_CK11,2025,420.0,994.641304347835
6,Environment-only ExtraTrees,150,2025_CK21,2025,1412.4,994.641304347835
6,Environment-only ExtraTrees,154,2025_CK25,2025,1358.76,1444.4449999999902
6,Environment-only ExtraTrees,163,2025_L212,2025,458.3,994.641304347835
6,Environment-only ExtraTrees,164,2025_L213,2025,110.0,994.641304347835
6,Environment-only ExtraTrees,172,2025_L225,2025,1122.0,994.641304347835
6,Environment-only ExtraTrees,179,2025_L323,2025,1288.0,994.641304347835
6,Environment-only ExtraTrees,188,2025_L513,2025,1292.5,994.641304347835
6,Environment-only ExtraTrees,196,2025_L525,2025,1476.2,994.641304347835
6,Environment-only ExtraTrees,197,2025_L526,2025,1557.6,994.641304347835
6,Environment-only ExtraTrees,198,2025_L611,2025,800.0,994.641304347835
6,Environment-only ExtraTrees,199,2025_L612,2025,666.6,994.641304347835
6,Static Early Fusion ExtraTrees,1,2023_122,2023,868.0,986.785840000002
6,Static Early Fusion ExtraTrees,4,2023_222,2023,933.4,930.5770033333365
6,Static Early Fusion ExtraTrees,12,2023_324,2023,1041.2,1042.5497299999997
6,Static Early Fusion ExtraTrees,16,2023_422,2023,1093.4,1002.2649733333332
6,Static Early Fusion ExtraTrees,19,2023_522,2023,991.4,995.3414783333338
6,Static Early Fusion ExtraTrees,20,2023_523,2023,1078.2,978.8701300000026
6,Static Early Fusion ExtraTrees,24,2023_527,2023,1451.6,1087.5248199999994
6,Static Early Fusion ExtraTrees,27,2023_621,2023,1174.0,1094.5907966666666
6,Static Early Fusion ExtraTrees,42,2024_CK14,2024,820.0,556.1415600000001
6,Static Early Fusion ExtraTrees,47,2024_CK23,2024,824.55,570.6167750000006
6,Static Early Fusion ExtraTrees,48,2024_CK24,2024,613.025,619.8635766666671
6,Static Early Fusion ExtraTrees,57,2024_L211,2024,379.3,509.9202566666667
6,Static Early Fusion ExtraTrees,58,2024_L212,2024,229.15,509.43371499999984
6,Static Early Fusion ExtraTrees,73,2024_L322,2024,685.44,652.1971749999997
6,Static Early Fusion ExtraTrees,74,2024_L323,2024,644.0,710.815891666668
6,Static Early Fusion ExtraTrees,76,2024_L412,2024,150.0,508.52812666666694
6,Static Early Fusion ExtraTrees,84,2024_L514,2024,825.0,487.45685000000026
6,Static Early Fusion ExtraTrees,85,2024_L515,2024,102.5,491.8669133333329
6,Static Early Fusion ExtraTrees,107,2024_R116,2024,553.35,590.6856266666665
6,Static Early Fusion ExtraTrees,109,2024_R125,2024,784.08,541.4095499999997
6,Static Early Fusion ExtraTrees,111,2024_R2110,2024,491.25,506.4293500000001
6,Static Early Fusion ExtraTrees,113,2024_R2112,2024,765.0,399.75907499999977
6,Static Early Fusion ExtraTrees,114,2024_R217,2024,847.9,320.5679716666664
6,Static Early Fusion ExtraTrees,119,2024_R2212,2024,649.35,490.29007666666627
6,Static Early Fusion ExtraTrees,127,2024_R325,2024,812.165,478.7224083333331
6,Static Early Fusion ExtraTrees,134,2024_R426,2024,574.77,545.2076966666671
6,Static Early Fusion ExtraTrees,141,2024_R617,2024,1021.25,552.9701500000002
6,Static Early Fusion ExtraTrees,142,2024_R618,2024,1031.25,647.0366050000003
6,Static Early Fusion ExtraTrees,144,2024_R627,2024,613.97,621.1855466666668
6,Static Early Fusion ExtraTrees,146,2024_R629,2024,710.08,615.9980716666676
6,Static Early Fusion ExtraTrees,147,2025_CK11,2025,420.0,1264.5000350000016
6,Static Early Fusion ExtraTrees,150,2025_CK21,2025,1412.4,1459.3546983333329
6,Static Early Fusion ExtraTrees,154,2025_CK25,2025,1358.76,1245.1485499999992
6,Static Early Fusion ExtraTrees,163,2025_L212,2025,458.3,803.60795
6,Static Early Fusion ExtraTrees,164,2025_L213,2025,110.0,1058.3091033333328
6,Static Early Fusion ExtraTrees,172,2025_L225,2025,1122.0,833.8499016666664
6,Static Early Fusion ExtraTrees,179,2025_L323,2025,1288.0,1021.0495133333332
6,Static Early Fusion ExtraTrees,188,2025_L513,2025,1292.5,665.3597333333331
6,Static Early Fusion ExtraTrees,196,2025_L525,2025,1476.2,866.8285316666667
6,Static Early Fusion ExtraTrees,197,2025_L526,2025,1557.6,1273.5214016666675
6,Static Early Fusion ExtraTrees,198,2025_L611,2025,800.0,900.4306199999997
6,Static Early Fusion ExtraTrees,199,2025_L612,2025,666.6,935.2335433333316
6,Static Early Fusion XGBoost,1,2023_122,2023,868.0,855.6348876953125
6,Static Early Fusion XGBoost,4,2023_222,2023,933.4,818.860107421875
6,Static Early Fusion XGBoost,12,2023_324,2023,1041.2,933.989013671875
6,Static Early Fusion XGBoost,16,2023_422,2023,1093.4,1007.6320190429688
6,Static Early Fusion XGBoost,19,2023_522,2023,991.4,951.936279296875
6,Static Early Fusion XGBoost,20,2023_523,2023,1078.2,896.3460083007812
6,Static Early Fusion XGBoost,24,2023_527,2023,1451.6,1018.8847045898438
6,Static Early Fusion XGBoost,27,2023_621,2023,1174.0,1078.572021484375
6,Static Early Fusion XGBoost,42,2024_CK14,2024,820.0,474.8512268066406
6,Static Early Fusion XGBoost,47,2024_CK23,2024,824.55,591.0394897460938
6,Static Early Fusion XGBoost,48,2024_CK24,2024,613.025,670.0927734375
6,Static Early Fusion XGBoost,57,2024_L211,2024,379.3,448.7437438964844
6,Static Early Fusion XGBoost,58,2024_L212,2024,229.15,385.1532287597656
6,Static Early Fusion XGBoost,73,2024_L322,2024,685.44,688.3780517578125
6,Static Early Fusion XGBoost,74,2024_L323,2024,644.0,721.9381713867188
6,Static Early Fusion XGBoost,76,2024_L412,2024,150.0,607.1328125
6,Static Early Fusion XGBoost,84,2024_L514,2024,825.0,410.61016845703125
6,Static Early Fusion XGBoost,85,2024_L515,2024,102.5,486.7877502441406
6,Static Early Fusion XGBoost,107,2024_R116,2024,553.35,657.3600463867188
6,Static Early Fusion XGBoost,109,2024_R125,2024,784.08,490.5831298828125
6,Static Early Fusion XGBoost,111,2024_R2110,2024,491.25,432.620361328125
6,Static Early Fusion XGBoost,113,2024_R2112,2024,765.0,382.510986328125
6,Static Early Fusion XGBoost,114,2024_R217,2024,847.9,345.446533203125
6,Static Early Fusion XGBoost,119,2024_R2212,2024,649.35,394.82244873046875
6,Static Early Fusion XGBoost,127,2024_R325,2024,812.165,343.11187744140625
6,Static Early Fusion XGBoost,134,2024_R426,2024,574.77,449.54010009765625
6,Static Early Fusion XGBoost,141,2024_R617,2024,1021.25,639.9182739257812
6,Static Early Fusion XGBoost,142,2024_R618,2024,1031.25,486.5134582519531
6,Static Early Fusion XGBoost,144,2024_R627,2024,613.97,441.8651123046875
6,Static Early Fusion XGBoost,146,2024_R629,2024,710.08,606.2744140625
6,Static Early Fusion XGBoost,147,2025_CK11,2025,420.0,1023.4585571289062
6,Static Early Fusion XGBoost,150,2025_CK21,2025,1412.4,1344.0330810546875
6,Static Early Fusion XGBoost,154,2025_CK25,2025,1358.76,1120.8043212890625
6,Static Early Fusion XGBoost,163,2025_L212,2025,458.3,867.9634399414062
6,Static Early Fusion XGBoost,164,2025_L213,2025,110.0,1032.01953125
6,Static Early Fusion XGBoost,172,2025_L225,2025,1122.0,1084.924072265625
6,Static Early Fusion XGBoost,179,2025_L323,2025,1288.0,910.9895629882812
6,Static Early Fusion XGBoost,188,2025_L513,2025,1292.5,470.54345703125
6,Static Early Fusion XGBoost,196,2025_L525,2025,1476.2,818.5897216796875
6,Static Early Fusion XGBoost,197,2025_L526,2025,1557.6,1279.910400390625
6,Static Early Fusion XGBoost,198,2025_L611,2025,800.0,1068.899658203125
6,Static Early Fusion XGBoost,199,2025_L612,2025,666.6,988.39306640625
6,Static Early Fusion CatBoost,1,2023_122,2023,868.0,936.4144705195987
6,Static Early Fusion CatBoost,4,2023_222,2023,933.4,864.0995825582181
6,Static Early Fusion CatBoost,12,2023_324,2023,1041.2,1035.0417829306637
6,Static Early Fusion CatBoost,16,2023_422,2023,1093.4,1059.5173352407153
6,Static Early Fusion CatBoost,19,2023_522,2023,991.4,999.6544284040017
6,Static Early Fusion CatBoost,20,2023_523,2023,1078.2,975.0734113729425
6,Static Early Fusion CatBoost,24,2023_527,2023,1451.6,1033.085333751305
6,Static Early Fusion CatBoost,27,2023_621,2023,1174.0,1049.2012483142955
6,Static Early Fusion CatBoost,42,2024_CK14,2024,820.0,534.1248277395853
6,Static Early Fusion CatBoost,47,2024_CK23,2024,824.55,559.7276452067756
6,Static Early Fusion CatBoost,48,2024_CK24,2024,613.025,642.7744455218389
6,Static Early Fusion CatBoost,57,2024_L211,2024,379.3,417.30895656933217
6,Static Early Fusion CatBoost,58,2024_L212,2024,229.15,327.1043052351404
6,Static Early Fusion CatBoost,73,2024_L322,2024,685.44,651.0292741849927
6,Static Early Fusion CatBoost,74,2024_L323,2024,644.0,742.1060040129507
6,Static Early Fusion CatBoost,76,2024_L412,2024,150.0,587.9562822853333
6,Static Early Fusion CatBoost,84,2024_L514,2024,825.0,495.62661431941586
6,Static Early Fusion CatBoost,85,2024_L515,2024,102.5,589.9004700671164
6,Static Early Fusion CatBoost,107,2024_R116,2024,553.35,627.2287332195702
6,Static Early Fusion CatBoost,109,2024_R125,2024,784.08,525.0741030030347
6,Static Early Fusion CatBoost,111,2024_R2110,2024,491.25,461.0269139336187
6,Static Early Fusion CatBoost,113,2024_R2112,2024,765.0,430.86102881360307
6,Static Early Fusion CatBoost,114,2024_R217,2024,847.9,430.379019975476
6,Static Early Fusion CatBoost,119,2024_R2212,2024,649.35,438.009373908085
6,Static Early Fusion CatBoost,127,2024_R325,2024,812.165,440.0659061059438
6,Static Early Fusion CatBoost,134,2024_R426,2024,574.77,507.8785879853104
6,Static Early Fusion CatBoost,141,2024_R617,2024,1021.25,653.6445549884105
6,Static Early Fusion CatBoost,142,2024_R618,2024,1031.25,460.0577092601678
6,Static Early Fusion CatBoost,144,2024_R627,2024,613.97,489.571779156655
6,Static Early Fusion CatBoost,146,2024_R629,2024,710.08,651.3967157579202
6,Static Early Fusion CatBoost,147,2025_CK11,2025,420.0,1092.008958331713
6,Static Early Fusion CatBoost,150,2025_CK21,2025,1412.4,1287.5466341827723
6,Static Early Fusion CatBoost,154,2025_CK25,2025,1358.76,1192.645850699525
6,Static Early Fusion CatBoost,163,2025_L212,2025,458.3,859.7004576537068
6,Static Early Fusion CatBoost,164,2025_L213,2025,110.0,999.7493131963846
6,Static Early Fusion CatBoost,172,2025_L225,2025,1122.0,886.849133550749
6,Static Early Fusion CatBoost,179,2025_L323,2025,1288.0,957.3537775913447
6,Static Early Fusion CatBoost,188,2025_L513,2025,1292.5,531.2141468130834
6,Static Early Fusion CatBoost,196,2025_L525,2025,1476.2,858.4984372591978
6,Static Early Fusion CatBoost,197,2025_L526,2025,1557.6,1282.30811938666
6,Static Early Fusion CatBoost,198,2025_L611,2025,800.0,1040.3218554173407
6,Static Early Fusion CatBoost,199,2025_L612,2025,666.6,949.7401709382427
6,Static Early Fusion HistGB,1,2023_122,2023,868.0,755.5709547678946
6,Static Early Fusion HistGB,4,2023_222,2023,933.4,885.4736843661273
6,Static Early Fusion HistGB,12,2023_324,2023,1041.2,884.7772534477056
6,Static Early Fusion HistGB,16,2023_422,2023,1093.4,1183.2131264347493
6,Static Early Fusion HistGB,19,2023_522,2023,991.4,1136.949830933983
6,Static Early Fusion HistGB,20,2023_523,2023,1078.2,974.7347506767936
6,Static Early Fusion HistGB,24,2023_527,2023,1451.6,1226.2045898537133
6,Static Early Fusion HistGB,27,2023_621,2023,1174.0,1067.9183527905534
6,Static Early Fusion HistGB,42,2024_CK14,2024,820.0,564.6219995915426
6,Static Early Fusion HistGB,47,2024_CK23,2024,824.55,516.0015944916161
6,Static Early Fusion HistGB,48,2024_CK24,2024,613.025,611.5941622270244
6,Static Early Fusion HistGB,57,2024_L211,2024,379.3,526.2036514746861
6,Static Early Fusion HistGB,58,2024_L212,2024,229.15,379.4597239690898
6,Static Early Fusion HistGB,73,2024_L322,2024,685.44,746.196205039697
6,Static Early Fusion HistGB,74,2024_L323,2024,644.0,578.1965782569299
6,Static Early Fusion HistGB,76,2024_L412,2024,150.0,622.30959211404
6,Static Early Fusion HistGB,84,2024_L514,2024,825.0,521.6264436906961
6,Static Early Fusion HistGB,85,2024_L515,2024,102.5,469.80271478576617
6,Static Early Fusion HistGB,107,2024_R116,2024,553.35,680.9822584551454
6,Static Early Fusion HistGB,109,2024_R125,2024,784.08,668.5726118459171
6,Static Early Fusion HistGB,111,2024_R2110,2024,491.25,417.4315211453256
6,Static Early Fusion HistGB,113,2024_R2112,2024,765.0,320.424428185941
6,Static Early Fusion HistGB,114,2024_R217,2024,847.9,300.8009024340204
6,Static Early Fusion HistGB,119,2024_R2212,2024,649.35,520.0047892482554
6,Static Early Fusion HistGB,127,2024_R325,2024,812.165,408.8906745055478
6,Static Early Fusion HistGB,134,2024_R426,2024,574.77,481.6186070808656
6,Static Early Fusion HistGB,141,2024_R617,2024,1021.25,596.6079583855045
6,Static Early Fusion HistGB,142,2024_R618,2024,1031.25,525.6701245258818
6,Static Early Fusion HistGB,144,2024_R627,2024,613.97,445.31867888012306
6,Static Early Fusion HistGB,146,2024_R629,2024,710.08,691.8000484226685
6,Static Early Fusion HistGB,147,2025_CK11,2025,420.0,1087.8630912780984
6,Static Early Fusion HistGB,150,2025_CK21,2025,1412.4,1400.4327946158735
6,Static Early Fusion HistGB,154,2025_CK25,2025,1358.76,1133.8959499903183
6,Static Early Fusion HistGB,163,2025_L212,2025,458.3,890.8579347514261
6,Static Early Fusion HistGB,164,2025_L213,2025,110.0,1094.7636137453248
6,Static Early Fusion HistGB,172,2025_L225,2025,1122.0,959.8340231104928
6,Static Early Fusion HistGB,179,2025_L323,2025,1288.0,1006.2264415058966
6,Static Early Fusion HistGB,188,2025_L513,2025,1292.5,455.43225564406566
6,Static Early Fusion HistGB,196,2025_L525,2025,1476.2,804.0373136467451
6,Static Early Fusion HistGB,197,2025_L526,2025,1557.6,1186.2538843292105
6,Static Early Fusion HistGB,198,2025_L611,2025,800.0,976.0708805121108
6,Static Early Fusion HistGB,199,2025_L612,2025,666.6,940.1822741033184
6,Trajectory Fusion ExtraTrees,1,2023_122,2023,868.0,924.2827900000012
6,Trajectory Fusion ExtraTrees,4,2023_222,2023,933.4,875.7832800000022
6,Trajectory Fusion ExtraTrees,12,2023_324,2023,1041.2,1096.1270566666665
6,Trajectory Fusion ExtraTrees,16,2023_422,2023,1093.4,994.0070133333334
6,Trajectory Fusion ExtraTrees,19,2023_522,2023,991.4,960.8714533333331
6,Trajectory Fusion ExtraTrees,20,2023_523,2023,1078.2,994.8556800000009
6,Trajectory Fusion ExtraTrees,24,2023_527,2023,1451.6,1150.5960733333284
6,Trajectory Fusion ExtraTrees,27,2023_621,2023,1174.0,1116.7892166666666
6,Trajectory Fusion ExtraTrees,42,2024_CK14,2024,820.0,519.1428716666668
6,Trajectory Fusion ExtraTrees,47,2024_CK23,2024,824.55,554.448375
6,Trajectory Fusion ExtraTrees,48,2024_CK24,2024,613.025,587.6370566666669
6,Trajectory Fusion ExtraTrees,57,2024_L211,2024,379.3,549.2263533333337
6,Trajectory Fusion ExtraTrees,58,2024_L212,2024,229.15,509.17966166666685
6,Trajectory Fusion ExtraTrees,73,2024_L322,2024,685.44,674.5896150000004
6,Trajectory Fusion ExtraTrees,74,2024_L323,2024,644.0,686.0932066666668
6,Trajectory Fusion ExtraTrees,76,2024_L412,2024,150.0,654.3484900000004
6,Trajectory Fusion ExtraTrees,84,2024_L514,2024,825.0,444.7813266666668
6,Trajectory Fusion ExtraTrees,85,2024_L515,2024,102.5,536.4284633333334
6,Trajectory Fusion ExtraTrees,107,2024_R116,2024,553.35,513.8768733333336
6,Trajectory Fusion ExtraTrees,109,2024_R125,2024,784.08,545.1957433333333
6,Trajectory Fusion ExtraTrees,111,2024_R2110,2024,491.25,537.6719433333338
6,Trajectory Fusion ExtraTrees,113,2024_R2112,2024,765.0,510.0483900000001
6,Trajectory Fusion ExtraTrees,114,2024_R217,2024,847.9,502.5646166666669
6,Trajectory Fusion ExtraTrees,119,2024_R2212,2024,649.35,586.266126666667
6,Trajectory Fusion ExtraTrees,127,2024_R325,2024,812.165,446.8274916666664
6,Trajectory Fusion ExtraTrees,134,2024_R426,2024,574.77,518.9780983333332
6,Trajectory Fusion ExtraTrees,141,2024_R617,2024,1021.25,587.5036866666667
6,Trajectory Fusion ExtraTrees,142,2024_R618,2024,1031.25,604.1248683333342
6,Trajectory Fusion ExtraTrees,144,2024_R627,2024,613.97,564.7738750000002
6,Trajectory Fusion ExtraTrees,146,2024_R629,2024,710.08,544.0704599999993
6,Trajectory Fusion ExtraTrees,147,2025_CK11,2025,420.0,1187.4899166666683
6,Trajectory Fusion ExtraTrees,150,2025_CK21,2025,1412.4,1571.714786666669
6,Trajectory Fusion ExtraTrees,154,2025_CK25,2025,1358.76,1400.3481766666632
6,Trajectory Fusion ExtraTrees,163,2025_L212,2025,458.3,951.9790999999996
6,Trajectory Fusion ExtraTrees,164,2025_L213,2025,110.0,1104.4575233333323
6,Trajectory Fusion ExtraTrees,172,2025_L225,2025,1122.0,1036.7786333333315
6,Trajectory Fusion ExtraTrees,179,2025_L323,2025,1288.0,1052.2149833333335
6,Trajectory Fusion ExtraTrees,188,2025_L513,2025,1292.5,751.6370133333332
6,Trajectory Fusion ExtraTrees,196,2025_L525,2025,1476.2,978.302276666667
6,Trajectory Fusion ExtraTrees,197,2025_L526,2025,1557.6,1121.9425366666676
6,Trajectory Fusion ExtraTrees,198,2025_L611,2025,800.0,1107.187613333333
6,Trajectory Fusion ExtraTrees,199,2025_L612,2025,666.6,756.3548633333336
6,CMGT-DINO,1,2023_122,2023,868.0,905.6363738170548
6,CMGT-DINO,4,2023_222,2023,933.4,874.0480589052362
6,CMGT-DINO,12,2023_324,2023,1041.2,1112.16689435632
6,CMGT-DINO,16,2023_422,2023,1093.4,1092.4416496409267
6,CMGT-DINO,19,2023_522,2023,991.4,1000.3997981914493
6,CMGT-DINO,20,2023_523,2023,1078.2,998.4924724507924
6,CMGT-DINO,24,2023_527,2023,1451.6,1195.4350147427576
6,CMGT-DINO,27,2023_621,2023,1174.0,1133.559327341074
6,CMGT-DINO,42,2024_CK14,2024,820.0,409.9191544323638
6,CMGT-DINO,47,2024_CK23,2024,824.55,420.7885245833764
6,CMGT-DINO,48,2024_CK24,2024,613.025,607.6592813379856
6,CMGT-DINO,57,2024_L211,2024,379.3,541.6744012864748
6,CMGT-DINO,58,2024_L212,2024,229.15,434.6750367419829
6,CMGT-DINO,73,2024_L322,2024,685.44,551.8621571096161
6,CMGT-DINO,74,2024_L323,2024,644.0,620.3474628828709
6,CMGT-DINO,76,2024_L412,2024,150.0,545.9511047341856
6,CMGT-DINO,84,2024_L514,2024,825.0,344.9202649228448
6,CMGT-DINO,85,2024_L515,2024,102.5,519.9423094310458
6,CMGT-DINO,107,2024_R116,2024,553.35,491.6499580034283
6,CMGT-DINO,109,2024_R125,2024,784.08,538.72891991161
6,CMGT-DINO,111,2024_R2110,2024,491.25,397.05665035449323
6,CMGT-DINO,113,2024_R2112,2024,765.0,620.4473134147657
6,CMGT-DINO,114,2024_R217,2024,847.9,523.696760158453
6,CMGT-DINO,119,2024_R2212,2024,649.35,532.1893385210898
6,CMGT-DINO,127,2024_R325,2024,812.165,398.82718744993747
6,CMGT-DINO,134,2024_R426,2024,574.77,481.70639389420137
6,CMGT-DINO,141,2024_R617,2024,1021.25,630.8510490866884
6,CMGT-DINO,142,2024_R618,2024,1031.25,533.0107674299262
6,CMGT-DINO,144,2024_R627,2024,613.97,420.0928107695603
6,CMGT-DINO,146,2024_R629,2024,710.08,423.3861730469257
6,CMGT-DINO,147,2025_CK11,2025,420.0,1414.0738244339404
6,CMGT-DINO,150,2025_CK21,2025,1412.4,1156.5717035987614
6,CMGT-DINO,154,2025_CK25,2025,1358.76,1456.794345790864
6,CMGT-DINO,163,2025_L212,2025,458.3,706.4440267094944
6,CMGT-DINO,164,2025_L213,2025,110.0,1387.354216505828
6,CMGT-DINO,172,2025_L225,2025,1122.0,1009.5845508175029
6,CMGT-DINO,179,2025_L323,2025,1288.0,938.188528699251
6,CMGT-DINO,188,2025_L513,2025,1292.5,581.1983667775056
6,CMGT-DINO,196,2025_L525,2025,1476.2,1311.1732600622609
6,CMGT-DINO,197,2025_L526,2025,1557.6,1344.4256908668185
6,CMGT-DINO,198,2025_L611,2025,800.0,1218.8156731267422
6,CMGT-DINO,199,2025_L612,2025,666.6,736.6945943377503
7,DINOv3 Static Image ExtraTrees,1,2023_122,2023,868.0,938.2571333333218
7,DINOv3 Static Image ExtraTrees,11,2023_323,2023,1046.8,869.6307333333334
7,DINOv3 Static Image ExtraTrees,14,2023_326,2023,1134.6,1076.3272000000068
7,DINOv3 Static Image ExtraTrees,19,2023_522,2023,991.4,1040.105734000006
7,DINOv3 Static Image ExtraTrees,20,2023_523,2023,1078.2,1040.105734000006
7,DINOv3 Static Image ExtraTrees,24,2023_527,2023,1451.6,1212.3386499999913
7,DINOv3 Static Image ExtraTrees,28,2023_622,2023,1112.9,1146.3807799999988
7,DINOv3 Static Image ExtraTrees,35,2023_723,2023,1093.6,1074.0846757878855
7,DINOv3 Static Image ExtraTrees,39,2024_CK11,2024,210.0,679.5161211111079
7,DINOv3 Static Image ExtraTrees,40,2024_CK12,2024,166.65,679.5161211111079
7,DINOv3 Static Image ExtraTrees,42,2024_CK14,2024,820.0,550.4306250000016
7,DINOv3 Static Image ExtraTrees,44,2024_CK16,2024,536.65,550.4306250000016
7,DINOv3 Static Image ExtraTrees,49,2024_CK25,2024,679.38,550.4306250000016
7,DINOv3 Static Image ExtraTrees,53,2024_L113,2024,250.0,467.50800000000146
7,DINOv3 Static Image ExtraTrees,54,2024_L121,2024,683.65,467.50800000000146
7,DINOv3 Static Image ExtraTrees,62,2024_L216,2024,916.65,685.9698289999991
7,DINOv3 Static Image ExtraTrees,69,2024_L311,2024,805.0,685.9698289999991
7,DINOv3 Static Image ExtraTrees,74,2024_L323,2024,644.0,685.9698289999991
7,DINOv3 Static Image ExtraTrees,75,2024_L411,2024,810.9,679.5161211111079
7,DINOv3 Static Image ExtraTrees,84,2024_L514,2024,825.0,532.1127777777743
7,DINOv3 Static Image ExtraTrees,97,2024_L615,2024,466.5,532.1127777777743
7,DINOv3 Static Image ExtraTrees,98,2024_L616,2024,180.75,532.1127777777743
7,DINOv3 Static Image ExtraTrees,109,2024_R125,2024,784.08,554.5244444444487
7,DINOv3 Static Image ExtraTrees,110,2024_R126,2024,653.1,554.5244444444487
7,DINOv3 Static Image ExtraTrees,113,2024_R2112,2024,765.0,547.311500000005
7,DINOv3 Static Image ExtraTrees,122,2024_R229,2024,476.055,554.5244444444487
7,DINOv3 Static Image ExtraTrees,125,2024_R316,2024,366.65,547.311500000005
7,DINOv3 Static Image ExtraTrees,133,2024_R425,2024,390.72,550.4306250000016
7,DINOv3 Static Image ExtraTrees,138,2024_R527,2024,487.49,629.9425767272718
7,DINOv3 Static Image ExtraTrees,142,2024_R618,2024,1031.25,629.9425767272718
7,DINOv3 Static Image ExtraTrees,149,2025_CK13,2025,350.0,1255.800087272734
7,DINOv3 Static Image ExtraTrees,150,2025_CK21,2025,1412.4,1255.800087272734
7,DINOv3 Static Image ExtraTrees,157,2025_L112,2025,160.0,1226.0636114285755
7,DINOv3 Static Image ExtraTrees,158,2025_L113,2025,0.0,1226.0636114285755
7,DINOv3 Static Image ExtraTrees,159,2025_L121,2025,1367.3,1226.0636114285755
7,DINOv3 Static Image ExtraTrees,162,2025_L211,2025,758.6,1226.0636114285755
7,DINOv3 Static Image ExtraTrees,164,2025_L213,2025,110.0,1226.0636114285755
7,DINOv3 Static Image ExtraTrees,172,2025_L225,2025,1122.0,852.8657443636448
7,DINOv3 Static Image ExtraTrees,177,2025_L321,2025,1447.16,852.8657443636448
7,DINOv3 Static Image ExtraTrees,192,2025_L521,2025,1286.2,948.0381212121115
7,DINOv3 Static Image ExtraTrees,195,2025_L524,2025,1566.25,852.096246428577
7,DINOv3 Static Image ExtraTrees,201,2025_L614,2025,721.0,852.096246428577
7,Phenotype-only ExtraTrees,1,2023_122,2023,868.0,986.1962353333344
7,Phenotype-only ExtraTrees,11,2023_323,2023,1046.8,1007.5198716666673
7,Phenotype-only ExtraTrees,14,2023_326,2023,1134.6,995.1567866666662
7,Phenotype-only ExtraTrees,19,2023_522,2023,991.4,1002.2440436666674
7,Phenotype-only ExtraTrees,20,2023_523,2023,1078.2,971.5347100000006
7,Phenotype-only ExtraTrees,24,2023_527,2023,1451.6,1003.3340206666666
7,Phenotype-only ExtraTrees,28,2023_622,2023,1112.9,1116.9294849999985
7,Phenotype-only ExtraTrees,35,2023_723,2023,1093.6,1154.6537649999993
7,Phenotype-only ExtraTrees,39,2024_CK11,2024,210.0,869.4091760000005
7,Phenotype-only ExtraTrees,40,2024_CK12,2024,166.65,480.2082853333335
7,Phenotype-only ExtraTrees,42,2024_CK14,2024,820.0,549.5783533333332
7,Phenotype-only ExtraTrees,44,2024_CK16,2024,536.65,623.1595258333332
7,Phenotype-only ExtraTrees,49,2024_CK25,2024,679.38,865.2140666666661
7,Phenotype-only ExtraTrees,53,2024_L113,2024,250.0,575.2901969999997
7,Phenotype-only ExtraTrees,54,2024_L121,2024,683.65,611.0246999999994
7,Phenotype-only ExtraTrees,62,2024_L216,2024,916.65,633.2524850000001
7,Phenotype-only ExtraTrees,69,2024_L311,2024,805.0,623.7966386666662
7,Phenotype-only ExtraTrees,74,2024_L323,2024,644.0,667.2068583333331
7,Phenotype-only ExtraTrees,75,2024_L411,2024,810.9,308.79803866666543
7,Phenotype-only ExtraTrees,84,2024_L514,2024,825.0,619.7031316666666
7,Phenotype-only ExtraTrees,97,2024_L615,2024,466.5,706.0757199999998
7,Phenotype-only ExtraTrees,98,2024_L616,2024,180.75,676.5113483333338
7,Phenotype-only ExtraTrees,109,2024_R125,2024,784.08,574.9801333333328
7,Phenotype-only ExtraTrees,110,2024_R126,2024,653.1,605.345895
7,Phenotype-only ExtraTrees,113,2024_R2112,2024,765.0,609.5683036666668
7,Phenotype-only ExtraTrees,122,2024_R229,2024,476.055,725.0895924999999
7,Phenotype-only ExtraTrees,125,2024_R316,2024,366.65,562.2373383333331
7,Phenotype-only ExtraTrees,133,2024_R425,2024,390.72,792.5658599999999
7,Phenotype-only ExtraTrees,138,2024_R527,2024,487.49,537.8018216666667
7,Phenotype-only ExtraTrees,142,2024_R618,2024,1031.25,674.9373783333333
7,Phenotype-only ExtraTrees,149,2025_CK13,2025,350.0,1115.5686133333334
7,Phenotype-only ExtraTrees,150,2025_CK21,2025,1412.4,1257.180386999999
7,Phenotype-only ExtraTrees,157,2025_L112,2025,160.0,908.2144283333334
7,Phenotype-only ExtraTrees,158,2025_L113,2025,0.0,1249.384906666666
7,Phenotype-only ExtraTrees,159,2025_L121,2025,1367.3,930.1824683333336
7,Phenotype-only ExtraTrees,162,2025_L211,2025,758.6,814.1342423333331
7,Phenotype-only ExtraTrees,164,2025_L213,2025,110.0,1045.0696883333328
7,Phenotype-only ExtraTrees,172,2025_L225,2025,1122.0,852.3432300000001
7,Phenotype-only ExtraTrees,177,2025_L321,2025,1447.16,1174.0502733333344
7,Phenotype-only ExtraTrees,192,2025_L521,2025,1286.2,968.1999783333321
7,Phenotype-only ExtraTrees,195,2025_L524,2025,1566.25,1228.376425
7,Phenotype-only ExtraTrees,201,2025_L614,2025,721.0,428.4943466666666
7,Environment-only ExtraTrees,1,2023_122,2023,868.0,1050.9719354838633
7,Environment-only ExtraTrees,11,2023_323,2023,1046.8,1050.9719354838633
7,Environment-only ExtraTrees,14,2023_326,2023,1134.6,1050.9719354838633
7,Environment-only ExtraTrees,19,2023_522,2023,991.4,1050.9719354838633
7,Environment-only ExtraTrees,20,2023_523,2023,1078.2,1050.9719354838633
7,Environment-only ExtraTrees,24,2023_527,2023,1451.6,1050.9719354838633
7,Environment-only ExtraTrees,28,2023_622,2023,1112.9,1050.9719354838633
7,Environment-only ExtraTrees,35,2023_723,2023,1093.6,1050.9719354838633
7,Environment-only ExtraTrees,39,2024_CK11,2024,210.0,545.7034883720918
7,Environment-only ExtraTrees,40,2024_CK12,2024,166.65,545.7034883720918
7,Environment-only ExtraTrees,42,2024_CK14,2024,820.0,545.7034883720918
7,Environment-only ExtraTrees,44,2024_CK16,2024,536.65,545.7034883720918
7,Environment-only ExtraTrees,49,2024_CK25,2024,679.38,545.7034883720918
7,Environment-only ExtraTrees,53,2024_L113,2024,250.0,545.7034883720918
7,Environment-only ExtraTrees,54,2024_L121,2024,683.65,545.7034883720918
7,Environment-only ExtraTrees,62,2024_L216,2024,916.65,545.7034883720918
7,Environment-only ExtraTrees,69,2024_L311,2024,805.0,545.7034883720918
7,Environment-only ExtraTrees,74,2024_L323,2024,644.0,545.7034883720918
7,Environment-only ExtraTrees,75,2024_L411,2024,810.9,545.7034883720918
7,Environment-only ExtraTrees,84,2024_L514,2024,825.0,545.7034883720918
7,Environment-only ExtraTrees,97,2024_L615,2024,466.5,545.7034883720918
7,Environment-only ExtraTrees,98,2024_L616,2024,180.75,545.7034883720918
7,Environment-only ExtraTrees,109,2024_R125,2024,784.08,545.7034883720918
7,Environment-only ExtraTrees,110,2024_R126,2024,653.1,545.7034883720918
7,Environment-only ExtraTrees,113,2024_R2112,2024,765.0,545.7034883720918
7,Environment-only ExtraTrees,122,2024_R229,2024,476.055,545.7034883720918
7,Environment-only ExtraTrees,125,2024_R316,2024,366.65,545.7034883720918
7,Environment-only ExtraTrees,133,2024_R425,2024,390.72,545.7034883720918
7,Environment-only ExtraTrees,138,2024_R527,2024,487.49,545.7034883720918
7,Environment-only ExtraTrees,142,2024_R618,2024,1031.25,545.7034883720918
7,Environment-only ExtraTrees,149,2025_CK13,2025,350.0,1023.4708888888822
7,Environment-only ExtraTrees,150,2025_CK21,2025,1412.4,1023.4708888888822
7,Environment-only ExtraTrees,157,2025_L112,2025,160.0,1023.4708888888822
7,Environment-only ExtraTrees,158,2025_L113,2025,0.0,1023.4708888888822
7,Environment-only ExtraTrees,159,2025_L121,2025,1367.3,1023.4708888888822
7,Environment-only ExtraTrees,162,2025_L211,2025,758.6,1023.4708888888822
7,Environment-only ExtraTrees,164,2025_L213,2025,110.0,1023.4708888888822
7,Environment-only ExtraTrees,172,2025_L225,2025,1122.0,1023.4708888888822
7,Environment-only ExtraTrees,177,2025_L321,2025,1447.16,1023.4708888888822
7,Environment-only ExtraTrees,192,2025_L521,2025,1286.2,1023.4708888888822
7,Environment-only ExtraTrees,195,2025_L524,2025,1566.25,1023.4708888888822
7,Environment-only ExtraTrees,201,2025_L614,2025,721.0,1023.4708888888822
7,Static Early Fusion ExtraTrees,1,2023_122,2023,868.0,968.2794933333348
7,Static Early Fusion ExtraTrees,11,2023_323,2023,1046.8,927.5260933333334
7,Static Early Fusion ExtraTrees,14,2023_326,2023,1134.6,1079.1169499999983
7,Static Early Fusion ExtraTrees,19,2023_522,2023,991.4,980.4423416666657
7,Static Early Fusion ExtraTrees,20,2023_523,2023,1078.2,1023.8968599999993
7,Static Early Fusion ExtraTrees,24,2023_527,2023,1451.6,1105.9088866666655
7,Static Early Fusion ExtraTrees,28,2023_622,2023,1112.9,1165.1611933333302
7,Static Early Fusion ExtraTrees,35,2023_723,2023,1093.6,1118.2911699999995
7,Static Early Fusion ExtraTrees,39,2024_CK11,2024,210.0,778.3617433333336
7,Static Early Fusion ExtraTrees,40,2024_CK12,2024,166.65,779.3821549999993
7,Static Early Fusion ExtraTrees,42,2024_CK14,2024,820.0,547.0326616666674
7,Static Early Fusion ExtraTrees,44,2024_CK16,2024,536.65,607.4984783333334
7,Static Early Fusion ExtraTrees,49,2024_CK25,2024,679.38,600.8409650000001
7,Static Early Fusion ExtraTrees,53,2024_L113,2024,250.0,496.076265
7,Static Early Fusion ExtraTrees,54,2024_L121,2024,683.65,468.6860166666668
7,Static Early Fusion ExtraTrees,62,2024_L216,2024,916.65,689.6609616666666
7,Static Early Fusion ExtraTrees,69,2024_L311,2024,805.0,601.7462566666663
7,Static Early Fusion ExtraTrees,74,2024_L323,2024,644.0,663.7929250000002
7,Static Early Fusion ExtraTrees,75,2024_L411,2024,810.9,772.1991833333332
7,Static Early Fusion ExtraTrees,84,2024_L514,2024,825.0,525.0822233333333
7,Static Early Fusion ExtraTrees,97,2024_L615,2024,466.5,574.0699733333333
7,Static Early Fusion ExtraTrees,98,2024_L616,2024,180.75,515.0332349999999
7,Static Early Fusion ExtraTrees,109,2024_R125,2024,784.08,565.4505899999999
7,Static Early Fusion ExtraTrees,110,2024_R126,2024,653.1,640.3544900000005
7,Static Early Fusion ExtraTrees,113,2024_R2112,2024,765.0,543.6985399999999
7,Static Early Fusion ExtraTrees,122,2024_R229,2024,476.055,565.3309983333329
7,Static Early Fusion ExtraTrees,125,2024_R316,2024,366.65,462.36051999999967
7,Static Early Fusion ExtraTrees,133,2024_R425,2024,390.72,579.6345491666663
7,Static Early Fusion ExtraTrees,138,2024_R527,2024,487.49,498.1469083333333
7,Static Early Fusion ExtraTrees,142,2024_R618,2024,1031.25,649.258295
7,Static Early Fusion ExtraTrees,149,2025_CK13,2025,350.0,1241.9519166666685
7,Static Early Fusion ExtraTrees,150,2025_CK21,2025,1412.4,1462.171243333334
7,Static Early Fusion ExtraTrees,157,2025_L112,2025,160.0,1083.4319000000003
7,Static Early Fusion ExtraTrees,158,2025_L113,2025,0.0,1271.981066666667
7,Static Early Fusion ExtraTrees,159,2025_L121,2025,1367.3,1104.4212833333336
7,Static Early Fusion ExtraTrees,162,2025_L211,2025,758.6,1143.9134466666674
7,Static Early Fusion ExtraTrees,164,2025_L213,2025,110.0,1232.5619666666678
7,Static Early Fusion ExtraTrees,172,2025_L225,2025,1122.0,736.7307466666659
7,Static Early Fusion ExtraTrees,177,2025_L321,2025,1447.16,1051.740563333332
7,Static Early Fusion ExtraTrees,192,2025_L521,2025,1286.2,1026.7949333333333
7,Static Early Fusion ExtraTrees,195,2025_L524,2025,1566.25,1282.2605033333334
7,Static Early Fusion ExtraTrees,201,2025_L614,2025,721.0,287.92244333333315
7,Static Early Fusion XGBoost,1,2023_122,2023,868.0,959.8395385742188
7,Static Early Fusion XGBoost,11,2023_323,2023,1046.8,978.14208984375
7,Static Early Fusion XGBoost,14,2023_326,2023,1134.6,1075.005615234375
7,Static Early Fusion XGBoost,19,2023_522,2023,991.4,912.1575927734375
7,Static Early Fusion XGBoost,20,2023_523,2023,1078.2,876.7952880859375
7,Static Early Fusion XGBoost,24,2023_527,2023,1451.6,967.1109008789062
7,Static Early Fusion XGBoost,28,2023_622,2023,1112.9,1204.660400390625
7,Static Early Fusion XGBoost,35,2023_723,2023,1093.6,1181.739990234375
7,Static Early Fusion XGBoost,39,2024_CK11,2024,210.0,902.3690185546875
7,Static Early Fusion XGBoost,40,2024_CK12,2024,166.65,710.6375732421875
7,Static Early Fusion XGBoost,42,2024_CK14,2024,820.0,534.6591186523438
7,Static Early Fusion XGBoost,44,2024_CK16,2024,536.65,641.5862426757812
7,Static Early Fusion XGBoost,49,2024_CK25,2024,679.38,576.38525390625
7,Static Early Fusion XGBoost,53,2024_L113,2024,250.0,525.9312133789062
7,Static Early Fusion XGBoost,54,2024_L121,2024,683.65,455.7689514160156
7,Static Early Fusion XGBoost,62,2024_L216,2024,916.65,758.8221435546875
7,Static Early Fusion XGBoost,69,2024_L311,2024,805.0,689.8344116210938
7,Static Early Fusion XGBoost,74,2024_L323,2024,644.0,674.8923950195312
7,Static Early Fusion XGBoost,75,2024_L411,2024,810.9,696.0401000976562
7,Static Early Fusion XGBoost,84,2024_L514,2024,825.0,481.2019348144531
7,Static Early Fusion XGBoost,97,2024_L615,2024,466.5,725.7738037109375
7,Static Early Fusion XGBoost,98,2024_L616,2024,180.75,628.4834594726562
7,Static Early Fusion XGBoost,109,2024_R125,2024,784.08,555.1784057617188
7,Static Early Fusion XGBoost,110,2024_R126,2024,653.1,707.7318115234375
7,Static Early Fusion XGBoost,113,2024_R2112,2024,765.0,508.774658203125
7,Static Early Fusion XGBoost,122,2024_R229,2024,476.055,570.9346313476562
7,Static Early Fusion XGBoost,125,2024_R316,2024,366.65,442.05755615234375
7,Static Early Fusion XGBoost,133,2024_R425,2024,390.72,795.0181274414062
7,Static Early Fusion XGBoost,138,2024_R527,2024,487.49,509.6195068359375
7,Static Early Fusion XGBoost,142,2024_R618,2024,1031.25,478.91876220703125
7,Static Early Fusion XGBoost,149,2025_CK13,2025,350.0,1317.842529296875
7,Static Early Fusion XGBoost,150,2025_CK21,2025,1412.4,1619.0777587890625
7,Static Early Fusion XGBoost,157,2025_L112,2025,160.0,1138.8541259765625
7,Static Early Fusion XGBoost,158,2025_L113,2025,0.0,1482.8990478515625
7,Static Early Fusion XGBoost,159,2025_L121,2025,1367.3,982.1530151367188
7,Static Early Fusion XGBoost,162,2025_L211,2025,758.6,920.4850463867188
7,Static Early Fusion XGBoost,164,2025_L213,2025,110.0,1193.6688232421875
7,Static Early Fusion XGBoost,172,2025_L225,2025,1122.0,711.51708984375
7,Static Early Fusion XGBoost,177,2025_L321,2025,1447.16,1161.2301025390625
7,Static Early Fusion XGBoost,192,2025_L521,2025,1286.2,929.77587890625
7,Static Early Fusion XGBoost,195,2025_L524,2025,1566.25,1123.627197265625
7,Static Early Fusion XGBoost,201,2025_L614,2025,721.0,360.6061096191406
7,Static Early Fusion CatBoost,1,2023_122,2023,868.0,987.0780004080523
7,Static Early Fusion CatBoost,11,2023_323,2023,1046.8,886.4029714840383
7,Static Early Fusion CatBoost,14,2023_326,2023,1134.6,1026.2139414966996
7,Static Early Fusion CatBoost,19,2023_522,2023,991.4,904.2926022705722
7,Static Early Fusion CatBoost,20,2023_523,2023,1078.2,985.9194730321584
7,Static Early Fusion CatBoost,24,2023_527,2023,1451.6,1109.6388481407546
7,Static Early Fusion CatBoost,28,2023_622,2023,1112.9,1146.8993917764744
7,Static Early Fusion CatBoost,35,2023_723,2023,1093.6,1183.8900872250656
7,Static Early Fusion CatBoost,39,2024_CK11,2024,210.0,809.9686885053434
7,Static Early Fusion CatBoost,40,2024_CK12,2024,166.65,584.522132164458
7,Static Early Fusion CatBoost,42,2024_CK14,2024,820.0,520.173657283267
7,Static Early Fusion CatBoost,44,2024_CK16,2024,536.65,622.0703647947653
7,Static Early Fusion CatBoost,49,2024_CK25,2024,679.38,581.609035265174
7,Static Early Fusion CatBoost,53,2024_L113,2024,250.0,529.5583863823513
7,Static Early Fusion CatBoost,54,2024_L121,2024,683.65,486.8262774976025
7,Static Early Fusion CatBoost,62,2024_L216,2024,916.65,687.3632225114545
7,Static Early Fusion CatBoost,69,2024_L311,2024,805.0,613.7601106535725
7,Static Early Fusion CatBoost,74,2024_L323,2024,644.0,682.9411421735841
7,Static Early Fusion CatBoost,75,2024_L411,2024,810.9,640.001883743164
7,Static Early Fusion CatBoost,84,2024_L514,2024,825.0,525.623145095489
7,Static Early Fusion CatBoost,97,2024_L615,2024,466.5,603.7779910795706
7,Static Early Fusion CatBoost,98,2024_L616,2024,180.75,604.570628434918
7,Static Early Fusion CatBoost,109,2024_R125,2024,784.08,604.1078564073473
7,Static Early Fusion CatBoost,110,2024_R126,2024,653.1,587.2082058216912
7,Static Early Fusion CatBoost,113,2024_R2112,2024,765.0,541.8538674707064
7,Static Early Fusion CatBoost,122,2024_R229,2024,476.055,578.3983774645997
7,Static Early Fusion CatBoost,125,2024_R316,2024,366.65,517.5357624992664
7,Static Early Fusion CatBoost,133,2024_R425,2024,390.72,661.0650478524138
7,Static Early Fusion CatBoost,138,2024_R527,2024,487.49,597.876519495364
7,Static Early Fusion CatBoost,142,2024_R618,2024,1031.25,588.2852518206885
7,Static Early Fusion CatBoost,149,2025_CK13,2025,350.0,1166.4044146835283
7,Static Early Fusion CatBoost,150,2025_CK21,2025,1412.4,1533.2469531575293
7,Static Early Fusion CatBoost,157,2025_L112,2025,160.0,1061.0915924034925
7,Static Early Fusion CatBoost,158,2025_L113,2025,0.0,1421.1377469784711
7,Static Early Fusion CatBoost,159,2025_L121,2025,1367.3,987.2423762267862
7,Static Early Fusion CatBoost,162,2025_L211,2025,758.6,1073.5656736981464
7,Static Early Fusion CatBoost,164,2025_L213,2025,110.0,1175.867347864496
7,Static Early Fusion CatBoost,172,2025_L225,2025,1122.0,665.8702193964667
7,Static Early Fusion CatBoost,177,2025_L321,2025,1447.16,1040.1503676245552
7,Static Early Fusion CatBoost,192,2025_L521,2025,1286.2,974.8896468984872
7,Static Early Fusion CatBoost,195,2025_L524,2025,1566.25,1074.9064299021888
7,Static Early Fusion CatBoost,201,2025_L614,2025,721.0,321.78837459847824
7,Static Early Fusion HistGB,1,2023_122,2023,868.0,984.6357676033641
7,Static Early Fusion HistGB,11,2023_323,2023,1046.8,1038.1872682556505
7,Static Early Fusion HistGB,14,2023_326,2023,1134.6,1279.3971724083779
7,Static Early Fusion HistGB,19,2023_522,2023,991.4,886.9388115176125
7,Static Early Fusion HistGB,20,2023_523,2023,1078.2,941.119157466832
7,Static Early Fusion HistGB,24,2023_527,2023,1451.6,865.1924506864
7,Static Early Fusion HistGB,28,2023_622,2023,1112.9,1165.938700710849
7,Static Early Fusion HistGB,35,2023_723,2023,1093.6,1147.642141378366
7,Static Early Fusion HistGB,39,2024_CK11,2024,210.0,747.3661108139753
7,Static Early Fusion HistGB,40,2024_CK12,2024,166.65,726.5458541323503
7,Static Early Fusion HistGB,42,2024_CK14,2024,820.0,567.5328892598536
7,Static Early Fusion HistGB,44,2024_CK16,2024,536.65,611.5711057021867
7,Static Early Fusion HistGB,49,2024_CK25,2024,679.38,654.6369762340037
7,Static Early Fusion HistGB,53,2024_L113,2024,250.0,523.2400282231466
7,Static Early Fusion HistGB,54,2024_L121,2024,683.65,356.9499554607978
7,Static Early Fusion HistGB,62,2024_L216,2024,916.65,784.1300083121395
7,Static Early Fusion HistGB,69,2024_L311,2024,805.0,706.1959239022291
7,Static Early Fusion HistGB,74,2024_L323,2024,644.0,673.7646540238649
7,Static Early Fusion HistGB,75,2024_L411,2024,810.9,668.5808039424794
7,Static Early Fusion HistGB,84,2024_L514,2024,825.0,567.076528112586
7,Static Early Fusion HistGB,97,2024_L615,2024,466.5,737.0903054603577
7,Static Early Fusion HistGB,98,2024_L616,2024,180.75,594.7041098814689
7,Static Early Fusion HistGB,109,2024_R125,2024,784.08,630.7979299894937
7,Static Early Fusion HistGB,110,2024_R126,2024,653.1,733.4219880094379
7,Static Early Fusion HistGB,113,2024_R2112,2024,765.0,536.264142778468
7,Static Early Fusion HistGB,122,2024_R229,2024,476.055,638.7173318006336
7,Static Early Fusion HistGB,125,2024_R316,2024,366.65,476.7023416102503
7,Static Early Fusion HistGB,133,2024_R425,2024,390.72,639.9576068517899
7,Static Early Fusion HistGB,138,2024_R527,2024,487.49,549.7125014123664
7,Static Early Fusion HistGB,142,2024_R618,2024,1031.25,428.478495692628
7,Static Early Fusion HistGB,149,2025_CK13,2025,350.0,1342.8887260313481
7,Static Early Fusion HistGB,150,2025_CK21,2025,1412.4,1459.2694452432618
7,Static Early Fusion HistGB,157,2025_L112,2025,160.0,714.3125144947512
7,Static Early Fusion HistGB,158,2025_L113,2025,0.0,1414.9130011166526
7,Static Early Fusion HistGB,159,2025_L121,2025,1367.3,1024.215566725573
7,Static Early Fusion HistGB,162,2025_L211,2025,758.6,727.8660794322391
7,Static Early Fusion HistGB,164,2025_L213,2025,110.0,1116.8125127399655
7,Static Early Fusion HistGB,172,2025_L225,2025,1122.0,726.0321309053343
7,Static Early Fusion HistGB,177,2025_L321,2025,1447.16,1117.181704108927
7,Static Early Fusion HistGB,192,2025_L521,2025,1286.2,1034.386588974417
7,Static Early Fusion HistGB,195,2025_L524,2025,1566.25,1339.552398632549
7,Static Early Fusion HistGB,201,2025_L614,2025,721.0,143.59172065175372
7,Trajectory Fusion ExtraTrees,1,2023_122,2023,868.0,924.0180400000002
7,Trajectory Fusion ExtraTrees,11,2023_323,2023,1046.8,930.1764766666671
7,Trajectory Fusion ExtraTrees,14,2023_326,2023,1134.6,1081.6560833333351
7,Trajectory Fusion ExtraTrees,19,2023_522,2023,991.4,1018.4665299999978
7,Trajectory Fusion ExtraTrees,20,2023_523,2023,1078.2,1023.0835333333315
7,Trajectory Fusion ExtraTrees,24,2023_527,2023,1451.6,1151.6527999999953
7,Trajectory Fusion ExtraTrees,28,2023_622,2023,1112.9,1165.4834866666642
7,Trajectory Fusion ExtraTrees,35,2023_723,2023,1093.6,1091.3920833333343
7,Trajectory Fusion ExtraTrees,39,2024_CK11,2024,210.0,688.6740666666669
7,Trajectory Fusion ExtraTrees,40,2024_CK12,2024,166.65,681.6276983333329
7,Trajectory Fusion ExtraTrees,42,2024_CK14,2024,820.0,549.5184999999996
7,Trajectory Fusion ExtraTrees,44,2024_CK16,2024,536.65,587.6263433333332
7,Trajectory Fusion ExtraTrees,49,2024_CK25,2024,679.38,629.608301666666
7,Trajectory Fusion ExtraTrees,53,2024_L113,2024,250.0,593.031606666667
7,Trajectory Fusion ExtraTrees,54,2024_L121,2024,683.65,479.58187500000037
7,Trajectory Fusion ExtraTrees,62,2024_L216,2024,916.65,641.2968366666666
7,Trajectory Fusion ExtraTrees,69,2024_L311,2024,805.0,570.8363433333334
7,Trajectory Fusion ExtraTrees,74,2024_L323,2024,644.0,697.3147633333334
7,Trajectory Fusion ExtraTrees,75,2024_L411,2024,810.9,750.9934183333331
7,Trajectory Fusion ExtraTrees,84,2024_L514,2024,825.0,533.6868700000006
7,Trajectory Fusion ExtraTrees,97,2024_L615,2024,466.5,578.276860000001
7,Trajectory Fusion ExtraTrees,98,2024_L616,2024,180.75,512.1811200000004
7,Trajectory Fusion ExtraTrees,109,2024_R125,2024,784.08,594.9153116666661
7,Trajectory Fusion ExtraTrees,110,2024_R126,2024,653.1,552.6406550000002
7,Trajectory Fusion ExtraTrees,113,2024_R2112,2024,765.0,546.4590866666665
7,Trajectory Fusion ExtraTrees,122,2024_R229,2024,476.055,586.8756883333328
7,Trajectory Fusion ExtraTrees,125,2024_R316,2024,366.65,531.9152300000004
7,Trajectory Fusion ExtraTrees,133,2024_R425,2024,390.72,623.0845499999995
7,Trajectory Fusion ExtraTrees,138,2024_R527,2024,487.49,575.4070683333326
7,Trajectory Fusion ExtraTrees,142,2024_R618,2024,1031.25,641.8518050000001
7,Trajectory Fusion ExtraTrees,149,2025_CK13,2025,350.0,1266.0759833333348
7,Trajectory Fusion ExtraTrees,150,2025_CK21,2025,1412.4,1534.8518566666698
7,Trajectory Fusion ExtraTrees,157,2025_L112,2025,160.0,1041.7864833333338
7,Trajectory Fusion ExtraTrees,158,2025_L113,2025,0.0,1202.9218933333314
7,Trajectory Fusion ExtraTrees,159,2025_L121,2025,1367.3,994.339396666668
7,Trajectory Fusion ExtraTrees,162,2025_L211,2025,758.6,1077.5258066666663
7,Trajectory Fusion ExtraTrees,164,2025_L213,2025,110.0,1208.3368266666682
7,Trajectory Fusion ExtraTrees,172,2025_L225,2025,1122.0,974.2025683333318
7,Trajectory Fusion ExtraTrees,177,2025_L321,2025,1447.16,1115.2936783333325
7,Trajectory Fusion ExtraTrees,192,2025_L521,2025,1286.2,1002.3677733333326
7,Trajectory Fusion ExtraTrees,195,2025_L524,2025,1566.25,1270.5070900000017
7,Trajectory Fusion ExtraTrees,201,2025_L614,2025,721.0,571.3765399999993
7,CMGT-DINO,1,2023_122,2023,868.0,952.7855463697579
7,CMGT-DINO,11,2023_323,2023,1046.8,922.7219145016743
7,CMGT-DINO,14,2023_326,2023,1134.6,1066.0519060668032
7,CMGT-DINO,19,2023_522,2023,991.4,1047.4592436620528
7,CMGT-DINO,20,2023_523,2023,1078.2,979.751157782762
7,CMGT-DINO,24,2023_527,2023,1451.6,1154.2118392335776
7,CMGT-DINO,28,2023_622,2023,1112.9,1159.0311808800736
7,CMGT-DINO,35,2023_723,2023,1093.6,1088.4404196980472
7,CMGT-DINO,39,2024_CK11,2024,210.0,744.88692870512
7,CMGT-DINO,40,2024_CK12,2024,166.65,608.4290332418403
7,CMGT-DINO,42,2024_CK14,2024,820.0,542.3664090862144
7,CMGT-DINO,44,2024_CK16,2024,536.65,554.9516610513448
7,CMGT-DINO,49,2024_CK25,2024,679.38,620.3192088878808
7,CMGT-DINO,53,2024_L113,2024,250.0,609.9589852634826
7,CMGT-DINO,54,2024_L121,2024,683.65,579.7222657556956
7,CMGT-DINO,62,2024_L216,2024,916.65,665.5642295930079
7,CMGT-DINO,69,2024_L311,2024,805.0,581.7007482512402
7,CMGT-DINO,74,2024_L323,2024,644.0,687.274417876856
7,CMGT-DINO,75,2024_L411,2024,810.9,750.3440905665211
7,CMGT-DINO,84,2024_L514,2024,825.0,503.550898213387
7,CMGT-DINO,97,2024_L615,2024,466.5,568.406500217965
7,CMGT-DINO,98,2024_L616,2024,180.75,532.0251070430361
7,CMGT-DINO,109,2024_R125,2024,784.08,613.2610255076737
7,CMGT-DINO,110,2024_R126,2024,653.1,589.671151862356
7,CMGT-DINO,113,2024_R2112,2024,765.0,540.4409997467493
7,CMGT-DINO,122,2024_R229,2024,476.055,619.0312154621605
7,CMGT-DINO,125,2024_R316,2024,366.65,646.0891640996363
7,CMGT-DINO,133,2024_R425,2024,390.72,584.622565274336
7,CMGT-DINO,138,2024_R527,2024,487.49,583.3420995740812
7,CMGT-DINO,142,2024_R618,2024,1031.25,626.0535456418335
7,CMGT-DINO,149,2025_CK13,2025,350.0,1251.0359230416975
7,CMGT-DINO,150,2025_CK21,2025,1412.4,1078.213034079272
7,CMGT-DINO,157,2025_L112,2025,160.0,1066.7497584699292
7,CMGT-DINO,158,2025_L113,2025,0.0,1088.073184563731
7,CMGT-DINO,159,2025_L121,2025,1367.3,1130.389024076781
7,CMGT-DINO,162,2025_L211,2025,758.6,1052.234753713611
7,CMGT-DINO,164,2025_L213,2025,110.0,1330.1907511269112
7,CMGT-DINO,172,2025_L225,2025,1122.0,942.1506383033338
7,CMGT-DINO,177,2025_L321,2025,1447.16,1028.3632141939472
7,CMGT-DINO,192,2025_L521,2025,1286.2,1019.4546164397893
7,CMGT-DINO,195,2025_L524,2025,1566.25,1327.7931491617135
7,CMGT-DINO,201,2025_L614,2025,721.0,519.8179479914412
8,DINOv3 Static Image ExtraTrees,9,2023_321,2023,835.1,912.5910000000092
8,DINOv3 Static Image ExtraTrees,20,2023_523,2023,1078.2,1035.5808260000078
8,DINOv3 Static Image ExtraTrees,24,2023_527,2023,1451.6,1191.7639666666635
8,DINOv3 Static Image ExtraTrees,25,2023_528,2023,1306.8,1191.7639666666635
8,DINOv3 Static Image ExtraTrees,29,2023_623,2023,1220.2,1128.0886799999862
8,DINOv3 Static Image ExtraTrees,32,2023_626,2023,1260.0,1178.9208883611082
8,DINOv3 Static Image ExtraTrees,35,2023_723,2023,1093.6,1081.0340536486833
8,DINOv3 Static Image ExtraTrees,37,2023_725,2023,1120.8,1077.9223999999972
8,DINOv3 Static Image ExtraTrees,40,2024_CK12,2024,166.65,702.7926581818216
8,DINOv3 Static Image ExtraTrees,50,2024_CK26,2024,831.42,601.6764915277722
8,DINOv3 Static Image ExtraTrees,51,2024_L111,2024,540.85,455.0977777777812
8,DINOv3 Static Image ExtraTrees,56,2024_L123,2024,270.32,455.0977777777812
8,DINOv3 Static Image ExtraTrees,63,2024_L221,2024,701.68,455.0977777777812
8,DINOv3 Static Image ExtraTrees,69,2024_L311,2024,805.0,707.3193173333312
8,DINOv3 Static Image ExtraTrees,70,2024_L312,2024,750.0,707.3193173333312
8,DINOv3 Static Image ExtraTrees,74,2024_L323,2024,644.0,707.3193173333312
8,DINOv3 Static Image ExtraTrees,76,2024_L412,2024,150.0,702.7926581818216
8,DINOv3 Static Image ExtraTrees,86,2024_L516,2024,252.5,581.9456562499997
8,DINOv3 Static Image ExtraTrees,87,2024_L521,2024,143.1,387.01000000000147
8,DINOv3 Static Image ExtraTrees,96,2024_L614,2024,360.5,581.9456562499997
8,DINOv3 Static Image ExtraTrees,97,2024_L615,2024,466.5,581.9456562499997
8,DINOv3 Static Image ExtraTrees,99,2024_L621,2024,0.0,387.01000000000147
8,DINOv3 Static Image ExtraTrees,102,2024_L624,2024,565.25,581.9456562499997
8,DINOv3 Static Image ExtraTrees,103,2024_L625,2024,563.76,581.9456562499997
8,DINOv3 Static Image ExtraTrees,130,2024_R415,2024,0.0,601.6764915277722
8,DINOv3 Static Image ExtraTrees,132,2024_R424,2024,612.48,601.6764915277722
8,DINOv3 Static Image ExtraTrees,134,2024_R426,2024,574.77,601.6764915277722
8,DINOv3 Static Image ExtraTrees,138,2024_R527,2024,487.49,671.0342791111128
8,DINOv3 Static Image ExtraTrees,140,2024_R529,2024,630.41,671.0342791111128
8,DINOv3 Static Image ExtraTrees,146,2024_R629,2024,710.08,671.0342791111128
8,DINOv3 Static Image ExtraTrees,153,2025_CK24,2025,1226.05,1033.376955933544
8,DINOv3 Static Image ExtraTrees,154,2025_CK25,2025,1358.76,1033.376955933544
8,DINOv3 Static Image ExtraTrees,161,2025_L123,2025,1340.64,809.4538236363677
8,DINOv3 Static Image ExtraTrees,170,2025_L223,2025,1546.96,809.4538236363677
8,DINOv3 Static Image ExtraTrees,172,2025_L225,2025,1122.0,821.7669099999947
8,DINOv3 Static Image ExtraTrees,173,2025_L226,2025,1374.25,821.7669099999947
8,DINOv3 Static Image ExtraTrees,176,2025_L313,2025,840.0,821.7669099999947
8,DINOv3 Static Image ExtraTrees,179,2025_L323,2025,1288.0,821.7669099999947
8,DINOv3 Static Image ExtraTrees,187,2025_L512,2025,1150.0,901.3138500000066
8,DINOv3 Static Image ExtraTrees,188,2025_L513,2025,1292.5,901.3138500000066
8,DINOv3 Static Image ExtraTrees,204,2025_L621,2025,1220.4,901.3138500000066
8,DINOv3 Static Image ExtraTrees,206,2025_L623,2025,964.32,901.3138500000066
8,Phenotype-only ExtraTrees,9,2023_321,2023,835.1,1002.8720764285716
8,Phenotype-only ExtraTrees,20,2023_523,2023,1078.2,1036.2981761904769
8,Phenotype-only ExtraTrees,24,2023_527,2023,1451.6,1015.4950514285712
8,Phenotype-only ExtraTrees,25,2023_528,2023,1306.8,1021.3352650000008
8,Phenotype-only ExtraTrees,29,2023_623,2023,1220.2,1099.5320838095233
8,Phenotype-only ExtraTrees,32,2023_626,2023,1260.0,933.0771802380946
8,Phenotype-only ExtraTrees,35,2023_723,2023,1093.6,1125.8403566666666
8,Phenotype-only ExtraTrees,37,2023_725,2023,1120.8,1058.1666957142857
8,Phenotype-only ExtraTrees,40,2024_CK12,2024,166.65,563.6012176190468
8,Phenotype-only ExtraTrees,50,2024_CK26,2024,831.42,647.8015849999998
8,Phenotype-only ExtraTrees,51,2024_L111,2024,540.85,622.4573549999999
8,Phenotype-only ExtraTrees,56,2024_L123,2024,270.32,625.6369052380958
8,Phenotype-only ExtraTrees,63,2024_L221,2024,701.68,980.5496449999999
8,Phenotype-only ExtraTrees,69,2024_L311,2024,805.0,665.8525457142857
8,Phenotype-only ExtraTrees,70,2024_L312,2024,750.0,540.3408800000002
8,Phenotype-only ExtraTrees,74,2024_L323,2024,644.0,616.0643700000003
8,Phenotype-only ExtraTrees,76,2024_L412,2024,150.0,619.7080307142857
8,Phenotype-only ExtraTrees,86,2024_L516,2024,252.5,571.4825676190472
8,Phenotype-only ExtraTrees,87,2024_L521,2024,143.1,697.4427183333332
8,Phenotype-only ExtraTrees,96,2024_L614,2024,360.5,704.3315116666668
8,Phenotype-only ExtraTrees,97,2024_L615,2024,466.5,726.4379299999998
8,Phenotype-only ExtraTrees,99,2024_L621,2024,0.0,705.043476666666
8,Phenotype-only ExtraTrees,102,2024_L624,2024,565.25,522.1231503571425
8,Phenotype-only ExtraTrees,103,2024_L625,2024,563.76,773.2306195238098
8,Phenotype-only ExtraTrees,130,2024_R415,2024,0.0,727.8193014285711
8,Phenotype-only ExtraTrees,132,2024_R424,2024,612.48,627.1040735714289
8,Phenotype-only ExtraTrees,134,2024_R426,2024,574.77,668.4717866666664
8,Phenotype-only ExtraTrees,138,2024_R527,2024,487.49,560.8004973809526
8,Phenotype-only ExtraTrees,140,2024_R529,2024,630.41,643.3532750000003
8,Phenotype-only ExtraTrees,146,2024_R629,2024,710.08,806.2237483333322
8,Phenotype-only ExtraTrees,153,2025_CK24,2025,1226.05,952.2427964285721
8,Phenotype-only ExtraTrees,154,2025_CK25,2025,1358.76,973.7401714285713
8,Phenotype-only ExtraTrees,161,2025_L123,2025,1340.64,760.7790530952387
8,Phenotype-only ExtraTrees,170,2025_L223,2025,1546.96,987.6626149999995
8,Phenotype-only ExtraTrees,172,2025_L225,2025,1122.0,699.6560341666666
8,Phenotype-only ExtraTrees,173,2025_L226,2025,1374.25,1283.1158685714274
8,Phenotype-only ExtraTrees,176,2025_L313,2025,840.0,735.5334816666668
8,Phenotype-only ExtraTrees,179,2025_L323,2025,1288.0,964.1090749999994
8,Phenotype-only ExtraTrees,187,2025_L512,2025,1150.0,787.6760304761909
8,Phenotype-only ExtraTrees,188,2025_L513,2025,1292.5,815.6152500000003
8,Phenotype-only ExtraTrees,204,2025_L621,2025,1220.4,1184.5836
8,Phenotype-only ExtraTrees,206,2025_L623,2025,964.32,745.2610638095233
8,Environment-only ExtraTrees,9,2023_321,2023,835.1,1011.5681803754013
8,Environment-only ExtraTrees,20,2023_523,2023,1078.2,1011.5681803754013
8,Environment-only ExtraTrees,24,2023_527,2023,1451.6,1011.5681803754013
8,Environment-only ExtraTrees,25,2023_528,2023,1306.8,1011.5681803754013
8,Environment-only ExtraTrees,29,2023_623,2023,1220.2,1011.5681803754013
8,Environment-only ExtraTrees,32,2023_626,2023,1260.0,1011.5681803754013
8,Environment-only ExtraTrees,35,2023_723,2023,1093.6,1011.5681803754013
8,Environment-only ExtraTrees,37,2023_725,2023,1120.8,1011.5681803754013
8,Environment-only ExtraTrees,40,2024_CK12,2024,166.65,597.6240789849944
8,Environment-only ExtraTrees,50,2024_CK26,2024,831.42,597.6240789849944
8,Environment-only ExtraTrees,51,2024_L111,2024,540.85,597.6240789849944
8,Environment-only ExtraTrees,56,2024_L123,2024,270.32,597.6240789849944
8,Environment-only ExtraTrees,63,2024_L221,2024,701.68,597.6240789849944
8,Environment-only ExtraTrees,69,2024_L311,2024,805.0,597.6240789849944
8,Environment-only ExtraTrees,70,2024_L312,2024,750.0,597.6240789849944
8,Environment-only ExtraTrees,74,2024_L323,2024,644.0,597.6240789849944
8,Environment-only ExtraTrees,76,2024_L412,2024,150.0,597.6240789849944
8,Environment-only ExtraTrees,86,2024_L516,2024,252.5,597.6240789849944
8,Environment-only ExtraTrees,87,2024_L521,2024,143.1,597.6240789849944
8,Environment-only ExtraTrees,96,2024_L614,2024,360.5,597.6240789849944
8,Environment-only ExtraTrees,97,2024_L615,2024,466.5,597.6240789849944
8,Environment-only ExtraTrees,99,2024_L621,2024,0.0,597.6240789849944
8,Environment-only ExtraTrees,102,2024_L624,2024,565.25,597.6240789849944
8,Environment-only ExtraTrees,103,2024_L625,2024,563.76,597.6240789849944
8,Environment-only ExtraTrees,130,2024_R415,2024,0.0,597.6240789849944
8,Environment-only ExtraTrees,132,2024_R424,2024,612.48,597.6240789849944
8,Environment-only ExtraTrees,134,2024_R426,2024,574.77,597.6240789849944
8,Environment-only ExtraTrees,138,2024_R527,2024,487.49,597.6240789849944
8,Environment-only ExtraTrees,140,2024_R529,2024,630.41,597.6240789849944
8,Environment-only ExtraTrees,146,2024_R629,2024,710.08,597.6240789849944
8,Environment-only ExtraTrees,153,2025_CK24,2025,1226.05,914.8101876371738
8,Environment-only ExtraTrees,154,2025_CK25,2025,1358.76,914.8101876371738
8,Environment-only ExtraTrees,161,2025_L123,2025,1340.64,933.1046899577788
8,Environment-only ExtraTrees,170,2025_L223,2025,1546.96,933.1046899577788
8,Environment-only ExtraTrees,172,2025_L225,2025,1122.0,933.1046899577788
8,Environment-only ExtraTrees,173,2025_L226,2025,1374.25,933.1046899577788
8,Environment-only ExtraTrees,176,2025_L313,2025,840.0,933.1046899577788
8,Environment-only ExtraTrees,179,2025_L323,2025,1288.0,933.1046899577788
8,Environment-only ExtraTrees,187,2025_L512,2025,1150.0,933.1046899577788
8,Environment-only ExtraTrees,188,2025_L513,2025,1292.5,933.1046899577788
8,Environment-only ExtraTrees,204,2025_L621,2025,1220.4,933.1046899577788
8,Environment-only ExtraTrees,206,2025_L623,2025,964.32,933.1046899577788
8,Static Early Fusion ExtraTrees,9,2023_321,2023,835.1,1021.6292033333355
8,Static Early Fusion ExtraTrees,20,2023_523,2023,1078.2,1048.5896450000002
8,Static Early Fusion ExtraTrees,24,2023_527,2023,1451.6,1131.9949399999985
8,Static Early Fusion ExtraTrees,25,2023_528,2023,1306.8,1095.4258233333326
8,Static Early Fusion ExtraTrees,29,2023_623,2023,1220.2,1126.4728766666676
8,Static Early Fusion ExtraTrees,32,2023_626,2023,1260.0,1073.9746033333324
8,Static Early Fusion ExtraTrees,35,2023_723,2023,1093.6,1097.9190199999991
8,Static Early Fusion ExtraTrees,37,2023_725,2023,1120.8,1080.0029566666667
8,Static Early Fusion ExtraTrees,40,2024_CK12,2024,166.65,777.7277983333337
8,Static Early Fusion ExtraTrees,50,2024_CK26,2024,831.42,602.2004216666668
8,Static Early Fusion ExtraTrees,51,2024_L111,2024,540.85,464.283331666667
8,Static Early Fusion ExtraTrees,56,2024_L123,2024,270.32,592.414151666667
8,Static Early Fusion ExtraTrees,63,2024_L221,2024,701.68,604.9993316666668
8,Static Early Fusion ExtraTrees,69,2024_L311,2024,805.0,607.6458508333329
8,Static Early Fusion ExtraTrees,70,2024_L312,2024,750.0,683.4921800000008
8,Static Early Fusion ExtraTrees,74,2024_L323,2024,644.0,654.6483933333348
8,Static Early Fusion ExtraTrees,76,2024_L412,2024,150.0,583.205558333333
8,Static Early Fusion ExtraTrees,86,2024_L516,2024,252.5,650.6099050000006
8,Static Early Fusion ExtraTrees,87,2024_L521,2024,143.1,487.73208999999883
8,Static Early Fusion ExtraTrees,96,2024_L614,2024,360.5,589.7888500000004
8,Static Early Fusion ExtraTrees,97,2024_L615,2024,466.5,648.1763433333333
8,Static Early Fusion ExtraTrees,99,2024_L621,2024,0.0,493.63387166666564
8,Static Early Fusion ExtraTrees,102,2024_L624,2024,565.25,516.5219066666657
8,Static Early Fusion ExtraTrees,103,2024_L625,2024,563.76,750.807846666667
8,Static Early Fusion ExtraTrees,130,2024_R415,2024,0.0,693.155296666667
8,Static Early Fusion ExtraTrees,132,2024_R424,2024,612.48,619.2655216666661
8,Static Early Fusion ExtraTrees,134,2024_R426,2024,574.77,625.5900566666668
8,Static Early Fusion ExtraTrees,138,2024_R527,2024,487.49,562.061521666666
8,Static Early Fusion ExtraTrees,140,2024_R529,2024,630.41,673.557425
8,Static Early Fusion ExtraTrees,146,2024_R629,2024,710.08,751.9288666666669
8,Static Early Fusion ExtraTrees,153,2025_CK24,2025,1226.05,1045.2450983333322
8,Static Early Fusion ExtraTrees,154,2025_CK25,2025,1358.76,1055.8191033333328
8,Static Early Fusion ExtraTrees,161,2025_L123,2025,1340.64,909.1133566666659
8,Static Early Fusion ExtraTrees,170,2025_L223,2025,1546.96,755.8702766666662
8,Static Early Fusion ExtraTrees,172,2025_L225,2025,1122.0,624.5321349999994
8,Static Early Fusion ExtraTrees,173,2025_L226,2025,1374.25,860.3597733333337
8,Static Early Fusion ExtraTrees,176,2025_L313,2025,840.0,778.4319583333327
8,Static Early Fusion ExtraTrees,179,2025_L323,2025,1288.0,879.404516666667
8,Static Early Fusion ExtraTrees,187,2025_L512,2025,1150.0,772.4091816666656
8,Static Early Fusion ExtraTrees,188,2025_L513,2025,1292.5,701.9787299999998
8,Static Early Fusion ExtraTrees,204,2025_L621,2025,1220.4,956.8990166666662
8,Static Early Fusion ExtraTrees,206,2025_L623,2025,964.32,828.07122
8,Static Early Fusion XGBoost,9,2023_321,2023,835.1,953.5223388671875
8,Static Early Fusion XGBoost,20,2023_523,2023,1078.2,1063.720458984375
8,Static Early Fusion XGBoost,24,2023_527,2023,1451.6,1145.0015869140625
8,Static Early Fusion XGBoost,25,2023_528,2023,1306.8,1054.8466796875
8,Static Early Fusion XGBoost,29,2023_623,2023,1220.2,1182.5198974609375
8,Static Early Fusion XGBoost,32,2023_626,2023,1260.0,925.872314453125
8,Static Early Fusion XGBoost,35,2023_723,2023,1093.6,1076.2572021484375
8,Static Early Fusion XGBoost,37,2023_725,2023,1120.8,1089.7386474609375
8,Static Early Fusion XGBoost,40,2024_CK12,2024,166.65,774.2359008789062
8,Static Early Fusion XGBoost,50,2024_CK26,2024,831.42,548.7637939453125
8,Static Early Fusion XGBoost,51,2024_L111,2024,540.85,414.14794921875
8,Static Early Fusion XGBoost,56,2024_L123,2024,270.32,504.395751953125
8,Static Early Fusion XGBoost,63,2024_L221,2024,701.68,985.321044921875
8,Static Early Fusion XGBoost,69,2024_L311,2024,805.0,679.0933837890625
8,Static Early Fusion XGBoost,70,2024_L312,2024,750.0,591.741943359375
8,Static Early Fusion XGBoost,74,2024_L323,2024,644.0,615.8505859375
8,Static Early Fusion XGBoost,76,2024_L412,2024,150.0,565.9974975585938
8,Static Early Fusion XGBoost,86,2024_L516,2024,252.5,625.9271240234375
8,Static Early Fusion XGBoost,87,2024_L521,2024,143.1,499.13238525390625
8,Static Early Fusion XGBoost,96,2024_L614,2024,360.5,792.6136474609375
8,Static Early Fusion XGBoost,97,2024_L615,2024,466.5,576.97509765625
8,Static Early Fusion XGBoost,99,2024_L621,2024,0.0,561.6318359375
8,Static Early Fusion XGBoost,102,2024_L624,2024,565.25,361.57421875
8,Static Early Fusion XGBoost,103,2024_L625,2024,563.76,940.9288330078125
8,Static Early Fusion XGBoost,130,2024_R415,2024,0.0,758.9486083984375
8,Static Early Fusion XGBoost,132,2024_R424,2024,612.48,665.3134765625
8,Static Early Fusion XGBoost,134,2024_R426,2024,574.77,560.3037109375
8,Static Early Fusion XGBoost,138,2024_R527,2024,487.49,465.84112548828125
8,Static Early Fusion XGBoost,140,2024_R529,2024,630.41,706.2639770507812
8,Static Early Fusion XGBoost,146,2024_R629,2024,710.08,770.50244140625
8,Static Early Fusion XGBoost,153,2025_CK24,2025,1226.05,1034.919189453125
8,Static Early Fusion XGBoost,154,2025_CK25,2025,1358.76,1041.1573486328125
8,Static Early Fusion XGBoost,161,2025_L123,2025,1340.64,786.3250122070312
8,Static Early Fusion XGBoost,170,2025_L223,2025,1546.96,945.1387329101562
8,Static Early Fusion XGBoost,172,2025_L225,2025,1122.0,654.1317749023438
8,Static Early Fusion XGBoost,173,2025_L226,2025,1374.25,1315.71826171875
8,Static Early Fusion XGBoost,176,2025_L313,2025,840.0,655.9829711914062
8,Static Early Fusion XGBoost,179,2025_L323,2025,1288.0,862.6492919921875
8,Static Early Fusion XGBoost,187,2025_L512,2025,1150.0,732.40625
8,Static Early Fusion XGBoost,188,2025_L513,2025,1292.5,733.9422607421875
8,Static Early Fusion XGBoost,204,2025_L621,2025,1220.4,1082.0157470703125
8,Static Early Fusion XGBoost,206,2025_L623,2025,964.32,801.0338745117188
8,Static Early Fusion CatBoost,9,2023_321,2023,835.1,960.6693001998203
8,Static Early Fusion CatBoost,20,2023_523,2023,1078.2,1020.9140095178949
8,Static Early Fusion CatBoost,24,2023_527,2023,1451.6,1108.2356786107011
8,Static Early Fusion CatBoost,25,2023_528,2023,1306.8,1082.3079918425763
8,Static Early Fusion CatBoost,29,2023_623,2023,1220.2,1168.0602340462692
8,Static Early Fusion CatBoost,32,2023_626,2023,1260.0,966.2716709925867
8,Static Early Fusion CatBoost,35,2023_723,2023,1093.6,1143.4809757331482
8,Static Early Fusion CatBoost,37,2023_725,2023,1120.8,1091.204490905443
8,Static Early Fusion CatBoost,40,2024_CK12,2024,166.65,712.1761209754196
8,Static Early Fusion CatBoost,50,2024_CK26,2024,831.42,564.116331082172
8,Static Early Fusion CatBoost,51,2024_L111,2024,540.85,474.315126721668
8,Static Early Fusion CatBoost,56,2024_L123,2024,270.32,524.0601310640552
8,Static Early Fusion CatBoost,63,2024_L221,2024,701.68,705.8249949542766
8,Static Early Fusion CatBoost,69,2024_L311,2024,805.0,669.1475730386446
8,Static Early Fusion CatBoost,70,2024_L312,2024,750.0,624.344671095039
8,Static Early Fusion CatBoost,74,2024_L323,2024,644.0,645.0459223306158
8,Static Early Fusion CatBoost,76,2024_L412,2024,150.0,541.3182163598578
8,Static Early Fusion CatBoost,86,2024_L516,2024,252.5,658.929790786068
8,Static Early Fusion CatBoost,87,2024_L521,2024,143.1,551.538789517022
8,Static Early Fusion CatBoost,96,2024_L614,2024,360.5,696.9928507693292
8,Static Early Fusion CatBoost,97,2024_L615,2024,466.5,618.2465553501306
8,Static Early Fusion CatBoost,99,2024_L621,2024,0.0,593.4509205731983
8,Static Early Fusion CatBoost,102,2024_L624,2024,565.25,525.3037938227736
8,Static Early Fusion CatBoost,103,2024_L625,2024,563.76,810.9920117638766
8,Static Early Fusion CatBoost,130,2024_R415,2024,0.0,710.6559006121324
8,Static Early Fusion CatBoost,132,2024_R424,2024,612.48,610.1501225410501
8,Static Early Fusion CatBoost,134,2024_R426,2024,574.77,626.0906928740517
8,Static Early Fusion CatBoost,138,2024_R527,2024,487.49,537.3936850770895
8,Static Early Fusion CatBoost,140,2024_R529,2024,630.41,658.3234636797661
8,Static Early Fusion CatBoost,146,2024_R629,2024,710.08,767.3283780119276
8,Static Early Fusion CatBoost,153,2025_CK24,2025,1226.05,1186.25541736972
8,Static Early Fusion CatBoost,154,2025_CK25,2025,1358.76,1193.2143027369577
8,Static Early Fusion CatBoost,161,2025_L123,2025,1340.64,879.4990580369932
8,Static Early Fusion CatBoost,170,2025_L223,2025,1546.96,741.986237438712
8,Static Early Fusion CatBoost,172,2025_L225,2025,1122.0,648.9541486983674
8,Static Early Fusion CatBoost,173,2025_L226,2025,1374.25,971.7146331805068
8,Static Early Fusion CatBoost,176,2025_L313,2025,840.0,765.9967340273435
8,Static Early Fusion CatBoost,179,2025_L323,2025,1288.0,875.8735175940001
8,Static Early Fusion CatBoost,187,2025_L512,2025,1150.0,731.6126400831632
8,Static Early Fusion CatBoost,188,2025_L513,2025,1292.5,689.395254012648
8,Static Early Fusion CatBoost,204,2025_L621,2025,1220.4,957.7603948081291
8,Static Early Fusion CatBoost,206,2025_L623,2025,964.32,789.9983043049016
8,Static Early Fusion HistGB,9,2023_321,2023,835.1,992.8331155598734
8,Static Early Fusion HistGB,20,2023_523,2023,1078.2,1253.590322531653
8,Static Early Fusion HistGB,24,2023_527,2023,1451.6,1211.1694814405419
8,Static Early Fusion HistGB,25,2023_528,2023,1306.8,1134.763681224061
8,Static Early Fusion HistGB,29,2023_623,2023,1220.2,1144.586083172273
8,Static Early Fusion HistGB,32,2023_626,2023,1260.0,712.6656449659607
8,Static Early Fusion HistGB,35,2023_723,2023,1093.6,1098.5702943819
8,Static Early Fusion HistGB,37,2023_725,2023,1120.8,1071.95073458197
8,Static Early Fusion HistGB,40,2024_CK12,2024,166.65,732.2822526503779
8,Static Early Fusion HistGB,50,2024_CK26,2024,831.42,512.3745577249032
8,Static Early Fusion HistGB,51,2024_L111,2024,540.85,521.1636612151154
8,Static Early Fusion HistGB,56,2024_L123,2024,270.32,585.5201031992312
8,Static Early Fusion HistGB,63,2024_L221,2024,701.68,891.4816938685283
8,Static Early Fusion HistGB,69,2024_L311,2024,805.0,727.4640389568784
8,Static Early Fusion HistGB,70,2024_L312,2024,750.0,740.6609249884106
8,Static Early Fusion HistGB,74,2024_L323,2024,644.0,730.570000081854
8,Static Early Fusion HistGB,76,2024_L412,2024,150.0,531.9260903947961
8,Static Early Fusion HistGB,86,2024_L516,2024,252.5,698.4907243069524
8,Static Early Fusion HistGB,87,2024_L521,2024,143.1,476.0628012108499
8,Static Early Fusion HistGB,96,2024_L614,2024,360.5,823.7648780957392
8,Static Early Fusion HistGB,97,2024_L615,2024,466.5,468.79665477066123
8,Static Early Fusion HistGB,99,2024_L621,2024,0.0,502.9912129826618
8,Static Early Fusion HistGB,102,2024_L624,2024,565.25,341.5070421382057
8,Static Early Fusion HistGB,103,2024_L625,2024,563.76,864.4382677581475
8,Static Early Fusion HistGB,130,2024_R415,2024,0.0,750.2464808548531
8,Static Early Fusion HistGB,132,2024_R424,2024,612.48,708.383480785437
8,Static Early Fusion HistGB,134,2024_R426,2024,574.77,645.5977642269254
8,Static Early Fusion HistGB,138,2024_R527,2024,487.49,414.1260584856947
8,Static Early Fusion HistGB,140,2024_R529,2024,630.41,606.8218825829177
8,Static Early Fusion HistGB,146,2024_R629,2024,710.08,724.0284725783719
8,Static Early Fusion HistGB,153,2025_CK24,2025,1226.05,1477.966364093393
8,Static Early Fusion HistGB,154,2025_CK25,2025,1358.76,1479.2275922262468
8,Static Early Fusion HistGB,161,2025_L123,2025,1340.64,695.0933862934356
8,Static Early Fusion HistGB,170,2025_L223,2025,1546.96,1096.2949424542153
8,Static Early Fusion HistGB,172,2025_L225,2025,1122.0,601.6196238753356
8,Static Early Fusion HistGB,173,2025_L226,2025,1374.25,1380.6365943972949
8,Static Early Fusion HistGB,176,2025_L313,2025,840.0,762.2246188434833
8,Static Early Fusion HistGB,179,2025_L323,2025,1288.0,792.7860076719275
8,Static Early Fusion HistGB,187,2025_L512,2025,1150.0,984.4070040007825
8,Static Early Fusion HistGB,188,2025_L513,2025,1292.5,578.3775297624388
8,Static Early Fusion HistGB,204,2025_L621,2025,1220.4,1305.372910346757
8,Static Early Fusion HistGB,206,2025_L623,2025,964.32,679.7972434273628
8,Trajectory Fusion ExtraTrees,9,2023_321,2023,835.1,1026.358063333336
8,Trajectory Fusion ExtraTrees,20,2023_523,2023,1078.2,1019.6391866666645
8,Trajectory Fusion ExtraTrees,24,2023_527,2023,1451.6,1130.2814499999977
8,Trajectory Fusion ExtraTrees,25,2023_528,2023,1306.8,1137.0125033333316
8,Trajectory Fusion ExtraTrees,29,2023_623,2023,1220.2,1124.7615399999993
8,Trajectory Fusion ExtraTrees,32,2023_626,2023,1260.0,1136.124573333332
8,Trajectory Fusion ExtraTrees,35,2023_723,2023,1093.6,1092.5596866666672
8,Trajectory Fusion ExtraTrees,37,2023_725,2023,1120.8,1058.9751299999991
8,Trajectory Fusion ExtraTrees,40,2024_CK12,2024,166.65,688.6788349999997
8,Trajectory Fusion ExtraTrees,50,2024_CK26,2024,831.42,589.8063366666669
8,Trajectory Fusion ExtraTrees,51,2024_L111,2024,540.85,467.7293316666665
8,Trajectory Fusion ExtraTrees,56,2024_L123,2024,270.32,467.792393333333
8,Trajectory Fusion ExtraTrees,63,2024_L221,2024,701.68,498.0937100000001
8,Trajectory Fusion ExtraTrees,69,2024_L311,2024,805.0,597.0079549999996
8,Trajectory Fusion ExtraTrees,70,2024_L312,2024,750.0,615.6356583333336
8,Trajectory Fusion ExtraTrees,74,2024_L323,2024,644.0,627.9863466666671
8,Trajectory Fusion ExtraTrees,76,2024_L412,2024,150.0,645.0269349999998
8,Trajectory Fusion ExtraTrees,86,2024_L516,2024,252.5,662.4137800000005
8,Trajectory Fusion ExtraTrees,87,2024_L521,2024,143.1,474.79013999999904
8,Trajectory Fusion ExtraTrees,96,2024_L614,2024,360.5,607.30623
8,Trajectory Fusion ExtraTrees,97,2024_L615,2024,466.5,625.2081349999999
8,Trajectory Fusion ExtraTrees,99,2024_L621,2024,0.0,494.26029833333246
8,Trajectory Fusion ExtraTrees,102,2024_L624,2024,565.25,600.8553183333335
8,Trajectory Fusion ExtraTrees,103,2024_L625,2024,563.76,772.5973966666645
8,Trajectory Fusion ExtraTrees,130,2024_R415,2024,0.0,585.0943949999998
8,Trajectory Fusion ExtraTrees,132,2024_R424,2024,612.48,624.9749916666672
8,Trajectory Fusion ExtraTrees,134,2024_R426,2024,574.77,613.9343300000004
8,Trajectory Fusion ExtraTrees,138,2024_R527,2024,487.49,647.9221100000003
8,Trajectory Fusion ExtraTrees,140,2024_R529,2024,630.41,530.9760500000002
8,Trajectory Fusion ExtraTrees,146,2024_R629,2024,710.08,724.8904716666659
8,Trajectory Fusion ExtraTrees,153,2025_CK24,2025,1226.05,1215.304563333332
8,Trajectory Fusion ExtraTrees,154,2025_CK25,2025,1358.76,1233.9576333333332
8,Trajectory Fusion ExtraTrees,161,2025_L123,2025,1340.64,829.34846
8,Trajectory Fusion ExtraTrees,170,2025_L223,2025,1546.96,907.1183150000002
8,Trajectory Fusion ExtraTrees,172,2025_L225,2025,1122.0,907.0903633333326
8,Trajectory Fusion ExtraTrees,173,2025_L226,2025,1374.25,1025.7963833333333
8,Trajectory Fusion ExtraTrees,176,2025_L313,2025,840.0,999.0148066666675
8,Trajectory Fusion ExtraTrees,179,2025_L323,2025,1288.0,829.4702749999993
8,Trajectory Fusion ExtraTrees,187,2025_L512,2025,1150.0,1062.7258833333324
8,Trajectory Fusion ExtraTrees,188,2025_L513,2025,1292.5,670.264606666666
8,Trajectory Fusion ExtraTrees,204,2025_L621,2025,1220.4,1097.3911266666669
8,Trajectory Fusion ExtraTrees,206,2025_L623,2025,964.32,882.1119566666664
8,CMGT-DINO,9,2023_321,2023,835.1,1002.8005449426428
8,CMGT-DINO,20,2023_523,2023,1078.2,1018.095145966361
8,CMGT-DINO,24,2023_527,2023,1451.6,1109.9713340117403
8,CMGT-DINO,25,2023_528,2023,1306.8,1118.3332806978108
8,CMGT-DINO,29,2023_623,2023,1220.2,1094.2147231169317
8,CMGT-DINO,32,2023_626,2023,1260.0,1030.7955198956167
8,CMGT-DINO,35,2023_723,2023,1093.6,1097.4656998307123
8,CMGT-DINO,37,2023_725,2023,1120.8,1040.7609599078285
8,CMGT-DINO,40,2024_CK12,2024,166.65,624.298764264671
8,CMGT-DINO,50,2024_CK26,2024,831.42,611.0832909166026
8,CMGT-DINO,51,2024_L111,2024,540.85,457.90380190357956
8,CMGT-DINO,56,2024_L123,2024,270.32,546.159290938976
8,CMGT-DINO,63,2024_L221,2024,701.68,449.0462222079309
8,CMGT-DINO,69,2024_L311,2024,805.0,616.6347566616175
8,CMGT-DINO,70,2024_L312,2024,750.0,615.188075749292
8,CMGT-DINO,74,2024_L323,2024,644.0,587.2815145035117
8,CMGT-DINO,76,2024_L412,2024,150.0,590.2844631264052
8,CMGT-DINO,86,2024_L516,2024,252.5,731.8227324065391
8,CMGT-DINO,87,2024_L521,2024,143.1,477.07452185194956
8,CMGT-DINO,96,2024_L614,2024,360.5,622.2317414707069
8,CMGT-DINO,97,2024_L615,2024,466.5,610.8439284796776
8,CMGT-DINO,99,2024_L621,2024,0.0,478.3091127583787
8,CMGT-DINO,102,2024_L624,2024,565.25,521.9144606811111
8,CMGT-DINO,103,2024_L625,2024,563.76,845.1555484656392
8,CMGT-DINO,130,2024_R415,2024,0.0,435.34433614849445
8,CMGT-DINO,132,2024_R424,2024,612.48,579.11134709896
8,CMGT-DINO,134,2024_R426,2024,574.77,636.7929403777331
8,CMGT-DINO,138,2024_R527,2024,487.49,608.3926590677552
8,CMGT-DINO,140,2024_R529,2024,630.41,590.639197863051
8,CMGT-DINO,146,2024_R629,2024,710.08,707.6464172753058
8,CMGT-DINO,153,2025_CK24,2025,1226.05,1234.5104511865668
8,CMGT-DINO,154,2025_CK25,2025,1358.76,1360.272469354717
8,CMGT-DINO,161,2025_L123,2025,1340.64,1013.5542127313653
8,CMGT-DINO,170,2025_L223,2025,1546.96,925.0554394962616
8,CMGT-DINO,172,2025_L225,2025,1122.0,833.833277631272
8,CMGT-DINO,173,2025_L226,2025,1374.25,988.6495361713838
8,CMGT-DINO,176,2025_L313,2025,840.0,902.1275938452038
8,CMGT-DINO,179,2025_L323,2025,1288.0,759.4342970026809
8,CMGT-DINO,187,2025_L512,2025,1150.0,1223.3965893372126
8,CMGT-DINO,188,2025_L513,2025,1292.5,581.7351963304934
8,CMGT-DINO,204,2025_L621,2025,1220.4,1300.89592012177
8,CMGT-DINO,206,2025_L623,2025,964.32,796.61988873376
9,DINOv3 Static Image ExtraTrees,8,2023_226,2023,760.8,992.6004333333382
9,DINOv3 Static Image ExtraTrees,9,2023_321,2023,835.1,992.6004333333382
9,DINOv3 Static Image ExtraTrees,10,2023_322,2023,821.0,992.6004333333382
9,DINOv3 Static Image ExtraTrees,12,2023_324,2023,1041.2,1100.3009999999945
9,DINOv3 Static Image ExtraTrees,31,2023_625,2023,1254.0,1254.4857499999969
9,DINOv3 Static Image ExtraTrees,33,2023_721,2023,1128.0,1100.3009999999945
9,DINOv3 Static Image ExtraTrees,35,2023_723,2023,1093.6,1074.9279791666618
9,DINOv3 Static Image ExtraTrees,37,2023_725,2023,1120.8,1073.7103999999958
9,DINOv3 Static Image ExtraTrees,40,2024_CK12,2024,166.65,687.6199999999965
9,DINOv3 Static Image ExtraTrees,42,2024_CK14,2024,820.0,539.7715000000014
9,DINOv3 Static Image ExtraTrees,53,2024_L113,2024,250.0,513.1033333333327
9,DINOv3 Static Image ExtraTrees,55,2024_L122,2024,361.5,513.1033333333327
9,DINOv3 Static Image ExtraTrees,57,2024_L211,2024,379.3,513.1033333333327
9,DINOv3 Static Image ExtraTrees,61,2024_L215,2024,740.0,709.2106275757542
9,DINOv3 Static Image ExtraTrees,76,2024_L412,2024,150.0,687.6199999999965
9,DINOv3 Static Image ExtraTrees,79,2024_L422,2024,797.27,687.6199999999965
9,DINOv3 Static Image ExtraTrees,82,2024_L512,2024,575.0,279.1950000000036
9,DINOv3 Static Image ExtraTrees,83,2024_L513,2024,646.25,279.1950000000036
9,DINOv3 Static Image ExtraTrees,85,2024_L515,2024,102.5,559.3514999999953
9,DINOv3 Static Image ExtraTrees,102,2024_L624,2024,565.25,559.3514999999953
9,DINOv3 Static Image ExtraTrees,107,2024_R116,2024,553.35,597.4783333333327
9,DINOv3 Static Image ExtraTrees,113,2024_R2112,2024,765.0,595.6238888888872
9,DINOv3 Static Image ExtraTrees,114,2024_R217,2024,847.9,597.4783333333327
9,DINOv3 Static Image ExtraTrees,116,2024_R219,2024,125.4,597.4783333333327
9,DINOv3 Static Image ExtraTrees,123,2024_R314,2024,112.5,595.6238888888872
9,DINOv3 Static Image ExtraTrees,125,2024_R316,2024,366.65,595.6238888888872
9,DINOv3 Static Image ExtraTrees,132,2024_R424,2024,612.48,539.7715000000014
9,DINOv3 Static Image ExtraTrees,140,2024_R529,2024,630.41,616.8211111111103
9,DINOv3 Static Image ExtraTrees,141,2024_R617,2024,1021.25,616.8211111111103
9,DINOv3 Static Image ExtraTrees,144,2024_R627,2024,613.97,616.8211111111103
9,DINOv3 Static Image ExtraTrees,155,2025_CK26,2025,1662.84,1292.3833966666828
9,DINOv3 Static Image ExtraTrees,158,2025_L113,2025,0.0,1133.2698566666643
9,DINOv3 Static Image ExtraTrees,161,2025_L123,2025,1340.64,1133.2698566666643
9,DINOv3 Static Image ExtraTrees,163,2025_L212,2025,458.3,1133.2698566666643
9,DINOv3 Static Image ExtraTrees,164,2025_L213,2025,110.0,1133.2698566666643
9,DINOv3 Static Image ExtraTrees,165,2025_L214,2025,562.5,924.8122222222165
9,DINOv3 Static Image ExtraTrees,176,2025_L313,2025,840.0,924.8122222222165
9,DINOv3 Static Image ExtraTrees,178,2025_L322,2025,1370.88,924.8122222222165
9,DINOv3 Static Image ExtraTrees,181,2025_L412,2025,15.0,1271.0419832727123
9,DINOv3 Static Image ExtraTrees,184,2025_L422,2025,1594.54,1271.0419832727123
9,DINOv3 Static Image ExtraTrees,191,2025_L516,2025,105.0,1018.4798708333242
9,DINOv3 Static Image ExtraTrees,198,2025_L611,2025,800.0,992.1272727272628
9,Phenotype-only ExtraTrees,8,2023_226,2023,760.8,957.7270471428577
9,Phenotype-only ExtraTrees,9,2023_321,2023,835.1,1056.9712180952383
9,Phenotype-only ExtraTrees,10,2023_322,2023,821.0,1008.7397900000005
9,Phenotype-only ExtraTrees,12,2023_324,2023,1041.2,1034.551576666667
9,Phenotype-only ExtraTrees,31,2023_625,2023,1254.0,1073.593576666666
9,Phenotype-only ExtraTrees,33,2023_721,2023,1128.0,1055.5984728571414
9,Phenotype-only ExtraTrees,35,2023_723,2023,1093.6,1101.4578645238091
9,Phenotype-only ExtraTrees,37,2023_725,2023,1120.8,1048.5539540476188
9,Phenotype-only ExtraTrees,40,2024_CK12,2024,166.65,613.4616664285719
9,Phenotype-only ExtraTrees,42,2024_CK14,2024,820.0,512.636776666667
9,Phenotype-only ExtraTrees,53,2024_L113,2024,250.0,741.1007616666673
9,Phenotype-only ExtraTrees,55,2024_L122,2024,361.5,688.1937872619052
9,Phenotype-only ExtraTrees,57,2024_L211,2024,379.3,663.5100683333326
9,Phenotype-only ExtraTrees,61,2024_L215,2024,740.0,759.9686383333328
9,Phenotype-only ExtraTrees,76,2024_L412,2024,150.0,593.8391845238095
9,Phenotype-only ExtraTrees,79,2024_L422,2024,797.27,588.287875
9,Phenotype-only ExtraTrees,82,2024_L512,2024,575.0,582.0979633333332
9,Phenotype-only ExtraTrees,83,2024_L513,2024,646.25,496.87787333333347
9,Phenotype-only ExtraTrees,85,2024_L515,2024,102.5,724.8947350000002
9,Phenotype-only ExtraTrees,102,2024_L624,2024,565.25,564.4001914285717
9,Phenotype-only ExtraTrees,107,2024_R116,2024,553.35,739.3665654761908
9,Phenotype-only ExtraTrees,113,2024_R2112,2024,765.0,587.7791366666664
9,Phenotype-only ExtraTrees,114,2024_R217,2024,847.9,535.529936428571
9,Phenotype-only ExtraTrees,116,2024_R219,2024,125.4,733.2696621428576
9,Phenotype-only ExtraTrees,123,2024_R314,2024,112.5,644.0109188095237
9,Phenotype-only ExtraTrees,125,2024_R316,2024,366.65,708.2280283333338
9,Phenotype-only ExtraTrees,132,2024_R424,2024,612.48,632.5404926190473
9,Phenotype-only ExtraTrees,140,2024_R529,2024,630.41,639.7069330952381
9,Phenotype-only ExtraTrees,141,2024_R617,2024,1021.25,564.5137202380952
9,Phenotype-only ExtraTrees,144,2024_R627,2024,613.97,700.9435964285709
9,Phenotype-only ExtraTrees,155,2025_CK26,2025,1662.84,1061.3441804761935
9,Phenotype-only ExtraTrees,158,2025_L113,2025,0.0,1199.277735000001
9,Phenotype-only ExtraTrees,161,2025_L123,2025,1340.64,927.7803016666678
9,Phenotype-only ExtraTrees,163,2025_L212,2025,458.3,796.757223333334
9,Phenotype-only ExtraTrees,164,2025_L213,2025,110.0,969.141728333333
9,Phenotype-only ExtraTrees,165,2025_L214,2025,562.5,897.392622142858
9,Phenotype-only ExtraTrees,176,2025_L313,2025,840.0,825.511094999999
9,Phenotype-only ExtraTrees,178,2025_L322,2025,1370.88,1145.7193800000005
9,Phenotype-only ExtraTrees,181,2025_L412,2025,15.0,715.9274995238093
9,Phenotype-only ExtraTrees,184,2025_L422,2025,1594.54,1238.956933333334
9,Phenotype-only ExtraTrees,191,2025_L516,2025,105.0,685.5501823809518
9,Phenotype-only ExtraTrees,198,2025_L611,2025,800.0,1212.2102847619062
9,Environment-only ExtraTrees,8,2023_226,2023,760.8,1074.2816129032287
9,Environment-only ExtraTrees,9,2023_321,2023,835.1,1074.2816129032287
9,Environment-only ExtraTrees,10,2023_322,2023,821.0,1074.2816129032287
9,Environment-only ExtraTrees,12,2023_324,2023,1041.2,1074.2816129032287
9,Environment-only ExtraTrees,31,2023_625,2023,1254.0,1074.2816129032287
9,Environment-only ExtraTrees,33,2023_721,2023,1128.0,1074.2816129032287
9,Environment-only ExtraTrees,35,2023_723,2023,1093.6,1074.2816129032287
9,Environment-only ExtraTrees,37,2023_725,2023,1120.8,1074.2816129032287
9,Environment-only ExtraTrees,40,2024_CK12,2024,166.65,566.0156395348857
9,Environment-only ExtraTrees,42,2024_CK14,2024,820.0,566.0156395348857
9,Environment-only ExtraTrees,53,2024_L113,2024,250.0,566.0156395348857
9,Environment-only ExtraTrees,55,2024_L122,2024,361.5,566.0156395348857
9,Environment-only ExtraTrees,57,2024_L211,2024,379.3,566.0156395348857
9,Environment-only ExtraTrees,61,2024_L215,2024,740.0,566.0156395348857
9,Environment-only ExtraTrees,76,2024_L412,2024,150.0,566.0156395348857
9,Environment-only ExtraTrees,79,2024_L422,2024,797.27,566.0156395348857
9,Environment-only ExtraTrees,82,2024_L512,2024,575.0,566.0156395348857
9,Environment-only ExtraTrees,83,2024_L513,2024,646.25,566.0156395348857
9,Environment-only ExtraTrees,85,2024_L515,2024,102.5,566.0156395348857
9,Environment-only ExtraTrees,102,2024_L624,2024,565.25,566.0156395348857
9,Environment-only ExtraTrees,107,2024_R116,2024,553.35,566.0156395348857
9,Environment-only ExtraTrees,113,2024_R2112,2024,765.0,566.0156395348857
9,Environment-only ExtraTrees,114,2024_R217,2024,847.9,566.0156395348857
9,Environment-only ExtraTrees,116,2024_R219,2024,125.4,566.0156395348857
9,Environment-only ExtraTrees,123,2024_R314,2024,112.5,566.0156395348857
9,Environment-only ExtraTrees,125,2024_R316,2024,366.65,566.0156395348857
9,Environment-only ExtraTrees,132,2024_R424,2024,612.48,566.0156395348857
9,Environment-only ExtraTrees,140,2024_R529,2024,630.41,566.0156395348857
9,Environment-only ExtraTrees,141,2024_R617,2024,1021.25,566.0156395348857
9,Environment-only ExtraTrees,144,2024_R627,2024,613.97,566.0156395348857
9,Environment-only ExtraTrees,155,2025_CK26,2025,1662.84,1292.4050000000161
9,Environment-only ExtraTrees,158,2025_L113,2025,0.0,1068.7008695652048
9,Environment-only ExtraTrees,161,2025_L123,2025,1340.64,1068.7008695652048
9,Environment-only ExtraTrees,163,2025_L212,2025,458.3,1068.7008695652048
9,Environment-only ExtraTrees,164,2025_L213,2025,110.0,1068.7008695652048
9,Environment-only ExtraTrees,165,2025_L214,2025,562.5,1068.7008695652048
9,Environment-only ExtraTrees,176,2025_L313,2025,840.0,1068.7008695652048
9,Environment-only ExtraTrees,178,2025_L322,2025,1370.88,1068.7008695652048
9,Environment-only ExtraTrees,181,2025_L412,2025,15.0,1068.7008695652048
9,Environment-only ExtraTrees,184,2025_L422,2025,1594.54,1068.7008695652048
9,Environment-only ExtraTrees,191,2025_L516,2025,105.0,1068.7008695652048
9,Environment-only ExtraTrees,198,2025_L611,2025,800.0,1068.7008695652048
9,Static Early Fusion ExtraTrees,8,2023_226,2023,760.8,1034.7172800000014
9,Static Early Fusion ExtraTrees,9,2023_321,2023,835.1,1061.2132000000013
9,Static Early Fusion ExtraTrees,10,2023_322,2023,821.0,992.3022733333321
9,Static Early Fusion ExtraTrees,12,2023_324,2023,1041.2,1107.4229333333337
9,Static Early Fusion ExtraTrees,31,2023_625,2023,1254.0,1169.3708666666666
9,Static Early Fusion ExtraTrees,33,2023_721,2023,1128.0,1066.3624833333326
9,Static Early Fusion ExtraTrees,35,2023_723,2023,1093.6,1103.1475833333322
9,Static Early Fusion ExtraTrees,37,2023_725,2023,1120.8,1044.9189000000013
9,Static Early Fusion ExtraTrees,40,2024_CK12,2024,166.65,689.1098733333337
9,Static Early Fusion ExtraTrees,42,2024_CK14,2024,820.0,495.76244333333347
9,Static Early Fusion ExtraTrees,53,2024_L113,2024,250.0,704.0220350000006
9,Static Early Fusion ExtraTrees,55,2024_L122,2024,361.5,601.1659750000007
9,Static Early Fusion ExtraTrees,57,2024_L211,2024,379.3,474.87852500000037
9,Static Early Fusion ExtraTrees,61,2024_L215,2024,740.0,670.2842716666673
9,Static Early Fusion ExtraTrees,76,2024_L412,2024,150.0,642.7718916666663
9,Static Early Fusion ExtraTrees,79,2024_L422,2024,797.27,581.4061049999993
9,Static Early Fusion ExtraTrees,82,2024_L512,2024,575.0,500.85825333333474
9,Static Early Fusion ExtraTrees,83,2024_L513,2024,646.25,217.04761166666694
9,Static Early Fusion ExtraTrees,85,2024_L515,2024,102.5,667.1730433333331
9,Static Early Fusion ExtraTrees,102,2024_L624,2024,565.25,456.7683524999997
9,Static Early Fusion ExtraTrees,107,2024_R116,2024,553.35,701.8527266666673
9,Static Early Fusion ExtraTrees,113,2024_R2112,2024,765.0,556.6210766666668
9,Static Early Fusion ExtraTrees,114,2024_R217,2024,847.9,510.1569199999995
9,Static Early Fusion ExtraTrees,116,2024_R219,2024,125.4,612.7456974999994
9,Static Early Fusion ExtraTrees,123,2024_R314,2024,112.5,710.6045149999993
9,Static Early Fusion ExtraTrees,125,2024_R316,2024,366.65,717.2837066666667
9,Static Early Fusion ExtraTrees,132,2024_R424,2024,612.48,586.8910116666673
9,Static Early Fusion ExtraTrees,140,2024_R529,2024,630.41,646.2428516666675
9,Static Early Fusion ExtraTrees,141,2024_R617,2024,1021.25,574.1827583333329
9,Static Early Fusion ExtraTrees,144,2024_R627,2024,613.97,710.8285850000011
9,Static Early Fusion ExtraTrees,155,2025_CK26,2025,1662.84,1230.435776666671
9,Static Early Fusion ExtraTrees,158,2025_L113,2025,0.0,1239.5607533333343
9,Static Early Fusion ExtraTrees,161,2025_L123,2025,1340.64,1153.039396666667
9,Static Early Fusion ExtraTrees,163,2025_L212,2025,458.3,1041.2887300000007
9,Static Early Fusion ExtraTrees,164,2025_L213,2025,110.0,1050.2086733333324
9,Static Early Fusion ExtraTrees,165,2025_L214,2025,562.5,911.8665100000003
9,Static Early Fusion ExtraTrees,176,2025_L313,2025,840.0,926.6201933333325
9,Static Early Fusion ExtraTrees,178,2025_L322,2025,1370.88,977.467526666666
9,Static Early Fusion ExtraTrees,181,2025_L412,2025,15.0,711.390833333333
9,Static Early Fusion ExtraTrees,184,2025_L422,2025,1594.54,1416.420580000001
9,Static Early Fusion ExtraTrees,191,2025_L516,2025,105.0,714.3940499999998
9,Static Early Fusion ExtraTrees,198,2025_L611,2025,800.0,989.3396433333327
9,Static Early Fusion XGBoost,8,2023_226,2023,760.8,930.5426025390625
9,Static Early Fusion XGBoost,9,2023_321,2023,835.1,1083.6541748046875
9,Static Early Fusion XGBoost,10,2023_322,2023,821.0,964.4822387695312
9,Static Early Fusion XGBoost,12,2023_324,2023,1041.2,1161.9454345703125
9,Static Early Fusion XGBoost,31,2023_625,2023,1254.0,1190.326171875
9,Static Early Fusion XGBoost,33,2023_721,2023,1128.0,1026.3839111328125
9,Static Early Fusion XGBoost,35,2023_723,2023,1093.6,1160.4954833984375
9,Static Early Fusion XGBoost,37,2023_725,2023,1120.8,1081.662353515625
9,Static Early Fusion XGBoost,40,2024_CK12,2024,166.65,690.3892822265625
9,Static Early Fusion XGBoost,42,2024_CK14,2024,820.0,465.685791015625
9,Static Early Fusion XGBoost,53,2024_L113,2024,250.0,681.6919555664062
9,Static Early Fusion XGBoost,55,2024_L122,2024,361.5,583.6630859375
9,Static Early Fusion XGBoost,57,2024_L211,2024,379.3,491.46466064453125
9,Static Early Fusion XGBoost,61,2024_L215,2024,740.0,832.4004516601562
9,Static Early Fusion XGBoost,76,2024_L412,2024,150.0,714.909423828125
9,Static Early Fusion XGBoost,79,2024_L422,2024,797.27,479.09246826171875
9,Static Early Fusion XGBoost,82,2024_L512,2024,575.0,314.99053955078125
9,Static Early Fusion XGBoost,83,2024_L513,2024,646.25,208.25424194335938
9,Static Early Fusion XGBoost,85,2024_L515,2024,102.5,703.4591674804688
9,Static Early Fusion XGBoost,102,2024_L624,2024,565.25,412.2008056640625
9,Static Early Fusion XGBoost,107,2024_R116,2024,553.35,833.2792358398438
9,Static Early Fusion XGBoost,113,2024_R2112,2024,765.0,570.5855712890625
9,Static Early Fusion XGBoost,114,2024_R217,2024,847.9,547.5625
9,Static Early Fusion XGBoost,116,2024_R219,2024,125.4,723.7598876953125
9,Static Early Fusion XGBoost,123,2024_R314,2024,112.5,696.3695068359375
9,Static Early Fusion XGBoost,125,2024_R316,2024,366.65,671.7506713867188
9,Static Early Fusion XGBoost,132,2024_R424,2024,612.48,533.7838134765625
9,Static Early Fusion XGBoost,140,2024_R529,2024,630.41,675.2445068359375
9,Static Early Fusion XGBoost,141,2024_R617,2024,1021.25,623.404052734375
9,Static Early Fusion XGBoost,144,2024_R627,2024,613.97,711.3511352539062
9,Static Early Fusion XGBoost,155,2025_CK26,2025,1662.84,1299.7227783203125
9,Static Early Fusion XGBoost,158,2025_L113,2025,0.0,1241.239013671875
9,Static Early Fusion XGBoost,161,2025_L123,2025,1340.64,1193.19921875
9,Static Early Fusion XGBoost,163,2025_L212,2025,458.3,1032.7261962890625
9,Static Early Fusion XGBoost,164,2025_L213,2025,110.0,894.213623046875
9,Static Early Fusion XGBoost,165,2025_L214,2025,562.5,857.1766967773438
9,Static Early Fusion XGBoost,176,2025_L313,2025,840.0,896.6844482421875
9,Static Early Fusion XGBoost,178,2025_L322,2025,1370.88,1131.5013427734375
9,Static Early Fusion XGBoost,181,2025_L412,2025,15.0,932.876953125
9,Static Early Fusion XGBoost,184,2025_L422,2025,1594.54,1526.924072265625
9,Static Early Fusion XGBoost,191,2025_L516,2025,105.0,699.2033081054688
9,Static Early Fusion XGBoost,198,2025_L611,2025,800.0,1112.09814453125
9,Static Early Fusion CatBoost,8,2023_226,2023,760.8,899.8076153268992
9,Static Early Fusion CatBoost,9,2023_321,2023,835.1,1015.8545438647101
9,Static Early Fusion CatBoost,10,2023_322,2023,821.0,960.3594746323301
9,Static Early Fusion CatBoost,12,2023_324,2023,1041.2,1115.2470013375757
9,Static Early Fusion CatBoost,31,2023_625,2023,1254.0,1186.116230575573
9,Static Early Fusion CatBoost,33,2023_721,2023,1128.0,1059.1572314725772
9,Static Early Fusion CatBoost,35,2023_723,2023,1093.6,1120.5376380287087
9,Static Early Fusion CatBoost,37,2023_725,2023,1120.8,1051.7316598452567
9,Static Early Fusion CatBoost,40,2024_CK12,2024,166.65,724.4931138325825
9,Static Early Fusion CatBoost,42,2024_CK14,2024,820.0,501.7892315859915
9,Static Early Fusion CatBoost,53,2024_L113,2024,250.0,688.6079105799992
9,Static Early Fusion CatBoost,55,2024_L122,2024,361.5,562.6471609715444
9,Static Early Fusion CatBoost,57,2024_L211,2024,379.3,569.6535859325568
9,Static Early Fusion CatBoost,61,2024_L215,2024,740.0,736.4812622170047
9,Static Early Fusion CatBoost,76,2024_L412,2024,150.0,665.9413666961132
9,Static Early Fusion CatBoost,79,2024_L422,2024,797.27,573.5351771349217
9,Static Early Fusion CatBoost,82,2024_L512,2024,575.0,455.51119890987917
9,Static Early Fusion CatBoost,83,2024_L513,2024,646.25,265.1642802078825
9,Static Early Fusion CatBoost,85,2024_L515,2024,102.5,663.4164890421514
9,Static Early Fusion CatBoost,102,2024_L624,2024,565.25,530.8656101845909
9,Static Early Fusion CatBoost,107,2024_R116,2024,553.35,710.7130460015321
9,Static Early Fusion CatBoost,113,2024_R2112,2024,765.0,586.1178267082074
9,Static Early Fusion CatBoost,114,2024_R217,2024,847.9,531.7430808424126
9,Static Early Fusion CatBoost,116,2024_R219,2024,125.4,668.0560241367681
9,Static Early Fusion CatBoost,123,2024_R314,2024,112.5,705.1223364071552
9,Static Early Fusion CatBoost,125,2024_R316,2024,366.65,685.3126740597186
9,Static Early Fusion CatBoost,132,2024_R424,2024,612.48,565.3986821275623
9,Static Early Fusion CatBoost,140,2024_R529,2024,630.41,694.0612565502256
9,Static Early Fusion CatBoost,141,2024_R617,2024,1021.25,547.1449452764255
9,Static Early Fusion CatBoost,144,2024_R627,2024,613.97,700.5399109390205
9,Static Early Fusion CatBoost,155,2025_CK26,2025,1662.84,1230.4043297368335
9,Static Early Fusion CatBoost,158,2025_L113,2025,0.0,1206.6643380668804
9,Static Early Fusion CatBoost,161,2025_L123,2025,1340.64,1208.6390912667666
9,Static Early Fusion CatBoost,163,2025_L212,2025,458.3,1145.7488110978002
9,Static Early Fusion CatBoost,164,2025_L213,2025,110.0,903.7118039811322
9,Static Early Fusion CatBoost,165,2025_L214,2025,562.5,859.8665038697457
9,Static Early Fusion CatBoost,176,2025_L313,2025,840.0,910.1168254269494
9,Static Early Fusion CatBoost,178,2025_L322,2025,1370.88,961.30489968433
9,Static Early Fusion CatBoost,181,2025_L412,2025,15.0,869.6145383317232
9,Static Early Fusion CatBoost,184,2025_L422,2025,1594.54,1485.5668763563347
9,Static Early Fusion CatBoost,191,2025_L516,2025,105.0,686.6209155902465
9,Static Early Fusion CatBoost,198,2025_L611,2025,800.0,1148.5130791639608
9,Static Early Fusion HistGB,8,2023_226,2023,760.8,948.9055604698042
9,Static Early Fusion HistGB,9,2023_321,2023,835.1,1054.1713182708513
9,Static Early Fusion HistGB,10,2023_322,2023,821.0,1014.2937522964164
9,Static Early Fusion HistGB,12,2023_324,2023,1041.2,1204.309785489173
9,Static Early Fusion HistGB,31,2023_625,2023,1254.0,1190.917374174168
9,Static Early Fusion HistGB,33,2023_721,2023,1128.0,1064.675448200086
9,Static Early Fusion HistGB,35,2023_723,2023,1093.6,1093.0109895088447
9,Static Early Fusion HistGB,37,2023_725,2023,1120.8,1123.716179135603
9,Static Early Fusion HistGB,40,2024_CK12,2024,166.65,702.4822875327354
9,Static Early Fusion HistGB,42,2024_CK14,2024,820.0,411.5276181071155
9,Static Early Fusion HistGB,53,2024_L113,2024,250.0,706.2822932589593
9,Static Early Fusion HistGB,55,2024_L122,2024,361.5,573.039299206215
9,Static Early Fusion HistGB,57,2024_L211,2024,379.3,501.92959381976766
9,Static Early Fusion HistGB,61,2024_L215,2024,740.0,725.3508518326121
9,Static Early Fusion HistGB,76,2024_L412,2024,150.0,612.9450903895291
9,Static Early Fusion HistGB,79,2024_L422,2024,797.27,532.634823311895
9,Static Early Fusion HistGB,82,2024_L512,2024,575.0,330.9973130423891
9,Static Early Fusion HistGB,83,2024_L513,2024,646.25,187.7782431690925
9,Static Early Fusion HistGB,85,2024_L515,2024,102.5,664.9636876782962
9,Static Early Fusion HistGB,102,2024_L624,2024,565.25,376.0023983172812
9,Static Early Fusion HistGB,107,2024_R116,2024,553.35,831.1606608684555
9,Static Early Fusion HistGB,113,2024_R2112,2024,765.0,622.7768850329643
9,Static Early Fusion HistGB,114,2024_R217,2024,847.9,535.0984436628662
9,Static Early Fusion HistGB,116,2024_R219,2024,125.4,693.4212583099363
9,Static Early Fusion HistGB,123,2024_R314,2024,112.5,765.2588791108659
9,Static Early Fusion HistGB,125,2024_R316,2024,366.65,821.531407721144
9,Static Early Fusion HistGB,132,2024_R424,2024,612.48,669.307410868519
9,Static Early Fusion HistGB,140,2024_R529,2024,630.41,843.678500962198
9,Static Early Fusion HistGB,141,2024_R617,2024,1021.25,516.8780706259096
9,Static Early Fusion HistGB,144,2024_R627,2024,613.97,742.8212929629773
9,Static Early Fusion HistGB,155,2025_CK26,2025,1662.84,1318.8606848350278
9,Static Early Fusion HistGB,158,2025_L113,2025,0.0,1336.504161438295
9,Static Early Fusion HistGB,161,2025_L123,2025,1340.64,1134.0667020014012
9,Static Early Fusion HistGB,163,2025_L212,2025,458.3,1052.0139657434115
9,Static Early Fusion HistGB,164,2025_L213,2025,110.0,963.167706894585
9,Static Early Fusion HistGB,165,2025_L214,2025,562.5,820.0176157257378
9,Static Early Fusion HistGB,176,2025_L313,2025,840.0,802.4260817102947
9,Static Early Fusion HistGB,178,2025_L322,2025,1370.88,1125.1667600369844
9,Static Early Fusion HistGB,181,2025_L412,2025,15.0,976.5143053466697
9,Static Early Fusion HistGB,184,2025_L422,2025,1594.54,1373.1119165815508
9,Static Early Fusion HistGB,191,2025_L516,2025,105.0,641.5698306374702
9,Static Early Fusion HistGB,198,2025_L611,2025,800.0,1181.8878528240177
9,Trajectory Fusion ExtraTrees,8,2023_226,2023,760.8,1040.7913066666658
9,Trajectory Fusion ExtraTrees,9,2023_321,2023,835.1,1054.5167333333338
9,Trajectory Fusion ExtraTrees,10,2023_322,2023,821.0,944.0039233333333
9,Trajectory Fusion ExtraTrees,12,2023_324,2023,1041.2,1084.9726299999995
9,Trajectory Fusion ExtraTrees,31,2023_625,2023,1254.0,1188.434333333332
9,Trajectory Fusion ExtraTrees,33,2023_721,2023,1128.0,1095.9959599999981
9,Trajectory Fusion ExtraTrees,35,2023_723,2023,1093.6,1094.7808433333335
9,Trajectory Fusion ExtraTrees,37,2023_725,2023,1120.8,1072.9575600000003
9,Trajectory Fusion ExtraTrees,40,2024_CK12,2024,166.65,658.6409366666674
9,Trajectory Fusion ExtraTrees,42,2024_CK14,2024,820.0,571.1982933333338
9,Trajectory Fusion ExtraTrees,53,2024_L113,2024,250.0,749.7643966666673
9,Trajectory Fusion ExtraTrees,55,2024_L122,2024,361.5,555.8280416666669
9,Trajectory Fusion ExtraTrees,57,2024_L211,2024,379.3,612.660146666667
9,Trajectory Fusion ExtraTrees,61,2024_L215,2024,740.0,674.5240300000011
9,Trajectory Fusion ExtraTrees,76,2024_L412,2024,150.0,624.6925616666672
9,Trajectory Fusion ExtraTrees,79,2024_L422,2024,797.27,723.0792166666661
9,Trajectory Fusion ExtraTrees,82,2024_L512,2024,575.0,216.09651500000064
9,Trajectory Fusion ExtraTrees,83,2024_L513,2024,646.25,230.81109000000058
9,Trajectory Fusion ExtraTrees,85,2024_L515,2024,102.5,694.4177533333334
9,Trajectory Fusion ExtraTrees,102,2024_L624,2024,565.25,543.2822966666666
9,Trajectory Fusion ExtraTrees,107,2024_R116,2024,553.35,581.0826350000003
9,Trajectory Fusion ExtraTrees,113,2024_R2112,2024,765.0,572.221993333333
9,Trajectory Fusion ExtraTrees,114,2024_R217,2024,847.9,544.4932750000008
9,Trajectory Fusion ExtraTrees,116,2024_R219,2024,125.4,516.1831433333334
9,Trajectory Fusion ExtraTrees,123,2024_R314,2024,112.5,715.5123183333337
9,Trajectory Fusion ExtraTrees,125,2024_R316,2024,366.65,663.7848850000005
9,Trajectory Fusion ExtraTrees,132,2024_R424,2024,612.48,542.321691666667
9,Trajectory Fusion ExtraTrees,140,2024_R529,2024,630.41,614.848871666667
9,Trajectory Fusion ExtraTrees,141,2024_R617,2024,1021.25,624.2742166666669
9,Trajectory Fusion ExtraTrees,144,2024_R627,2024,613.97,573.7814800000007
9,Trajectory Fusion ExtraTrees,155,2025_CK26,2025,1662.84,1248.6493933333415
9,Trajectory Fusion ExtraTrees,158,2025_L113,2025,0.0,1008.606858333333
9,Trajectory Fusion ExtraTrees,161,2025_L123,2025,1340.64,1015.4480666666673
9,Trajectory Fusion ExtraTrees,163,2025_L212,2025,458.3,1101.929155000001
9,Trajectory Fusion ExtraTrees,164,2025_L213,2025,110.0,1249.7322833333328
9,Trajectory Fusion ExtraTrees,165,2025_L214,2025,562.5,800.8741799999998
9,Trajectory Fusion ExtraTrees,176,2025_L313,2025,840.0,1067.8415699999998
9,Trajectory Fusion ExtraTrees,178,2025_L322,2025,1370.88,1108.706670000002
9,Trajectory Fusion ExtraTrees,181,2025_L412,2025,15.0,1058.7693283333342
9,Trajectory Fusion ExtraTrees,184,2025_L422,2025,1594.54,1241.434420000002
9,Trajectory Fusion ExtraTrees,191,2025_L516,2025,105.0,484.16884999999945
9,Trajectory Fusion ExtraTrees,198,2025_L611,2025,800.0,1108.1612233333328
9,CMGT-DINO,8,2023_226,2023,760.8,1053.3884585010835
9,CMGT-DINO,9,2023_321,2023,835.1,1070.8734185825465
9,CMGT-DINO,10,2023_322,2023,821.0,949.3641421693567
9,CMGT-DINO,12,2023_324,2023,1041.2,1085.6806471823588
9,CMGT-DINO,31,2023_625,2023,1254.0,1186.9197180684735
9,CMGT-DINO,33,2023_721,2023,1128.0,1100.4215576522222
9,CMGT-DINO,35,2023_723,2023,1093.6,1094.9203979652584
9,CMGT-DINO,37,2023_725,2023,1120.8,1060.065944272893
9,CMGT-DINO,40,2024_CK12,2024,166.65,664.1229774291808
9,CMGT-DINO,42,2024_CK14,2024,820.0,557.9261782279109
9,CMGT-DINO,53,2024_L113,2024,250.0,690.9616666051887
9,CMGT-DINO,55,2024_L122,2024,361.5,597.4478160810688
9,CMGT-DINO,57,2024_L211,2024,379.3,587.3967775250967
9,CMGT-DINO,61,2024_L215,2024,740.0,709.7241543303503
9,CMGT-DINO,76,2024_L412,2024,150.0,608.1827361236847
9,CMGT-DINO,79,2024_L422,2024,797.27,732.3531164838978
9,CMGT-DINO,82,2024_L512,2024,575.0,291.7478775374934
9,CMGT-DINO,83,2024_L513,2024,646.25,383.92298315885273
9,CMGT-DINO,85,2024_L515,2024,102.5,759.8001270654424
9,CMGT-DINO,102,2024_L624,2024,565.25,544.8329323211549
9,CMGT-DINO,107,2024_R116,2024,553.35,588.992072018137
9,CMGT-DINO,113,2024_R2112,2024,765.0,642.921712786818
9,CMGT-DINO,114,2024_R217,2024,847.9,530.2864731609384
9,CMGT-DINO,116,2024_R219,2024,125.4,556.3654370999708
9,CMGT-DINO,123,2024_R314,2024,112.5,717.067657659033
9,CMGT-DINO,125,2024_R316,2024,366.65,703.696061194987
9,CMGT-DINO,132,2024_R424,2024,612.48,577.1982387523874
9,CMGT-DINO,140,2024_R529,2024,630.41,580.0588578824751
9,CMGT-DINO,141,2024_R617,2024,1021.25,640.0978966472192
9,CMGT-DINO,144,2024_R627,2024,613.97,592.7180705384569
9,CMGT-DINO,155,2025_CK26,2025,1662.84,1181.6345012267573
9,CMGT-DINO,158,2025_L113,2025,0.0,959.3578183675693
9,CMGT-DINO,161,2025_L123,2025,1340.64,1188.6869617205068
9,CMGT-DINO,163,2025_L212,2025,458.3,977.2004279255468
9,CMGT-DINO,164,2025_L213,2025,110.0,1275.0790587101214
9,CMGT-DINO,165,2025_L214,2025,562.5,913.0750294064838
9,CMGT-DINO,176,2025_L313,2025,840.0,1001.258324658359
9,CMGT-DINO,178,2025_L322,2025,1370.88,1010.9106289336034
9,CMGT-DINO,181,2025_L412,2025,15.0,863.0726792953769
9,CMGT-DINO,184,2025_L422,2025,1594.54,1263.1990197849561
9,CMGT-DINO,191,2025_L516,2025,105.0,466.9808232382757
9,CMGT-DINO,198,2025_L611,2025,800.0,1077.752093325818
10,DINOv3 Static Image ExtraTrees,0,2023_121,2023,910.0,929.320000000006
10,DINOv3 Static Image ExtraTrees,8,2023_226,2023,760.8,926.8667333333411
10,DINOv3 Static Image ExtraTrees,16,2023_422,2023,1093.4,1022.8044750000087
10,DINOv3 Static Image ExtraTrees,19,2023_522,2023,991.4,1022.8044750000087
10,DINOv3 Static Image ExtraTrees,20,2023_523,2023,1078.2,1022.8044750000087
10,DINOv3 Static Image ExtraTrees,30,2023_624,2023,1096.5,1286.3003199999966
10,DINOv3 Static Image ExtraTrees,34,2023_722,2023,1065.6,1092.8332098421506
10,DINOv3 Static Image ExtraTrees,37,2023_725,2023,1120.8,1076.5274666666662
10,DINOv3 Static Image ExtraTrees,40,2024_CK12,2024,166.65,634.6306544444441
10,DINOv3 Static Image ExtraTrees,42,2024_CK14,2024,820.0,517.8775000000019
10,DINOv3 Static Image ExtraTrees,45,2024_CK21,2024,706.2,634.6306544444441
10,DINOv3 Static Image ExtraTrees,46,2024_CK22,2024,719.1,634.6306544444441
10,DINOv3 Static Image ExtraTrees,50,2024_CK26,2024,831.42,517.8775000000019
10,DINOv3 Static Image ExtraTrees,57,2024_L211,2024,379.3,452.77499999999617
10,DINOv3 Static Image ExtraTrees,60,2024_L214,2024,881.25,691.7094999999975
10,DINOv3 Static Image ExtraTrees,61,2024_L215,2024,740.0,691.7094999999975
10,DINOv3 Static Image ExtraTrees,63,2024_L221,2024,701.68,452.77499999999617
10,DINOv3 Static Image ExtraTrees,82,2024_L512,2024,575.0,289.21555555555494
10,DINOv3 Static Image ExtraTrees,84,2024_L514,2024,825.0,515.3140000000058
10,DINOv3 Static Image ExtraTrees,87,2024_L521,2024,143.1,289.21555555555494
10,DINOv3 Static Image ExtraTrees,89,2024_L523,2024,692.16,289.21555555555494
10,DINOv3 Static Image ExtraTrees,90,2024_L524,2024,283.125,515.3140000000058
10,DINOv3 Static Image ExtraTrees,110,2024_R126,2024,653.1,590.225555555551
10,DINOv3 Static Image ExtraTrees,119,2024_R2212,2024,649.35,558.8765000000063
10,DINOv3 Static Image ExtraTrees,121,2024_R228,2024,462.77,590.225555555551
10,DINOv3 Static Image ExtraTrees,122,2024_R229,2024,476.055,590.225555555551
10,DINOv3 Static Image ExtraTrees,125,2024_R316,2024,366.65,558.8765000000063
10,DINOv3 Static Image ExtraTrees,138,2024_R527,2024,487.49,692.7470720000027
10,DINOv3 Static Image ExtraTrees,141,2024_R617,2024,1021.25,692.7470720000027
10,DINOv3 Static Image ExtraTrees,143,2024_R619,2024,75.0,692.7470720000027
10,DINOv3 Static Image ExtraTrees,156,2025_L111,2025,1081.7,815.2700000000037
10,DINOv3 Static Image ExtraTrees,159,2025_L121,2025,1367.3,815.2700000000037
10,DINOv3 Static Image ExtraTrees,161,2025_L123,2025,1340.64,815.2700000000037
10,DINOv3 Static Image ExtraTrees,162,2025_L211,2025,758.6,815.2700000000037
10,DINOv3 Static Image ExtraTrees,164,2025_L213,2025,110.0,815.2700000000037
10,DINOv3 Static Image ExtraTrees,169,2025_L222,2025,1425.6,815.2700000000037
10,DINOv3 Static Image ExtraTrees,173,2025_L226,2025,1374.25,931.3030385454596
10,DINOv3 Static Image ExtraTrees,174,2025_L311,2025,410.0,931.3030385454596
10,DINOv3 Static Image ExtraTrees,190,2025_L515,2025,205.0,1016.3210625000036
10,DINOv3 Static Image ExtraTrees,194,2025_L523,2025,1384.32,952.9079999999966
10,DINOv3 Static Image ExtraTrees,198,2025_L611,2025,800.0,952.9079999999966
10,DINOv3 Static Image ExtraTrees,202,2025_L615,2025,933.0,1016.3210625000036
10,Phenotype-only ExtraTrees,0,2023_121,2023,910.0,915.030478095238
10,Phenotype-only ExtraTrees,8,2023_226,2023,760.8,965.9302730952375
10,Phenotype-only ExtraTrees,16,2023_422,2023,1093.4,1089.599544761904
10,Phenotype-only ExtraTrees,19,2023_522,2023,991.4,1038.7721116666667
10,Phenotype-only ExtraTrees,20,2023_523,2023,1078.2,1019.0239364285713
10,Phenotype-only ExtraTrees,30,2023_624,2023,1096.5,1102.219170952379
10,Phenotype-only ExtraTrees,34,2023_722,2023,1065.6,1102.9798219047632
10,Phenotype-only ExtraTrees,37,2023_725,2023,1120.8,1051.4157714285716
10,Phenotype-only ExtraTrees,40,2024_CK12,2024,166.65,551.6678766666662
10,Phenotype-only ExtraTrees,42,2024_CK14,2024,820.0,543.3707047619047
10,Phenotype-only ExtraTrees,45,2024_CK21,2024,706.2,569.8232516666667
10,Phenotype-only ExtraTrees,46,2024_CK22,2024,719.1,607.5842783333339
10,Phenotype-only ExtraTrees,50,2024_CK26,2024,831.42,642.6964333333327
10,Phenotype-only ExtraTrees,57,2024_L211,2024,379.3,604.520903690476
10,Phenotype-only ExtraTrees,60,2024_L214,2024,881.25,720.1488785714291
10,Phenotype-only ExtraTrees,61,2024_L215,2024,740.0,608.7480283333334
10,Phenotype-only ExtraTrees,63,2024_L221,2024,701.68,860.9074383333332
10,Phenotype-only ExtraTrees,82,2024_L512,2024,575.0,651.6569523809524
10,Phenotype-only ExtraTrees,84,2024_L514,2024,825.0,601.5066133333335
10,Phenotype-only ExtraTrees,87,2024_L521,2024,143.1,680.5895875000003
10,Phenotype-only ExtraTrees,89,2024_L523,2024,692.16,813.6712533333326
10,Phenotype-only ExtraTrees,90,2024_L524,2024,283.125,661.1789683333336
10,Phenotype-only ExtraTrees,110,2024_R126,2024,653.1,591.3165474999995
10,Phenotype-only ExtraTrees,119,2024_R2212,2024,649.35,731.568345
10,Phenotype-only ExtraTrees,121,2024_R228,2024,462.77,573.067867976191
10,Phenotype-only ExtraTrees,122,2024_R229,2024,476.055,644.5031283333334
10,Phenotype-only ExtraTrees,125,2024_R316,2024,366.65,600.8949983333331
10,Phenotype-only ExtraTrees,138,2024_R527,2024,487.49,570.6162916666665
10,Phenotype-only ExtraTrees,141,2024_R617,2024,1021.25,608.7687190476183
10,Phenotype-only ExtraTrees,143,2024_R619,2024,75.0,635.344108333333
10,Phenotype-only ExtraTrees,156,2025_L111,2025,1081.7,1159.9522376190484
10,Phenotype-only ExtraTrees,159,2025_L121,2025,1367.3,710.6477699999998
10,Phenotype-only ExtraTrees,161,2025_L123,2025,1340.64,840.3001483333335
10,Phenotype-only ExtraTrees,162,2025_L211,2025,758.6,830.4937071428561
10,Phenotype-only ExtraTrees,164,2025_L213,2025,110.0,990.1429366666664
10,Phenotype-only ExtraTrees,169,2025_L222,2025,1425.6,977.7575783333345
10,Phenotype-only ExtraTrees,173,2025_L226,2025,1374.25,1219.051193333332
10,Phenotype-only ExtraTrees,174,2025_L311,2025,410.0,750.5155004761901
10,Phenotype-only ExtraTrees,190,2025_L515,2025,205.0,650.0858292857135
10,Phenotype-only ExtraTrees,194,2025_L523,2025,1384.32,1104.7397650000005
10,Phenotype-only ExtraTrees,198,2025_L611,2025,800.0,1103.7487933333343
10,Phenotype-only ExtraTrees,202,2025_L615,2025,933.0,689.9369052380949
10,Environment-only ExtraTrees,0,2023_121,2023,910.0,1072.275161290312
10,Environment-only ExtraTrees,8,2023_226,2023,760.8,1072.275161290312
10,Environment-only ExtraTrees,16,2023_422,2023,1093.4,1072.275161290312
10,Environment-only ExtraTrees,19,2023_522,2023,991.4,1072.275161290312
10,Environment-only ExtraTrees,20,2023_523,2023,1078.2,1072.275161290312
10,Environment-only ExtraTrees,30,2023_624,2023,1096.5,1072.275161290312
10,Environment-only ExtraTrees,34,2023_722,2023,1065.6,1072.275161290312
10,Environment-only ExtraTrees,37,2023_725,2023,1120.8,1072.275161290312
10,Environment-only ExtraTrees,40,2024_CK12,2024,166.65,549.1200581395316
10,Environment-only ExtraTrees,42,2024_CK14,2024,820.0,549.1200581395316
10,Environment-only ExtraTrees,45,2024_CK21,2024,706.2,549.1200581395316
10,Environment-only ExtraTrees,46,2024_CK22,2024,719.1,549.1200581395316
10,Environment-only ExtraTrees,50,2024_CK26,2024,831.42,549.1200581395316
10,Environment-only ExtraTrees,57,2024_L211,2024,379.3,549.1200581395316
10,Environment-only ExtraTrees,60,2024_L214,2024,881.25,549.1200581395316
10,Environment-only ExtraTrees,61,2024_L215,2024,740.0,549.1200581395316
10,Environment-only ExtraTrees,63,2024_L221,2024,701.68,549.1200581395316
10,Environment-only ExtraTrees,82,2024_L512,2024,575.0,549.1200581395316
10,Environment-only ExtraTrees,84,2024_L514,2024,825.0,549.1200581395316
10,Environment-only ExtraTrees,87,2024_L521,2024,143.1,549.1200581395316
10,Environment-only ExtraTrees,89,2024_L523,2024,692.16,549.1200581395316
10,Environment-only ExtraTrees,90,2024_L524,2024,283.125,549.1200581395316
10,Environment-only ExtraTrees,110,2024_R126,2024,653.1,549.1200581395316
10,Environment-only ExtraTrees,119,2024_R2212,2024,649.35,549.1200581395316
10,Environment-only ExtraTrees,121,2024_R228,2024,462.77,549.1200581395316
10,Environment-only ExtraTrees,122,2024_R229,2024,476.055,549.1200581395316
10,Environment-only ExtraTrees,125,2024_R316,2024,366.65,549.1200581395316
10,Environment-only ExtraTrees,138,2024_R527,2024,487.49,549.1200581395316
10,Environment-only ExtraTrees,141,2024_R617,2024,1021.25,549.1200581395316
10,Environment-only ExtraTrees,143,2024_R619,2024,75.0,549.1200581395316
10,Environment-only ExtraTrees,156,2025_L111,2025,1081.7,1003.7042222222119
10,Environment-only ExtraTrees,159,2025_L121,2025,1367.3,1003.7042222222119
10,Environment-only ExtraTrees,161,2025_L123,2025,1340.64,1003.7042222222119
10,Environment-only ExtraTrees,162,2025_L211,2025,758.6,1003.7042222222119
10,Environment-only ExtraTrees,164,2025_L213,2025,110.0,1003.7042222222119
10,Environment-only ExtraTrees,169,2025_L222,2025,1425.6,1003.7042222222119
10,Environment-only ExtraTrees,173,2025_L226,2025,1374.25,1003.7042222222119
10,Environment-only ExtraTrees,174,2025_L311,2025,410.0,1003.7042222222119
10,Environment-only ExtraTrees,190,2025_L515,2025,205.0,1003.7042222222119
10,Environment-only ExtraTrees,194,2025_L523,2025,1384.32,1003.7042222222119
10,Environment-only ExtraTrees,198,2025_L611,2025,800.0,1003.7042222222119
10,Environment-only ExtraTrees,202,2025_L615,2025,933.0,1003.7042222222119
10,Static Early Fusion ExtraTrees,0,2023_121,2023,910.0,917.9754500000008
10,Static Early Fusion ExtraTrees,8,2023_226,2023,760.8,1024.358116666667
10,Static Early Fusion ExtraTrees,16,2023_422,2023,1093.4,1000.1797800000011
10,Static Early Fusion ExtraTrees,19,2023_522,2023,991.4,1031.3429933333357
10,Static Early Fusion ExtraTrees,20,2023_523,2023,1078.2,1015.9880833333343
10,Static Early Fusion ExtraTrees,30,2023_624,2023,1096.5,1259.2563033333327
10,Static Early Fusion ExtraTrees,34,2023_722,2023,1065.6,1111.363259999999
10,Static Early Fusion ExtraTrees,37,2023_725,2023,1120.8,1020.0729699999987
10,Static Early Fusion ExtraTrees,40,2024_CK12,2024,166.65,714.5609233333325
10,Static Early Fusion ExtraTrees,42,2024_CK14,2024,820.0,459.5817916666665
10,Static Early Fusion ExtraTrees,45,2024_CK21,2024,706.2,560.9179333333342
10,Static Early Fusion ExtraTrees,46,2024_CK22,2024,719.1,463.70143666666723
10,Static Early Fusion ExtraTrees,50,2024_CK26,2024,831.42,470.591675
10,Static Early Fusion ExtraTrees,57,2024_L211,2024,379.3,524.1343503333334
10,Static Early Fusion ExtraTrees,60,2024_L214,2024,881.25,675.8910150000008
10,Static Early Fusion ExtraTrees,61,2024_L215,2024,740.0,643.4211533333331
10,Static Early Fusion ExtraTrees,63,2024_L221,2024,701.68,541.4842849999997
10,Static Early Fusion ExtraTrees,82,2024_L512,2024,575.0,546.4635366666652
10,Static Early Fusion ExtraTrees,84,2024_L514,2024,825.0,500.19530333333324
10,Static Early Fusion ExtraTrees,87,2024_L521,2024,143.1,375.7281416666665
10,Static Early Fusion ExtraTrees,89,2024_L523,2024,692.16,380.15111866666655
10,Static Early Fusion ExtraTrees,90,2024_L524,2024,283.125,457.9353283333334
10,Static Early Fusion ExtraTrees,110,2024_R126,2024,653.1,643.7485283333336
10,Static Early Fusion ExtraTrees,119,2024_R2212,2024,649.35,570.5504166666667
10,Static Early Fusion ExtraTrees,121,2024_R228,2024,462.77,536.0510883333333
10,Static Early Fusion ExtraTrees,122,2024_R229,2024,476.055,574.9256383333334
10,Static Early Fusion ExtraTrees,125,2024_R316,2024,366.65,504.2450449999999
10,Static Early Fusion ExtraTrees,138,2024_R527,2024,487.49,677.7792333333335
10,Static Early Fusion ExtraTrees,141,2024_R617,2024,1021.25,677.1556166666666
10,Static Early Fusion ExtraTrees,143,2024_R619,2024,75.0,677.366931666667
10,Static Early Fusion ExtraTrees,156,2025_L111,2025,1081.7,951.2346366666666
10,Static Early Fusion ExtraTrees,159,2025_L121,2025,1367.3,733.8263399999997
10,Static Early Fusion ExtraTrees,161,2025_L123,2025,1340.64,872.194483333333
10,Static Early Fusion ExtraTrees,162,2025_L211,2025,758.6,840.234323333333
10,Static Early Fusion ExtraTrees,164,2025_L213,2025,110.0,954.7098833333324
10,Static Early Fusion ExtraTrees,169,2025_L222,2025,1425.6,1150.0286866666672
10,Static Early Fusion ExtraTrees,173,2025_L226,2025,1374.25,950.4412266666662
10,Static Early Fusion ExtraTrees,174,2025_L311,2025,410.0,994.3600800000006
10,Static Early Fusion ExtraTrees,190,2025_L515,2025,205.0,712.0427499999992
10,Static Early Fusion ExtraTrees,194,2025_L523,2025,1384.32,1041.18515
10,Static Early Fusion ExtraTrees,198,2025_L611,2025,800.0,947.1919933333335
10,Static Early Fusion ExtraTrees,202,2025_L615,2025,933.0,1039.8540133333333
10,Static Early Fusion XGBoost,0,2023_121,2023,910.0,896.3803100585938
10,Static Early Fusion XGBoost,8,2023_226,2023,760.8,1071.509521484375
10,Static Early Fusion XGBoost,16,2023_422,2023,1093.4,974.602783203125
10,Static Early Fusion XGBoost,19,2023_522,2023,991.4,962.0621948242188
10,Static Early Fusion XGBoost,20,2023_523,2023,1078.2,854.880126953125
10,Static Early Fusion XGBoost,30,2023_624,2023,1096.5,1079.55419921875
10,Static Early Fusion XGBoost,34,2023_722,2023,1065.6,1179.7420654296875
10,Static Early Fusion XGBoost,37,2023_725,2023,1120.8,966.6309814453125
10,Static Early Fusion XGBoost,40,2024_CK12,2024,166.65,635.11083984375
10,Static Early Fusion XGBoost,42,2024_CK14,2024,820.0,533.5540161132812
10,Static Early Fusion XGBoost,45,2024_CK21,2024,706.2,550.5060424804688
10,Static Early Fusion XGBoost,46,2024_CK22,2024,719.1,540.5205688476562
10,Static Early Fusion XGBoost,50,2024_CK26,2024,831.42,288.5094299316406
10,Static Early Fusion XGBoost,57,2024_L211,2024,379.3,543.470703125
10,Static Early Fusion XGBoost,60,2024_L214,2024,881.25,757.5656127929688
10,Static Early Fusion XGBoost,61,2024_L215,2024,740.0,568.581787109375
10,Static Early Fusion XGBoost,63,2024_L221,2024,701.68,578.8040771484375
10,Static Early Fusion XGBoost,82,2024_L512,2024,575.0,463.4728698730469
10,Static Early Fusion XGBoost,84,2024_L514,2024,825.0,501.4776306152344
10,Static Early Fusion XGBoost,87,2024_L521,2024,143.1,481.98577880859375
10,Static Early Fusion XGBoost,89,2024_L523,2024,692.16,428.4556884765625
10,Static Early Fusion XGBoost,90,2024_L524,2024,283.125,359.1659851074219
10,Static Early Fusion XGBoost,110,2024_R126,2024,653.1,574.4545288085938
10,Static Early Fusion XGBoost,119,2024_R2212,2024,649.35,591.9008178710938
10,Static Early Fusion XGBoost,121,2024_R228,2024,462.77,613.65185546875
10,Static Early Fusion XGBoost,122,2024_R229,2024,476.055,570.3114624023438
10,Static Early Fusion XGBoost,125,2024_R316,2024,366.65,521.5462646484375
10,Static Early Fusion XGBoost,138,2024_R527,2024,487.49,707.1717529296875
10,Static Early Fusion XGBoost,141,2024_R617,2024,1021.25,613.8740844726562
10,Static Early Fusion XGBoost,143,2024_R619,2024,75.0,698.8753051757812
10,Static Early Fusion XGBoost,156,2025_L111,2025,1081.7,1163.238037109375
10,Static Early Fusion XGBoost,159,2025_L121,2025,1367.3,543.01953125
10,Static Early Fusion XGBoost,161,2025_L123,2025,1340.64,974.8026123046875
10,Static Early Fusion XGBoost,162,2025_L211,2025,758.6,903.7601318359375
10,Static Early Fusion XGBoost,164,2025_L213,2025,110.0,872.5220336914062
10,Static Early Fusion XGBoost,169,2025_L222,2025,1425.6,932.2429809570312
10,Static Early Fusion XGBoost,173,2025_L226,2025,1374.25,1210.2861328125
10,Static Early Fusion XGBoost,174,2025_L311,2025,410.0,923.0596923828125
10,Static Early Fusion XGBoost,190,2025_L515,2025,205.0,624.3905029296875
10,Static Early Fusion XGBoost,194,2025_L523,2025,1384.32,1237.5938720703125
10,Static Early Fusion XGBoost,198,2025_L611,2025,800.0,1261.2183837890625
10,Static Early Fusion XGBoost,202,2025_L615,2025,933.0,1132.00537109375
10,Static Early Fusion CatBoost,0,2023_121,2023,910.0,930.5995214251061
10,Static Early Fusion CatBoost,8,2023_226,2023,760.8,1040.4476193584492
10,Static Early Fusion CatBoost,16,2023_422,2023,1093.4,1043.1884636623818
10,Static Early Fusion CatBoost,19,2023_522,2023,991.4,1031.0280648243763
10,Static Early Fusion CatBoost,20,2023_523,2023,1078.2,943.4378432051423
10,Static Early Fusion CatBoost,30,2023_624,2023,1096.5,1229.338916756403
10,Static Early Fusion CatBoost,34,2023_722,2023,1065.6,1100.960180315874
10,Static Early Fusion CatBoost,37,2023_725,2023,1120.8,966.5381383653572
10,Static Early Fusion CatBoost,40,2024_CK12,2024,166.65,641.5002899019285
10,Static Early Fusion CatBoost,42,2024_CK14,2024,820.0,532.5312501578109
10,Static Early Fusion CatBoost,45,2024_CK21,2024,706.2,478.62063897922496
10,Static Early Fusion CatBoost,46,2024_CK22,2024,719.1,453.80342962462026
10,Static Early Fusion CatBoost,50,2024_CK26,2024,831.42,501.81485928540536
10,Static Early Fusion CatBoost,57,2024_L211,2024,379.3,478.6462661326478
10,Static Early Fusion CatBoost,60,2024_L214,2024,881.25,698.7233669990255
10,Static Early Fusion CatBoost,61,2024_L215,2024,740.0,616.3116887081592
10,Static Early Fusion CatBoost,63,2024_L221,2024,701.68,633.0420293718773
10,Static Early Fusion CatBoost,82,2024_L512,2024,575.0,508.1866542655376
10,Static Early Fusion CatBoost,84,2024_L514,2024,825.0,520.5018883647942
10,Static Early Fusion CatBoost,87,2024_L521,2024,143.1,568.1029230216113
10,Static Early Fusion CatBoost,89,2024_L523,2024,692.16,491.4072168512228
10,Static Early Fusion CatBoost,90,2024_L524,2024,283.125,375.71515046056373
10,Static Early Fusion CatBoost,110,2024_R126,2024,653.1,668.7093855100288
10,Static Early Fusion CatBoost,119,2024_R2212,2024,649.35,549.7155816294126
10,Static Early Fusion CatBoost,121,2024_R228,2024,462.77,595.6833882743019
10,Static Early Fusion CatBoost,122,2024_R229,2024,476.055,432.1276283859799
10,Static Early Fusion CatBoost,125,2024_R316,2024,366.65,527.6310497778172
10,Static Early Fusion CatBoost,138,2024_R527,2024,487.49,598.4174915607325
10,Static Early Fusion CatBoost,141,2024_R617,2024,1021.25,626.5493423266017
10,Static Early Fusion CatBoost,143,2024_R619,2024,75.0,552.177254548802
10,Static Early Fusion CatBoost,156,2025_L111,2025,1081.7,1015.7219649471225
10,Static Early Fusion CatBoost,159,2025_L121,2025,1367.3,592.9881714931153
10,Static Early Fusion CatBoost,161,2025_L123,2025,1340.64,1081.5703871174321
10,Static Early Fusion CatBoost,162,2025_L211,2025,758.6,989.772642327919
10,Static Early Fusion CatBoost,164,2025_L213,2025,110.0,1064.3587197085285
10,Static Early Fusion CatBoost,169,2025_L222,2025,1425.6,1150.5860005251582
10,Static Early Fusion CatBoost,173,2025_L226,2025,1374.25,1136.5504094067692
10,Static Early Fusion CatBoost,174,2025_L311,2025,410.0,1025.6506802476533
10,Static Early Fusion CatBoost,190,2025_L515,2025,205.0,614.5799278183322
10,Static Early Fusion CatBoost,194,2025_L523,2025,1384.32,1161.182572123757
10,Static Early Fusion CatBoost,198,2025_L611,2025,800.0,1126.6948929002674
10,Static Early Fusion CatBoost,202,2025_L615,2025,933.0,1057.7099854134376
10,Static Early Fusion HistGB,0,2023_121,2023,910.0,924.9893327009291
10,Static Early Fusion HistGB,8,2023_226,2023,760.8,947.4550318058662
10,Static Early Fusion HistGB,16,2023_422,2023,1093.4,1102.7059811210506
10,Static Early Fusion HistGB,19,2023_522,2023,991.4,1025.547237705473
10,Static Early Fusion HistGB,20,2023_523,2023,1078.2,929.7647675886682
10,Static Early Fusion HistGB,30,2023_624,2023,1096.5,1231.0209360338495
10,Static Early Fusion HistGB,34,2023_722,2023,1065.6,1191.7995105209932
10,Static Early Fusion HistGB,37,2023_725,2023,1120.8,1052.6097848549387
10,Static Early Fusion HistGB,40,2024_CK12,2024,166.65,694.7191744836077
10,Static Early Fusion HistGB,42,2024_CK14,2024,820.0,403.622620321347
10,Static Early Fusion HistGB,45,2024_CK21,2024,706.2,497.5778659741291
10,Static Early Fusion HistGB,46,2024_CK22,2024,719.1,417.4337431988459
10,Static Early Fusion HistGB,50,2024_CK26,2024,831.42,332.87488639035683
10,Static Early Fusion HistGB,57,2024_L211,2024,379.3,555.5075829748944
10,Static Early Fusion HistGB,60,2024_L214,2024,881.25,752.8785322073853
10,Static Early Fusion HistGB,61,2024_L215,2024,740.0,449.00301576974067
10,Static Early Fusion HistGB,63,2024_L221,2024,701.68,425.9616214731508
10,Static Early Fusion HistGB,82,2024_L512,2024,575.0,552.8191858785727
10,Static Early Fusion HistGB,84,2024_L514,2024,825.0,498.65500709701416
10,Static Early Fusion HistGB,87,2024_L521,2024,143.1,501.6057851406492
10,Static Early Fusion HistGB,89,2024_L523,2024,692.16,340.1668699135772
10,Static Early Fusion HistGB,90,2024_L524,2024,283.125,359.75075343383196
10,Static Early Fusion HistGB,110,2024_R126,2024,653.1,629.1389829655635
10,Static Early Fusion HistGB,119,2024_R2212,2024,649.35,612.4681360902212
10,Static Early Fusion HistGB,121,2024_R228,2024,462.77,618.7061783385544
10,Static Early Fusion HistGB,122,2024_R229,2024,476.055,651.9412620793628
10,Static Early Fusion HistGB,125,2024_R316,2024,366.65,607.3382306846345
10,Static Early Fusion HistGB,138,2024_R527,2024,487.49,550.9904331987905
10,Static Early Fusion HistGB,141,2024_R617,2024,1021.25,647.327809255449
10,Static Early Fusion HistGB,143,2024_R619,2024,75.0,694.5915170028094
10,Static Early Fusion HistGB,156,2025_L111,2025,1081.7,1362.1516114410613
10,Static Early Fusion HistGB,159,2025_L121,2025,1367.3,502.0318056338607
10,Static Early Fusion HistGB,161,2025_L123,2025,1340.64,868.0913111459282
10,Static Early Fusion HistGB,162,2025_L211,2025,758.6,1039.6399470058589
10,Static Early Fusion HistGB,164,2025_L213,2025,110.0,1097.1602344038533
10,Static Early Fusion HistGB,169,2025_L222,2025,1425.6,1010.4460379804528
10,Static Early Fusion HistGB,173,2025_L226,2025,1374.25,1270.5806096358854
10,Static Early Fusion HistGB,174,2025_L311,2025,410.0,1087.9645539848589
10,Static Early Fusion HistGB,190,2025_L515,2025,205.0,558.1871553669272
10,Static Early Fusion HistGB,194,2025_L523,2025,1384.32,1329.0096195844865
10,Static Early Fusion HistGB,198,2025_L611,2025,800.0,1370.2257359607556
10,Static Early Fusion HistGB,202,2025_L615,2025,933.0,1232.7780590586447
10,Trajectory Fusion ExtraTrees,0,2023_121,2023,910.0,962.1641666666673
10,Trajectory Fusion ExtraTrees,8,2023_226,2023,760.8,994.1483933333351
10,Trajectory Fusion ExtraTrees,16,2023_422,2023,1093.4,974.4569550000008
10,Trajectory Fusion ExtraTrees,19,2023_522,2023,991.4,997.8039633333342
10,Trajectory Fusion ExtraTrees,20,2023_523,2023,1078.2,987.7447066666689
10,Trajectory Fusion ExtraTrees,30,2023_624,2023,1096.5,1244.6346866666645
10,Trajectory Fusion ExtraTrees,34,2023_722,2023,1065.6,1098.489956666663
10,Trajectory Fusion ExtraTrees,37,2023_725,2023,1120.8,1070.5176899999956
10,Trajectory Fusion ExtraTrees,40,2024_CK12,2024,166.65,586.2149133333332
10,Trajectory Fusion ExtraTrees,42,2024_CK14,2024,820.0,527.4482600000001
10,Trajectory Fusion ExtraTrees,45,2024_CK21,2024,706.2,672.2556233333336
10,Trajectory Fusion ExtraTrees,46,2024_CK22,2024,719.1,519.5822266666668
10,Trajectory Fusion ExtraTrees,50,2024_CK26,2024,831.42,475.6373216666669
10,Trajectory Fusion ExtraTrees,57,2024_L211,2024,379.3,557.7036350000008
10,Trajectory Fusion ExtraTrees,60,2024_L214,2024,881.25,612.7466249999994
10,Trajectory Fusion ExtraTrees,61,2024_L215,2024,740.0,636.7988533333333
10,Trajectory Fusion ExtraTrees,63,2024_L221,2024,701.68,478.15906833333406
10,Trajectory Fusion ExtraTrees,82,2024_L512,2024,575.0,334.85919499999983
10,Trajectory Fusion ExtraTrees,84,2024_L514,2024,825.0,582.1130000000006
10,Trajectory Fusion ExtraTrees,87,2024_L521,2024,143.1,290.47484166666646
10,Trajectory Fusion ExtraTrees,89,2024_L523,2024,692.16,423.55575666666596
10,Trajectory Fusion ExtraTrees,90,2024_L524,2024,283.125,545.0205383333333
10,Trajectory Fusion ExtraTrees,110,2024_R126,2024,653.1,605.7105016666663
10,Trajectory Fusion ExtraTrees,119,2024_R2212,2024,649.35,651.2832766666669
10,Trajectory Fusion ExtraTrees,121,2024_R228,2024,462.77,548.4067650000005
10,Trajectory Fusion ExtraTrees,122,2024_R229,2024,476.055,604.7092049999999
10,Trajectory Fusion ExtraTrees,125,2024_R316,2024,366.65,615.4949316666674
10,Trajectory Fusion ExtraTrees,138,2024_R527,2024,487.49,605.1445149999997
10,Trajectory Fusion ExtraTrees,141,2024_R617,2024,1021.25,570.1425816666658
10,Trajectory Fusion ExtraTrees,143,2024_R619,2024,75.0,593.1995283333328
10,Trajectory Fusion ExtraTrees,156,2025_L111,2025,1081.7,910.1689800000004
10,Trajectory Fusion ExtraTrees,159,2025_L121,2025,1367.3,798.46199
10,Trajectory Fusion ExtraTrees,161,2025_L123,2025,1340.64,827.8613683333332
10,Trajectory Fusion ExtraTrees,162,2025_L211,2025,758.6,857.1441999999992
10,Trajectory Fusion ExtraTrees,164,2025_L213,2025,110.0,1025.9656033333326
10,Trajectory Fusion ExtraTrees,169,2025_L222,2025,1425.6,1288.9659966666668
10,Trajectory Fusion ExtraTrees,173,2025_L226,2025,1374.25,1196.094216666668
10,Trajectory Fusion ExtraTrees,174,2025_L311,2025,410.0,848.7447099999998
10,Trajectory Fusion ExtraTrees,190,2025_L515,2025,205.0,825.0418133333327
10,Trajectory Fusion ExtraTrees,194,2025_L523,2025,1384.32,968.5218099999995
10,Trajectory Fusion ExtraTrees,198,2025_L611,2025,800.0,1049.6210433333345
10,Trajectory Fusion ExtraTrees,202,2025_L615,2025,933.0,1098.3251966666667
10,CMGT-DINO,0,2023_121,2023,910.0,949.6941142068824
10,CMGT-DINO,8,2023_226,2023,760.8,957.0775211423874
10,CMGT-DINO,16,2023_422,2023,1093.4,953.6531168832429
10,CMGT-DINO,19,2023_522,2023,991.4,1026.6320410764624
10,CMGT-DINO,20,2023_523,2023,1078.2,987.4881174459111
10,CMGT-DINO,30,2023_624,2023,1096.5,1237.28024697519
10,CMGT-DINO,34,2023_722,2023,1065.6,1087.5596828693679
10,CMGT-DINO,37,2023_725,2023,1120.8,1068.883189148347
10,CMGT-DINO,40,2024_CK12,2024,166.65,519.9886194495245
10,CMGT-DINO,42,2024_CK14,2024,820.0,501.78742795181984
10,CMGT-DINO,45,2024_CK21,2024,706.2,664.823715324493
10,CMGT-DINO,46,2024_CK22,2024,719.1,526.4490592702222
10,CMGT-DINO,50,2024_CK26,2024,831.42,459.68270292690465
10,CMGT-DINO,57,2024_L211,2024,379.3,516.2432170537718
10,CMGT-DINO,60,2024_L214,2024,881.25,567.1650232837043
10,CMGT-DINO,61,2024_L215,2024,740.0,672.7691176715738
10,CMGT-DINO,63,2024_L221,2024,701.68,478.7882886684421
10,CMGT-DINO,82,2024_L512,2024,575.0,308.1316847151599
10,CMGT-DINO,84,2024_L514,2024,825.0,570.454926982415
10,CMGT-DINO,87,2024_L521,2024,143.1,395.0881325798307
10,CMGT-DINO,89,2024_L523,2024,692.16,393.18777769752853
10,CMGT-DINO,90,2024_L524,2024,283.125,525.5783050715592
10,CMGT-DINO,110,2024_R126,2024,653.1,614.7912185188649
10,CMGT-DINO,119,2024_R2212,2024,649.35,576.0782551779288
10,CMGT-DINO,121,2024_R228,2024,462.77,542.9694941106756
10,CMGT-DINO,122,2024_R229,2024,476.055,554.1715613463032
10,CMGT-DINO,125,2024_R316,2024,366.65,716.3842744524038
10,CMGT-DINO,138,2024_R527,2024,487.49,595.2284171799319
10,CMGT-DINO,141,2024_R617,2024,1021.25,556.1114460519428
10,CMGT-DINO,143,2024_R619,2024,75.0,659.549544178502
10,CMGT-DINO,156,2025_L111,2025,1081.7,654.4510541491194
10,CMGT-DINO,159,2025_L121,2025,1367.3,1009.9495290332741
10,CMGT-DINO,161,2025_L123,2025,1340.64,1227.2306424337007
10,CMGT-DINO,162,2025_L211,2025,758.6,724.9473765293582
10,CMGT-DINO,164,2025_L213,2025,110.0,1359.7464895484613
10,CMGT-DINO,169,2025_L222,2025,1425.6,1343.8121873726095
10,CMGT-DINO,173,2025_L226,2025,1374.25,1105.2296188764462
10,CMGT-DINO,174,2025_L311,2025,410.0,1118.505913491303
10,CMGT-DINO,190,2025_L515,2025,205.0,563.210413745658
10,CMGT-DINO,194,2025_L523,2025,1384.32,651.2152216786579
10,CMGT-DINO,198,2025_L611,2025,800.0,975.7596133471028
10,CMGT-DINO,202,2025_L615,2025,933.0,1220.3974748927571
11,DINOv3 Static Image ExtraTrees,0,2023_121,2023,910.0,929.5404533333393
11,DINOv3 Static Image ExtraTrees,12,2023_324,2023,1041.2,1110.8666666666563
11,DINOv3 Static Image ExtraTrees,19,2023_522,2023,991.4,1047.7875693333385
11,DINOv3 Static Image ExtraTrees,23,2023_526,2023,1124.4,1124.8540799999957
11,DINOv3 Static Image ExtraTrees,24,2023_527,2023,1451.6,1191.1350166666648
11,DINOv3 Static Image ExtraTrees,25,2023_528,2023,1306.8,1191.1350166666648
11,DINOv3 Static Image ExtraTrees,29,2023_623,2023,1220.2,1124.8540799999957
11,DINOv3 Static Image ExtraTrees,36,2023_724,2023,1070.4,1101.9410666666722
11,DINOv3 Static Image ExtraTrees,46,2024_CK22,2024,719.1,566.4021316363697
11,DINOv3 Static Image ExtraTrees,54,2024_L121,2024,683.65,454.5780000000022
11,DINOv3 Static Image ExtraTrees,57,2024_L211,2024,379.3,454.5780000000022
11,DINOv3 Static Image ExtraTrees,66,2024_L224,2024,524.3,751.7688888888845
11,DINOv3 Static Image ExtraTrees,67,2024_L225,2024,561.0,751.7688888888845
11,DINOv3 Static Image ExtraTrees,68,2024_L226,2024,687.125,751.7688888888845
11,DINOv3 Static Image ExtraTrees,78,2024_L421,2024,920.64,566.4021316363697
11,DINOv3 Static Image ExtraTrees,90,2024_L524,2024,283.125,485.239999999997
11,DINOv3 Static Image ExtraTrees,97,2024_L615,2024,466.5,485.239999999997
11,DINOv3 Static Image ExtraTrees,99,2024_L621,2024,0.0,353.1040000000002
11,DINOv3 Static Image ExtraTrees,101,2024_L623,2024,482.16,353.1040000000002
11,DINOv3 Static Image ExtraTrees,104,2024_L626,2024,1144.48,485.239999999997
11,DINOv3 Static Image ExtraTrees,108,2024_R124,2024,523.6,553.245499999997
11,DINOv3 Static Image ExtraTrees,111,2024_R2110,2024,491.25,516.8888888888832
11,DINOv3 Static Image ExtraTrees,114,2024_R217,2024,847.9,553.245499999997
11,DINOv3 Static Image ExtraTrees,119,2024_R2212,2024,649.35,516.8888888888832
11,DINOv3 Static Image ExtraTrees,127,2024_R325,2024,812.165,516.8888888888832
11,DINOv3 Static Image ExtraTrees,130,2024_R415,2024,0.0,635.0361111111123
11,DINOv3 Static Image ExtraTrees,131,2024_R416,2024,724.15,635.0361111111123
11,DINOv3 Static Image ExtraTrees,133,2024_R425,2024,390.72,635.0361111111123
11,DINOv3 Static Image ExtraTrees,136,2024_R518,2024,393.75,671.4260329090912
11,DINOv3 Static Image ExtraTrees,146,2024_R629,2024,710.08,671.4260329090912
11,DINOv3 Static Image ExtraTrees,152,2025_CK23,2025,1649.1,1105.0227927272635
11,DINOv3 Static Image ExtraTrees,161,2025_L123,2025,1340.64,886.428888888897
11,DINOv3 Static Image ExtraTrees,164,2025_L213,2025,110.0,886.428888888897
11,DINOv3 Static Image ExtraTrees,170,2025_L223,2025,1546.96,886.428888888897
11,DINOv3 Static Image ExtraTrees,174,2025_L311,2025,410.0,971.5172727272728
11,DINOv3 Static Image ExtraTrees,180,2025_L411,2025,1621.8,1105.0227927272635
11,DINOv3 Static Image ExtraTrees,186,2025_L511,2025,300.0,989.8066577777821
11,DINOv3 Static Image ExtraTrees,191,2025_L516,2025,105.0,852.125
11,DINOv3 Static Image ExtraTrees,192,2025_L521,2025,1286.2,989.8066577777821
11,DINOv3 Static Image ExtraTrees,196,2025_L525,2025,1476.2,852.125
11,DINOv3 Static Image ExtraTrees,197,2025_L526,2025,1557.6,852.125
11,DINOv3 Static Image ExtraTrees,204,2025_L621,2025,1220.4,989.8066577777821
11,Phenotype-only ExtraTrees,0,2023_121,2023,910.0,947.207920476191
11,Phenotype-only ExtraTrees,12,2023_324,2023,1041.2,964.5950966666666
11,Phenotype-only ExtraTrees,19,2023_522,2023,991.4,850.4122283333331
11,Phenotype-only ExtraTrees,23,2023_526,2023,1124.4,949.7703523809521
11,Phenotype-only ExtraTrees,24,2023_527,2023,1451.6,956.0697633333332
11,Phenotype-only ExtraTrees,25,2023_528,2023,1306.8,976.6451300000008
11,Phenotype-only ExtraTrees,29,2023_623,2023,1220.2,1102.7401533333339
11,Phenotype-only ExtraTrees,36,2023_724,2023,1070.4,1092.2165899999986
11,Phenotype-only ExtraTrees,46,2024_CK22,2024,719.1,482.0448849999998
11,Phenotype-only ExtraTrees,54,2024_L121,2024,683.65,558.1530366666666
11,Phenotype-only ExtraTrees,57,2024_L211,2024,379.3,654.7234398809529
11,Phenotype-only ExtraTrees,66,2024_L224,2024,524.3,634.713458333333
11,Phenotype-only ExtraTrees,67,2024_L225,2024,561.0,514.8331483333333
11,Phenotype-only ExtraTrees,68,2024_L226,2024,687.125,524.9508992857145
11,Phenotype-only ExtraTrees,78,2024_L421,2024,920.64,546.659845
11,Phenotype-only ExtraTrees,90,2024_L524,2024,283.125,602.0644200000006
11,Phenotype-only ExtraTrees,97,2024_L615,2024,466.5,721.103896666667
11,Phenotype-only ExtraTrees,99,2024_L621,2024,0.0,637.9228116666665
11,Phenotype-only ExtraTrees,101,2024_L623,2024,482.16,645.5582225
11,Phenotype-only ExtraTrees,104,2024_L626,2024,1144.48,617.6402850000003
11,Phenotype-only ExtraTrees,108,2024_R124,2024,523.6,574.1416792857143
11,Phenotype-only ExtraTrees,111,2024_R2110,2024,491.25,582.7943266666671
11,Phenotype-only ExtraTrees,114,2024_R217,2024,847.9,366.4485800000001
11,Phenotype-only ExtraTrees,119,2024_R2212,2024,649.35,688.3068133333333
11,Phenotype-only ExtraTrees,127,2024_R325,2024,812.165,524.2442283333334
11,Phenotype-only ExtraTrees,130,2024_R415,2024,0.0,758.8821025
11,Phenotype-only ExtraTrees,131,2024_R416,2024,724.15,608.5113878571432
11,Phenotype-only ExtraTrees,133,2024_R425,2024,390.72,746.8196166666668
11,Phenotype-only ExtraTrees,136,2024_R518,2024,393.75,781.9772671428569
11,Phenotype-only ExtraTrees,146,2024_R629,2024,710.08,696.1848350000004
11,Phenotype-only ExtraTrees,152,2025_CK23,2025,1649.1,873.8815533333336
11,Phenotype-only ExtraTrees,161,2025_L123,2025,1340.64,864.5377233333328
11,Phenotype-only ExtraTrees,164,2025_L213,2025,110.0,920.7719516666668
11,Phenotype-only ExtraTrees,170,2025_L223,2025,1546.96,1114.2704766666666
11,Phenotype-only ExtraTrees,174,2025_L311,2025,410.0,668.2627033333334
11,Phenotype-only ExtraTrees,180,2025_L411,2025,1621.8,939.5956333333338
11,Phenotype-only ExtraTrees,186,2025_L511,2025,300.0,1153.3953233333332
11,Phenotype-only ExtraTrees,191,2025_L516,2025,105.0,686.6339533333326
11,Phenotype-only ExtraTrees,192,2025_L521,2025,1286.2,807.6618299999998
11,Phenotype-only ExtraTrees,196,2025_L525,2025,1476.2,721.3566504761902
11,Phenotype-only ExtraTrees,197,2025_L526,2025,1557.6,1187.745684999999
11,Phenotype-only ExtraTrees,204,2025_L621,2025,1220.4,1244.995561666667
11,Environment-only ExtraTrees,0,2023_121,2023,910.0,1040.0396774193512
11,Environment-only ExtraTrees,12,2023_324,2023,1041.2,1040.0396774193512
11,Environment-only ExtraTrees,19,2023_522,2023,991.4,1040.0396774193512
11,Environment-only ExtraTrees,23,2023_526,2023,1124.4,1040.0396774193512
11,Environment-only ExtraTrees,24,2023_527,2023,1451.6,1040.0396774193512
11,Environment-only ExtraTrees,25,2023_528,2023,1306.8,1040.0396774193512
11,Environment-only ExtraTrees,29,2023_623,2023,1220.2,1040.0396774193512
11,Environment-only ExtraTrees,36,2023_724,2023,1070.4,1040.0396774193512
11,Environment-only ExtraTrees,46,2024_CK22,2024,719.1,552.1584883720873
11,Environment-only ExtraTrees,54,2024_L121,2024,683.65,552.1584883720873
11,Environment-only ExtraTrees,57,2024_L211,2024,379.3,552.1584883720873
11,Environment-only ExtraTrees,66,2024_L224,2024,524.3,552.1584883720873
11,Environment-only ExtraTrees,67,2024_L225,2024,561.0,552.1584883720873
11,Environment-only ExtraTrees,68,2024_L226,2024,687.125,552.1584883720873
11,Environment-only ExtraTrees,78,2024_L421,2024,920.64,552.1584883720873
11,Environment-only ExtraTrees,90,2024_L524,2024,283.125,552.1584883720873
11,Environment-only ExtraTrees,97,2024_L615,2024,466.5,552.1584883720873
11,Environment-only ExtraTrees,99,2024_L621,2024,0.0,552.1584883720873
11,Environment-only ExtraTrees,101,2024_L623,2024,482.16,552.1584883720873
11,Environment-only ExtraTrees,104,2024_L626,2024,1144.48,552.1584883720873
11,Environment-only ExtraTrees,108,2024_R124,2024,523.6,552.1584883720873
11,Environment-only ExtraTrees,111,2024_R2110,2024,491.25,552.1584883720873
11,Environment-only ExtraTrees,114,2024_R217,2024,847.9,552.1584883720873
11,Environment-only ExtraTrees,119,2024_R2212,2024,649.35,552.1584883720873
11,Environment-only ExtraTrees,127,2024_R325,2024,812.165,552.1584883720873
11,Environment-only ExtraTrees,130,2024_R415,2024,0.0,552.1584883720873
11,Environment-only ExtraTrees,131,2024_R416,2024,724.15,552.1584883720873
11,Environment-only ExtraTrees,133,2024_R425,2024,390.72,552.1584883720873
11,Environment-only ExtraTrees,136,2024_R518,2024,393.75,552.1584883720873
11,Environment-only ExtraTrees,146,2024_R629,2024,710.08,552.1584883720873
11,Environment-only ExtraTrees,152,2025_CK23,2025,1649.1,971.8488888888938
11,Environment-only ExtraTrees,161,2025_L123,2025,1340.64,971.8488888888938
11,Environment-only ExtraTrees,164,2025_L213,2025,110.0,971.8488888888938
11,Environment-only ExtraTrees,170,2025_L223,2025,1546.96,971.8488888888938
11,Environment-only ExtraTrees,174,2025_L311,2025,410.0,971.8488888888938
11,Environment-only ExtraTrees,180,2025_L411,2025,1621.8,971.8488888888938
11,Environment-only ExtraTrees,186,2025_L511,2025,300.0,971.8488888888938
11,Environment-only ExtraTrees,191,2025_L516,2025,105.0,971.8488888888938
11,Environment-only ExtraTrees,192,2025_L521,2025,1286.2,971.8488888888938
11,Environment-only ExtraTrees,196,2025_L525,2025,1476.2,971.8488888888938
11,Environment-only ExtraTrees,197,2025_L526,2025,1557.6,971.8488888888938
11,Environment-only ExtraTrees,204,2025_L621,2025,1220.4,971.8488888888938
11,Static Early Fusion ExtraTrees,0,2023_121,2023,910.0,962.4054666666672
11,Static Early Fusion ExtraTrees,12,2023_324,2023,1041.2,1068.2490199999986
11,Static Early Fusion ExtraTrees,19,2023_522,2023,991.4,1034.9391099999993
11,Static Early Fusion ExtraTrees,23,2023_526,2023,1124.4,1007.7759566666671
11,Static Early Fusion ExtraTrees,24,2023_527,2023,1451.6,1016.2534066666651
11,Static Early Fusion ExtraTrees,25,2023_528,2023,1306.8,1129.8374783333334
11,Static Early Fusion ExtraTrees,29,2023_623,2023,1220.2,1128.3081333333332
11,Static Early Fusion ExtraTrees,36,2023_724,2023,1070.4,1095.6659466666651
11,Static Early Fusion ExtraTrees,46,2024_CK22,2024,719.1,314.712943333333
11,Static Early Fusion ExtraTrees,54,2024_L121,2024,683.65,449.8996933333335
11,Static Early Fusion ExtraTrees,57,2024_L211,2024,379.3,481.4446658333328
11,Static Early Fusion ExtraTrees,66,2024_L224,2024,524.3,644.6840733333332
11,Static Early Fusion ExtraTrees,67,2024_L225,2024,561.0,634.0349433333338
11,Static Early Fusion ExtraTrees,68,2024_L226,2024,687.125,654.4198049999999
11,Static Early Fusion ExtraTrees,78,2024_L421,2024,920.64,379.12832999999983
11,Static Early Fusion ExtraTrees,90,2024_L524,2024,283.125,442.10484499999916
11,Static Early Fusion ExtraTrees,97,2024_L615,2024,466.5,516.2044983333328
11,Static Early Fusion ExtraTrees,99,2024_L621,2024,0.0,461.7547299999991
11,Static Early Fusion ExtraTrees,101,2024_L623,2024,482.16,360.58901166666624
11,Static Early Fusion ExtraTrees,104,2024_L626,2024,1144.48,518.4432616666663
11,Static Early Fusion ExtraTrees,108,2024_R124,2024,523.6,532.0330941666662
11,Static Early Fusion ExtraTrees,111,2024_R2110,2024,491.25,487.6979049999999
11,Static Early Fusion ExtraTrees,114,2024_R217,2024,847.9,353.2442583333333
11,Static Early Fusion ExtraTrees,119,2024_R2212,2024,649.35,532.7010474999994
11,Static Early Fusion ExtraTrees,127,2024_R325,2024,812.165,484.4368616666666
11,Static Early Fusion ExtraTrees,130,2024_R415,2024,0.0,741.7916866666684
11,Static Early Fusion ExtraTrees,131,2024_R416,2024,724.15,628.8865966666679
11,Static Early Fusion ExtraTrees,133,2024_R425,2024,390.72,662.550756666667
11,Static Early Fusion ExtraTrees,136,2024_R518,2024,393.75,617.6368666666673
11,Static Early Fusion ExtraTrees,146,2024_R629,2024,710.08,708.2799708333336
11,Static Early Fusion ExtraTrees,152,2025_CK23,2025,1649.1,836.4389933333345
11,Static Early Fusion ExtraTrees,161,2025_L123,2025,1340.64,907.0911800000002
11,Static Early Fusion ExtraTrees,164,2025_L213,2025,110.0,914.7797233333324
11,Static Early Fusion ExtraTrees,170,2025_L223,2025,1546.96,990.3581666666671
11,Static Early Fusion ExtraTrees,174,2025_L311,2025,410.0,944.1268433333327
11,Static Early Fusion ExtraTrees,180,2025_L411,2025,1621.8,1100.3327266666693
11,Static Early Fusion ExtraTrees,186,2025_L511,2025,300.0,1032.847086666665
11,Static Early Fusion ExtraTrees,191,2025_L516,2025,105.0,574.7214733333326
11,Static Early Fusion ExtraTrees,192,2025_L521,2025,1286.2,984.2844133333324
11,Static Early Fusion ExtraTrees,196,2025_L525,2025,1476.2,721.1607416666661
11,Static Early Fusion ExtraTrees,197,2025_L526,2025,1557.6,1310.1433716666647
11,Static Early Fusion ExtraTrees,204,2025_L621,2025,1220.4,1197.076166666666
11,Static Early Fusion XGBoost,0,2023_121,2023,910.0,934.9850463867188
11,Static Early Fusion XGBoost,12,2023_324,2023,1041.2,1008.2701416015625
11,Static Early Fusion XGBoost,19,2023_522,2023,991.4,793.7025756835938
11,Static Early Fusion XGBoost,23,2023_526,2023,1124.4,1159.8231201171875
11,Static Early Fusion XGBoost,24,2023_527,2023,1451.6,1030.2569580078125
11,Static Early Fusion XGBoost,25,2023_528,2023,1306.8,1140.2152099609375
11,Static Early Fusion XGBoost,29,2023_623,2023,1220.2,1178.0281982421875
11,Static Early Fusion XGBoost,36,2023_724,2023,1070.4,1073.6781005859375
11,Static Early Fusion XGBoost,46,2024_CK22,2024,719.1,380.0111083984375
11,Static Early Fusion XGBoost,54,2024_L121,2024,683.65,464.4971618652344
11,Static Early Fusion XGBoost,57,2024_L211,2024,379.3,543.1280517578125
11,Static Early Fusion XGBoost,66,2024_L224,2024,524.3,612.841796875
11,Static Early Fusion XGBoost,67,2024_L225,2024,561.0,514.322509765625
11,Static Early Fusion XGBoost,68,2024_L226,2024,687.125,558.1419067382812
11,Static Early Fusion XGBoost,78,2024_L421,2024,920.64,142.8038330078125
11,Static Early Fusion XGBoost,90,2024_L524,2024,283.125,306.5538024902344
11,Static Early Fusion XGBoost,97,2024_L615,2024,466.5,525.3404541015625
11,Static Early Fusion XGBoost,99,2024_L621,2024,0.0,436.6928405761719
11,Static Early Fusion XGBoost,101,2024_L623,2024,482.16,374.53082275390625
11,Static Early Fusion XGBoost,104,2024_L626,2024,1144.48,473.4024963378906
11,Static Early Fusion XGBoost,108,2024_R124,2024,523.6,562.1771850585938
11,Static Early Fusion XGBoost,111,2024_R2110,2024,491.25,377.8207092285156
11,Static Early Fusion XGBoost,114,2024_R217,2024,847.9,294.7103271484375
11,Static Early Fusion XGBoost,119,2024_R2212,2024,649.35,583.2279052734375
11,Static Early Fusion XGBoost,127,2024_R325,2024,812.165,462.0653076171875
11,Static Early Fusion XGBoost,130,2024_R415,2024,0.0,895.4464721679688
11,Static Early Fusion XGBoost,131,2024_R416,2024,724.15,598.4475708007812
11,Static Early Fusion XGBoost,133,2024_R425,2024,390.72,716.6827392578125
11,Static Early Fusion XGBoost,136,2024_R518,2024,393.75,662.6159057617188
11,Static Early Fusion XGBoost,146,2024_R629,2024,710.08,732.5062255859375
11,Static Early Fusion XGBoost,152,2025_CK23,2025,1649.1,778.676025390625
11,Static Early Fusion XGBoost,161,2025_L123,2025,1340.64,881.7848510742188
11,Static Early Fusion XGBoost,164,2025_L213,2025,110.0,756.5717163085938
11,Static Early Fusion XGBoost,170,2025_L223,2025,1546.96,1378.2532958984375
11,Static Early Fusion XGBoost,174,2025_L311,2025,410.0,643.234375
11,Static Early Fusion XGBoost,180,2025_L411,2025,1621.8,974.810302734375
11,Static Early Fusion XGBoost,186,2025_L511,2025,300.0,1209.9813232421875
11,Static Early Fusion XGBoost,191,2025_L516,2025,105.0,556.6279907226562
11,Static Early Fusion XGBoost,192,2025_L521,2025,1286.2,972.1356201171875
11,Static Early Fusion XGBoost,196,2025_L525,2025,1476.2,538.6239013671875
11,Static Early Fusion XGBoost,197,2025_L526,2025,1557.6,1048.215576171875
11,Static Early Fusion XGBoost,204,2025_L621,2025,1220.4,1342.5596923828125
11,Static Early Fusion CatBoost,0,2023_121,2023,910.0,979.5399207929389
11,Static Early Fusion CatBoost,12,2023_324,2023,1041.2,1040.1390274598073
11,Static Early Fusion CatBoost,19,2023_522,2023,991.4,899.0990964701926
11,Static Early Fusion CatBoost,23,2023_526,2023,1124.4,1024.5289422788283
11,Static Early Fusion CatBoost,24,2023_527,2023,1451.6,1067.8195930591896
11,Static Early Fusion CatBoost,25,2023_528,2023,1306.8,1188.6497149583024
11,Static Early Fusion CatBoost,29,2023_623,2023,1220.2,1143.6034088084598
11,Static Early Fusion CatBoost,36,2023_724,2023,1070.4,1114.934223569489
11,Static Early Fusion CatBoost,46,2024_CK22,2024,719.1,364.49654555582686
11,Static Early Fusion CatBoost,54,2024_L121,2024,683.65,437.04128432272586
11,Static Early Fusion CatBoost,57,2024_L211,2024,379.3,508.1625453234551
11,Static Early Fusion CatBoost,66,2024_L224,2024,524.3,624.1072561822702
11,Static Early Fusion CatBoost,67,2024_L225,2024,561.0,558.9005638855505
11,Static Early Fusion CatBoost,68,2024_L226,2024,687.125,554.3543037714771
11,Static Early Fusion CatBoost,78,2024_L421,2024,920.64,282.5411540861954
11,Static Early Fusion CatBoost,90,2024_L524,2024,283.125,394.51283426429654
11,Static Early Fusion CatBoost,97,2024_L615,2024,466.5,453.8939168459409
11,Static Early Fusion CatBoost,99,2024_L621,2024,0.0,418.06595770809895
11,Static Early Fusion CatBoost,101,2024_L623,2024,482.16,345.44456225520616
11,Static Early Fusion CatBoost,104,2024_L626,2024,1144.48,450.0351594333884
11,Static Early Fusion CatBoost,108,2024_R124,2024,523.6,496.16911319674745
11,Static Early Fusion CatBoost,111,2024_R2110,2024,491.25,352.56735781537407
11,Static Early Fusion CatBoost,114,2024_R217,2024,847.9,271.47548623334
11,Static Early Fusion CatBoost,119,2024_R2212,2024,649.35,614.3398345681628
11,Static Early Fusion CatBoost,127,2024_R325,2024,812.165,519.9785228628891
11,Static Early Fusion CatBoost,130,2024_R415,2024,0.0,843.3104832798278
11,Static Early Fusion CatBoost,131,2024_R416,2024,724.15,564.7841678809476
11,Static Early Fusion CatBoost,133,2024_R425,2024,390.72,641.7991766082631
11,Static Early Fusion CatBoost,136,2024_R518,2024,393.75,604.6176357703324
11,Static Early Fusion CatBoost,146,2024_R629,2024,710.08,707.1990073933542
11,Static Early Fusion CatBoost,152,2025_CK23,2025,1649.1,758.3105199743459
11,Static Early Fusion CatBoost,161,2025_L123,2025,1340.64,906.7488416113306
11,Static Early Fusion CatBoost,164,2025_L213,2025,110.0,876.1788516929786
11,Static Early Fusion CatBoost,170,2025_L223,2025,1546.96,1153.3778780886444
11,Static Early Fusion CatBoost,174,2025_L311,2025,410.0,708.0323019578026
11,Static Early Fusion CatBoost,180,2025_L411,2025,1621.8,998.1865227501597
11,Static Early Fusion CatBoost,186,2025_L511,2025,300.0,1104.3462887450428
11,Static Early Fusion CatBoost,191,2025_L516,2025,105.0,523.8353251321921
11,Static Early Fusion CatBoost,192,2025_L521,2025,1286.2,1009.4920630347495
11,Static Early Fusion CatBoost,196,2025_L525,2025,1476.2,595.3180627955428
11,Static Early Fusion CatBoost,197,2025_L526,2025,1557.6,1207.1030959733212
11,Static Early Fusion CatBoost,204,2025_L621,2025,1220.4,1190.6469221078692
11,Static Early Fusion HistGB,0,2023_121,2023,910.0,899.5546973156671
11,Static Early Fusion HistGB,12,2023_324,2023,1041.2,997.77551345124
11,Static Early Fusion HistGB,19,2023_522,2023,991.4,822.8797519601442
11,Static Early Fusion HistGB,23,2023_526,2023,1124.4,1165.6985956398846
11,Static Early Fusion HistGB,24,2023_527,2023,1451.6,1192.9850143421047
11,Static Early Fusion HistGB,25,2023_528,2023,1306.8,1163.2307967472389
11,Static Early Fusion HistGB,29,2023_623,2023,1220.2,1118.465003541584
11,Static Early Fusion HistGB,36,2023_724,2023,1070.4,1096.0931891179778
11,Static Early Fusion HistGB,46,2024_CK22,2024,719.1,317.42634078412556
11,Static Early Fusion HistGB,54,2024_L121,2024,683.65,451.9709343950729
11,Static Early Fusion HistGB,57,2024_L211,2024,379.3,486.7528155519744
11,Static Early Fusion HistGB,66,2024_L224,2024,524.3,721.324309887615
11,Static Early Fusion HistGB,67,2024_L225,2024,561.0,593.7311080277602
11,Static Early Fusion HistGB,68,2024_L226,2024,687.125,735.6101629744064
11,Static Early Fusion HistGB,78,2024_L421,2024,920.64,196.50010264790177
11,Static Early Fusion HistGB,90,2024_L524,2024,283.125,326.35493043431626
11,Static Early Fusion HistGB,97,2024_L615,2024,466.5,490.63149838679374
11,Static Early Fusion HistGB,99,2024_L621,2024,0.0,508.0034809243583
11,Static Early Fusion HistGB,101,2024_L623,2024,482.16,310.63296299240307
11,Static Early Fusion HistGB,104,2024_L626,2024,1144.48,697.4590759734132
11,Static Early Fusion HistGB,108,2024_R124,2024,523.6,552.961175747888
11,Static Early Fusion HistGB,111,2024_R2110,2024,491.25,389.90817552500033
11,Static Early Fusion HistGB,114,2024_R217,2024,847.9,244.66871012005305
11,Static Early Fusion HistGB,119,2024_R2212,2024,649.35,572.0865968619476
11,Static Early Fusion HistGB,127,2024_R325,2024,812.165,454.50382626103766
11,Static Early Fusion HistGB,130,2024_R415,2024,0.0,826.7710697827957
11,Static Early Fusion HistGB,131,2024_R416,2024,724.15,552.2283114040051
11,Static Early Fusion HistGB,133,2024_R425,2024,390.72,684.3682831005353
11,Static Early Fusion HistGB,136,2024_R518,2024,393.75,570.1808636033821
11,Static Early Fusion HistGB,146,2024_R629,2024,710.08,660.0665843266316
11,Static Early Fusion HistGB,152,2025_CK23,2025,1649.1,723.5498592683765
11,Static Early Fusion HistGB,161,2025_L123,2025,1340.64,956.4440598703211
11,Static Early Fusion HistGB,164,2025_L213,2025,110.0,726.135458715358
11,Static Early Fusion HistGB,170,2025_L223,2025,1546.96,1517.554768712032
11,Static Early Fusion HistGB,174,2025_L311,2025,410.0,738.8736685580103
11,Static Early Fusion HistGB,180,2025_L411,2025,1621.8,999.8978776210531
11,Static Early Fusion HistGB,186,2025_L511,2025,300.0,1310.072279490425
11,Static Early Fusion HistGB,191,2025_L516,2025,105.0,608.575562527874
11,Static Early Fusion HistGB,192,2025_L521,2025,1286.2,1068.073856009867
11,Static Early Fusion HistGB,196,2025_L525,2025,1476.2,482.87396857595473
11,Static Early Fusion HistGB,197,2025_L526,2025,1557.6,1029.042113342547
11,Static Early Fusion HistGB,204,2025_L621,2025,1220.4,1406.7413776351125
11,Trajectory Fusion ExtraTrees,0,2023_121,2023,910.0,965.8722266666662
11,Trajectory Fusion ExtraTrees,12,2023_324,2023,1041.2,1096.0100066666653
11,Trajectory Fusion ExtraTrees,19,2023_522,2023,991.4,1035.7005199999985
11,Trajectory Fusion ExtraTrees,23,2023_526,2023,1124.4,1098.834570000001
11,Trajectory Fusion ExtraTrees,24,2023_527,2023,1451.6,1152.7965266666622
11,Trajectory Fusion ExtraTrees,25,2023_528,2023,1306.8,1188.6060416666642
11,Trajectory Fusion ExtraTrees,29,2023_623,2023,1220.2,1123.1716433333343
11,Trajectory Fusion ExtraTrees,36,2023_724,2023,1070.4,1101.6977666666646
11,Trajectory Fusion ExtraTrees,46,2024_CK22,2024,719.1,442.6381066666667
11,Trajectory Fusion ExtraTrees,54,2024_L121,2024,683.65,531.9665933333328
11,Trajectory Fusion ExtraTrees,57,2024_L211,2024,379.3,551.869268333333
11,Trajectory Fusion ExtraTrees,66,2024_L224,2024,524.3,624.544018333333
11,Trajectory Fusion ExtraTrees,67,2024_L225,2024,561.0,727.3512500000018
11,Trajectory Fusion ExtraTrees,68,2024_L226,2024,687.125,689.6479083333338
11,Trajectory Fusion ExtraTrees,78,2024_L421,2024,920.64,544.1437350000006
11,Trajectory Fusion ExtraTrees,90,2024_L524,2024,283.125,590.6821033333339
11,Trajectory Fusion ExtraTrees,97,2024_L615,2024,466.5,536.0442349999993
11,Trajectory Fusion ExtraTrees,99,2024_L621,2024,0.0,354.2056816666656
11,Trajectory Fusion ExtraTrees,101,2024_L623,2024,482.16,409.0464436666655
11,Trajectory Fusion ExtraTrees,104,2024_L626,2024,1144.48,408.2708283333332
11,Trajectory Fusion ExtraTrees,108,2024_R124,2024,523.6,462.6283700000007
11,Trajectory Fusion ExtraTrees,111,2024_R2110,2024,491.25,518.8474399999997
11,Trajectory Fusion ExtraTrees,114,2024_R217,2024,847.9,494.73672666666636
11,Trajectory Fusion ExtraTrees,119,2024_R2212,2024,649.35,625.1007516666673
11,Trajectory Fusion ExtraTrees,127,2024_R325,2024,812.165,428.84681
11,Trajectory Fusion ExtraTrees,130,2024_R415,2024,0.0,615.6302883333346
11,Trajectory Fusion ExtraTrees,131,2024_R416,2024,724.15,642.7990633333337
11,Trajectory Fusion ExtraTrees,133,2024_R425,2024,390.72,682.1991883333335
11,Trajectory Fusion ExtraTrees,136,2024_R518,2024,393.75,676.4026383333337
11,Trajectory Fusion ExtraTrees,146,2024_R629,2024,710.08,703.8977383333341
11,Trajectory Fusion ExtraTrees,152,2025_CK23,2025,1649.1,993.6581999999996
11,Trajectory Fusion ExtraTrees,161,2025_L123,2025,1340.64,778.308266666667
11,Trajectory Fusion ExtraTrees,164,2025_L213,2025,110.0,1048.4656100000009
11,Trajectory Fusion ExtraTrees,170,2025_L223,2025,1546.96,830.1285799999991
11,Trajectory Fusion ExtraTrees,174,2025_L311,2025,410.0,721.7130666666649
11,Trajectory Fusion ExtraTrees,180,2025_L411,2025,1621.8,794.2822933333332
11,Trajectory Fusion ExtraTrees,186,2025_L511,2025,300.0,858.4149433333326
11,Trajectory Fusion ExtraTrees,191,2025_L516,2025,105.0,644.8926899999998
11,Trajectory Fusion ExtraTrees,192,2025_L521,2025,1286.2,942.8500866666661
11,Trajectory Fusion ExtraTrees,196,2025_L525,2025,1476.2,776.2375233333328
11,Trajectory Fusion ExtraTrees,197,2025_L526,2025,1557.6,1070.5731233333331
11,Trajectory Fusion ExtraTrees,204,2025_L621,2025,1220.4,1103.2333699999995
11,CMGT-DINO,0,2023_121,2023,910.0,978.3647857750836
11,CMGT-DINO,12,2023_324,2023,1041.2,1091.5314371714676
11,CMGT-DINO,19,2023_522,2023,991.4,1035.687230402175
11,CMGT-DINO,23,2023_526,2023,1124.4,1115.0976246376986
11,CMGT-DINO,24,2023_527,2023,1451.6,1159.0770897938737
11,CMGT-DINO,25,2023_528,2023,1306.8,1212.298217765483
11,CMGT-DINO,29,2023_623,2023,1220.2,1128.9045436970641
11,CMGT-DINO,36,2023_724,2023,1070.4,1099.8509922199605
11,CMGT-DINO,46,2024_CK22,2024,719.1,518.9825922188522
11,CMGT-DINO,54,2024_L121,2024,683.65,478.3049986872998
11,CMGT-DINO,57,2024_L211,2024,379.3,512.6740778773999
11,CMGT-DINO,66,2024_L224,2024,524.3,691.8162407548513
11,CMGT-DINO,67,2024_L225,2024,561.0,733.3900754589006
11,CMGT-DINO,68,2024_L226,2024,687.125,662.990548462947
11,CMGT-DINO,78,2024_L421,2024,920.64,575.1794615348307
11,CMGT-DINO,90,2024_L524,2024,283.125,543.4140231823224
11,CMGT-DINO,97,2024_L615,2024,466.5,530.331976995406
11,CMGT-DINO,99,2024_L621,2024,0.0,414.7880520979687
11,CMGT-DINO,101,2024_L623,2024,482.16,478.2089645204549
11,CMGT-DINO,104,2024_L626,2024,1144.48,367.3482566610113
11,CMGT-DINO,108,2024_R124,2024,523.6,473.2249836978862
11,CMGT-DINO,111,2024_R2110,2024,491.25,506.8626346669796
11,CMGT-DINO,114,2024_R217,2024,847.9,481.112368945113
11,CMGT-DINO,119,2024_R2212,2024,649.35,643.6834672573169
11,CMGT-DINO,127,2024_R325,2024,812.165,434.8216196703452
11,CMGT-DINO,130,2024_R415,2024,0.0,636.0689619099779
11,CMGT-DINO,131,2024_R416,2024,724.15,643.0408623197419
11,CMGT-DINO,133,2024_R425,2024,390.72,685.7083690754195
11,CMGT-DINO,136,2024_R518,2024,393.75,729.0030858367
11,CMGT-DINO,146,2024_R629,2024,710.08,659.4630985089354
11,CMGT-DINO,152,2025_CK23,2025,1649.1,1124.9197737050254
11,CMGT-DINO,161,2025_L123,2025,1340.64,1006.1050475076938
11,CMGT-DINO,164,2025_L213,2025,110.0,1267.445577466934
11,CMGT-DINO,170,2025_L223,2025,1546.96,945.7023561019456
11,CMGT-DINO,174,2025_L311,2025,410.0,925.7630909355192
11,CMGT-DINO,180,2025_L411,2025,1621.8,935.278615263596
11,CMGT-DINO,186,2025_L511,2025,300.0,885.5246043859495
11,CMGT-DINO,191,2025_L516,2025,105.0,503.44430930265526
11,CMGT-DINO,192,2025_L521,2025,1286.2,971.2582270171927
11,CMGT-DINO,196,2025_L525,2025,1476.2,982.259848863251
11,CMGT-DINO,197,2025_L526,2025,1557.6,1222.5121300062196
11,CMGT-DINO,204,2025_L621,2025,1220.4,1174.8869145078852
12,DINOv3 Static Image ExtraTrees,2,2023_123,2023,1014.8,908.3599999999902
12,DINOv3 Static Image ExtraTrees,7,2023_225,2023,812.0,975.4000000000086
12,DINOv3 Static Image ExtraTrees,9,2023_321,2023,835.1,975.4000000000086
12,DINOv3 Static Image ExtraTrees,10,2023_322,2023,821.0,975.4000000000086
12,DINOv3 Static Image ExtraTrees,18,2023_521,2023,1008.8,1044.2803146666786
12,DINOv3 Static Image ExtraTrees,22,2023_525,2023,1087.0,1151.3599999999892
12,DINOv3 Static Image ExtraTrees,32,2023_626,2023,1260.0,1246.0133435555576
12,DINOv3 Static Image ExtraTrees,35,2023_723,2023,1093.6,1084.1120389999928
12,DINOv3 Static Image ExtraTrees,39,2024_CK11,2024,210.0,666.3177777777838
12,DINOv3 Static Image ExtraTrees,41,2024_CK13,2024,175.0,666.3177777777838
12,DINOv3 Static Image ExtraTrees,50,2024_CK26,2024,831.42,545.3431818181784
12,DINOv3 Static Image ExtraTrees,52,2024_L112,2024,651.0,495.3622222222267
12,DINOv3 Static Image ExtraTrees,56,2024_L123,2024,270.32,495.3622222222267
12,DINOv3 Static Image ExtraTrees,58,2024_L212,2024,229.15,495.3622222222267
12,DINOv3 Static Image ExtraTrees,62,2024_L216,2024,916.65,705.338177888888
12,DINOv3 Static Image ExtraTrees,66,2024_L224,2024,524.3,705.338177888888
12,DINOv3 Static Image ExtraTrees,70,2024_L312,2024,750.0,705.338177888888
12,DINOv3 Static Image ExtraTrees,78,2024_L421,2024,920.64,666.3177777777838
12,DINOv3 Static Image ExtraTrees,83,2024_L513,2024,646.25,306.0863636363645
12,DINOv3 Static Image ExtraTrees,92,2024_L526,2024,778.8,498.4059090909125
12,DINOv3 Static Image ExtraTrees,105,2024_R114,2024,819.65,605.9231249999971
12,DINOv3 Static Image ExtraTrees,106,2024_R115,2024,648.75,605.9231249999971
12,DINOv3 Static Image ExtraTrees,116,2024_R219,2024,125.4,605.9231249999971
12,DINOv3 Static Image ExtraTrees,118,2024_R2211,2024,620.36,606.9881249999991
12,DINOv3 Static Image ExtraTrees,119,2024_R2212,2024,649.35,606.9881249999991
12,DINOv3 Static Image ExtraTrees,121,2024_R228,2024,462.77,605.9231249999971
12,DINOv3 Static Image ExtraTrees,123,2024_R314,2024,112.5,606.9881249999991
12,DINOv3 Static Image ExtraTrees,125,2024_R316,2024,366.65,606.9881249999991
12,DINOv3 Static Image ExtraTrees,140,2024_R529,2024,630.41,671.6809999999997
12,DINOv3 Static Image ExtraTrees,145,2024_R628,2024,469.8,671.6809999999997
12,DINOv3 Static Image ExtraTrees,148,2025_CK12,2025,333.3,1237.1283000000003
12,DINOv3 Static Image ExtraTrees,149,2025_CK13,2025,350.0,1237.1283000000003
12,DINOv3 Static Image ExtraTrees,150,2025_CK21,2025,1412.4,1237.1283000000003
12,DINOv3 Static Image ExtraTrees,151,2025_CK22,2025,1438.2,1237.1283000000003
12,DINOv3 Static Image ExtraTrees,156,2025_L111,2025,1081.7,843.1333333333426
12,DINOv3 Static Image ExtraTrees,162,2025_L211,2025,758.6,843.1333333333426
12,DINOv3 Static Image ExtraTrees,170,2025_L223,2025,1546.96,843.1333333333426
12,DINOv3 Static Image ExtraTrees,173,2025_L226,2025,1374.25,962.2815840000052
12,DINOv3 Static Image ExtraTrees,175,2025_L312,2025,100.0,962.2815840000052
12,DINOv3 Static Image ExtraTrees,182,2025_L413,2025,2125.0,1237.1283000000003
12,DINOv3 Static Image ExtraTrees,193,2025_L522,2025,1462.86,886.6219999999907
12,DINOv3 Static Image ExtraTrees,194,2025_L523,2025,1384.32,886.6219999999907
12,Phenotype-only ExtraTrees,2,2023_123,2023,1014.8,868.5454690476188
12,Phenotype-only ExtraTrees,7,2023_225,2023,812.0,1038.9233666666676
12,Phenotype-only ExtraTrees,9,2023_321,2023,835.1,1052.9836083333344
12,Phenotype-only ExtraTrees,10,2023_322,2023,821.0,1029.7222433333332
12,Phenotype-only ExtraTrees,18,2023_521,2023,1008.8,776.338568214285
12,Phenotype-only ExtraTrees,22,2023_525,2023,1087.0,1095.9697833333341
12,Phenotype-only ExtraTrees,32,2023_626,2023,1260.0,973.3258792857131
12,Phenotype-only ExtraTrees,35,2023_723,2023,1093.6,1110.7525333333333
12,Phenotype-only ExtraTrees,39,2024_CK11,2024,210.0,1160.3795633333327
12,Phenotype-only ExtraTrees,41,2024_CK13,2024,175.0,625.6591733333336
12,Phenotype-only ExtraTrees,50,2024_CK26,2024,831.42,573.5649392857133
12,Phenotype-only ExtraTrees,52,2024_L112,2024,651.0,588.1395302380952
12,Phenotype-only ExtraTrees,56,2024_L123,2024,270.32,573.9789483333327
12,Phenotype-only ExtraTrees,58,2024_L212,2024,229.15,584.4437997619037
12,Phenotype-only ExtraTrees,62,2024_L216,2024,916.65,624.1652328571435
12,Phenotype-only ExtraTrees,66,2024_L224,2024,524.3,739.4154799999985
12,Phenotype-only ExtraTrees,70,2024_L312,2024,750.0,505.31400095238064
12,Phenotype-only ExtraTrees,78,2024_L421,2024,920.64,709.5092433333328
12,Phenotype-only ExtraTrees,83,2024_L513,2024,646.25,586.6089361904753
12,Phenotype-only ExtraTrees,92,2024_L526,2024,778.8,677.2432730952374
12,Phenotype-only ExtraTrees,105,2024_R114,2024,819.65,470.8226688095234
12,Phenotype-only ExtraTrees,106,2024_R115,2024,648.75,603.3153716666659
12,Phenotype-only ExtraTrees,116,2024_R219,2024,125.4,521.4245116666665
12,Phenotype-only ExtraTrees,118,2024_R2211,2024,620.36,559.1022883333334
12,Phenotype-only ExtraTrees,119,2024_R2212,2024,649.35,618.7493738095238
12,Phenotype-only ExtraTrees,121,2024_R228,2024,462.77,541.9834452380944
12,Phenotype-only ExtraTrees,123,2024_R314,2024,112.5,543.0951716666659
12,Phenotype-only ExtraTrees,125,2024_R316,2024,366.65,677.5297266666666
12,Phenotype-only ExtraTrees,140,2024_R529,2024,630.41,498.392278333333
12,Phenotype-only ExtraTrees,145,2024_R628,2024,469.8,542.8640278571421
12,Phenotype-only ExtraTrees,148,2025_CK12,2025,333.3,727.6570471428566
12,Phenotype-only ExtraTrees,149,2025_CK13,2025,350.0,655.7239916666657
12,Phenotype-only ExtraTrees,150,2025_CK21,2025,1412.4,1088.3353049999998
12,Phenotype-only ExtraTrees,151,2025_CK22,2025,1438.2,1344.2056033333338
12,Phenotype-only ExtraTrees,156,2025_L111,2025,1081.7,967.3171554761892
12,Phenotype-only ExtraTrees,162,2025_L211,2025,758.6,658.0059540476186
12,Phenotype-only ExtraTrees,170,2025_L223,2025,1546.96,1017.359353333333
12,Phenotype-only ExtraTrees,173,2025_L226,2025,1374.25,1349.7943149999985
12,Phenotype-only ExtraTrees,175,2025_L312,2025,100.0,1192.354558333332
12,Phenotype-only ExtraTrees,182,2025_L413,2025,2125.0,655.2843166666662
12,Phenotype-only ExtraTrees,193,2025_L522,2025,1462.86,584.6900326190474
12,Phenotype-only ExtraTrees,194,2025_L523,2025,1384.32,868.984919999999
12,Environment-only ExtraTrees,2,2023_123,2023,1014.8,1078.223548387104
12,Environment-only ExtraTrees,7,2023_225,2023,812.0,1078.223548387104
12,Environment-only ExtraTrees,9,2023_321,2023,835.1,1078.223548387104
12,Environment-only ExtraTrees,10,2023_322,2023,821.0,1078.223548387104
12,Environment-only ExtraTrees,18,2023_521,2023,1008.8,1078.223548387104
12,Environment-only ExtraTrees,22,2023_525,2023,1087.0,1078.223548387104
12,Environment-only ExtraTrees,32,2023_626,2023,1260.0,1078.223548387104
12,Environment-only ExtraTrees,35,2023_723,2023,1093.6,1078.223548387104
12,Environment-only ExtraTrees,39,2024_CK11,2024,210.0,558.9628488372031
12,Environment-only ExtraTrees,41,2024_CK13,2024,175.0,558.9628488372031
12,Environment-only ExtraTrees,50,2024_CK26,2024,831.42,558.9628488372031
12,Environment-only ExtraTrees,52,2024_L112,2024,651.0,558.9628488372031
12,Environment-only ExtraTrees,56,2024_L123,2024,270.32,558.9628488372031
12,Environment-only ExtraTrees,58,2024_L212,2024,229.15,558.9628488372031
12,Environment-only ExtraTrees,62,2024_L216,2024,916.65,558.9628488372031
12,Environment-only ExtraTrees,66,2024_L224,2024,524.3,558.9628488372031
12,Environment-only ExtraTrees,70,2024_L312,2024,750.0,558.9628488372031
12,Environment-only ExtraTrees,78,2024_L421,2024,920.64,558.9628488372031
12,Environment-only ExtraTrees,83,2024_L513,2024,646.25,558.9628488372031
12,Environment-only ExtraTrees,92,2024_L526,2024,778.8,558.9628488372031
12,Environment-only ExtraTrees,105,2024_R114,2024,819.65,558.9628488372031
12,Environment-only ExtraTrees,106,2024_R115,2024,648.75,558.9628488372031
12,Environment-only ExtraTrees,116,2024_R219,2024,125.4,558.9628488372031
12,Environment-only ExtraTrees,118,2024_R2211,2024,620.36,558.9628488372031
12,Environment-only ExtraTrees,119,2024_R2212,2024,649.35,558.9628488372031
12,Environment-only ExtraTrees,121,2024_R228,2024,462.77,558.9628488372031
12,Environment-only ExtraTrees,123,2024_R314,2024,112.5,558.9628488372031
12,Environment-only ExtraTrees,125,2024_R316,2024,366.65,558.9628488372031
12,Environment-only ExtraTrees,140,2024_R529,2024,630.41,558.9628488372031
12,Environment-only ExtraTrees,145,2024_R628,2024,469.8,558.9628488372031
12,Environment-only ExtraTrees,148,2025_CK12,2025,333.3,955.3224444444512
12,Environment-only ExtraTrees,149,2025_CK13,2025,350.0,955.3224444444512
12,Environment-only ExtraTrees,150,2025_CK21,2025,1412.4,955.3224444444512
12,Environment-only ExtraTrees,151,2025_CK22,2025,1438.2,955.3224444444512
12,Environment-only ExtraTrees,156,2025_L111,2025,1081.7,955.3224444444512
12,Environment-only ExtraTrees,162,2025_L211,2025,758.6,955.3224444444512
12,Environment-only ExtraTrees,170,2025_L223,2025,1546.96,955.3224444444512
12,Environment-only ExtraTrees,173,2025_L226,2025,1374.25,955.3224444444512
12,Environment-only ExtraTrees,175,2025_L312,2025,100.0,955.3224444444512
12,Environment-only ExtraTrees,182,2025_L413,2025,2125.0,955.3224444444512
12,Environment-only ExtraTrees,193,2025_L522,2025,1462.86,955.3224444444512
12,Environment-only ExtraTrees,194,2025_L523,2025,1384.32,955.3224444444512
12,Static Early Fusion ExtraTrees,2,2023_123,2023,1014.8,914.6867499999996
12,Static Early Fusion ExtraTrees,7,2023_225,2023,812.0,1042.9717533333335
12,Static Early Fusion ExtraTrees,9,2023_321,2023,835.1,1057.059983333334
12,Static Early Fusion ExtraTrees,10,2023_322,2023,821.0,1013.2246666666655
12,Static Early Fusion ExtraTrees,18,2023_521,2023,1008.8,947.2866783333317
12,Static Early Fusion ExtraTrees,22,2023_525,2023,1087.0,1154.9996099999996
12,Static Early Fusion ExtraTrees,32,2023_626,2023,1260.0,1082.6285433333317
12,Static Early Fusion ExtraTrees,35,2023_723,2023,1093.6,1087.8459233333335
12,Static Early Fusion ExtraTrees,39,2024_CK11,2024,210.0,644.8429266666665
12,Static Early Fusion ExtraTrees,41,2024_CK13,2024,175.0,595.9177250000004
12,Static Early Fusion ExtraTrees,50,2024_CK26,2024,831.42,472.02211666666574
12,Static Early Fusion ExtraTrees,52,2024_L112,2024,651.0,582.2038966666667
12,Static Early Fusion ExtraTrees,56,2024_L123,2024,270.32,579.3805500000004
12,Static Early Fusion ExtraTrees,58,2024_L212,2024,229.15,527.6683683333328
12,Static Early Fusion ExtraTrees,62,2024_L216,2024,916.65,676.1531683333332
12,Static Early Fusion ExtraTrees,66,2024_L224,2024,524.3,660.9345816666657
12,Static Early Fusion ExtraTrees,70,2024_L312,2024,750.0,682.3629516666665
12,Static Early Fusion ExtraTrees,78,2024_L421,2024,920.64,700.7162449999992
12,Static Early Fusion ExtraTrees,83,2024_L513,2024,646.25,312.91626500000007
12,Static Early Fusion ExtraTrees,92,2024_L526,2024,778.8,491.1833249999993
12,Static Early Fusion ExtraTrees,105,2024_R114,2024,819.65,583.3568599999992
12,Static Early Fusion ExtraTrees,106,2024_R115,2024,648.75,543.2847199999999
12,Static Early Fusion ExtraTrees,116,2024_R219,2024,125.4,614.3430133333325
12,Static Early Fusion ExtraTrees,118,2024_R2211,2024,620.36,550.2636516666661
12,Static Early Fusion ExtraTrees,119,2024_R2212,2024,649.35,645.1359200000002
12,Static Early Fusion ExtraTrees,121,2024_R228,2024,462.77,587.9985733333327
12,Static Early Fusion ExtraTrees,123,2024_R314,2024,112.5,572.3784683333325
12,Static Early Fusion ExtraTrees,125,2024_R316,2024,366.65,601.5953833333335
12,Static Early Fusion ExtraTrees,140,2024_R529,2024,630.41,563.9575099999995
12,Static Early Fusion ExtraTrees,145,2024_R628,2024,469.8,653.4269533333327
12,Static Early Fusion ExtraTrees,148,2025_CK12,2025,333.3,1098.965563333336
12,Static Early Fusion ExtraTrees,149,2025_CK13,2025,350.0,1017.5329933333343
12,Static Early Fusion ExtraTrees,150,2025_CK21,2025,1412.4,1403.7543433333333
12,Static Early Fusion ExtraTrees,151,2025_CK22,2025,1438.2,1543.212296666666
12,Static Early Fusion ExtraTrees,156,2025_L111,2025,1081.7,825.2040233333328
12,Static Early Fusion ExtraTrees,162,2025_L211,2025,758.6,542.1543333333323
12,Static Early Fusion ExtraTrees,170,2025_L223,2025,1546.96,724.3365466666663
12,Static Early Fusion ExtraTrees,173,2025_L226,2025,1374.25,1107.54211
12,Static Early Fusion ExtraTrees,175,2025_L312,2025,100.0,1012.2596200000006
12,Static Early Fusion ExtraTrees,182,2025_L413,2025,2125.0,1112.5663300000022
12,Static Early Fusion ExtraTrees,193,2025_L522,2025,1462.86,818.6611266666654
12,Static Early Fusion ExtraTrees,194,2025_L523,2025,1384.32,871.8104916666653
12,Static Early Fusion XGBoost,2,2023_123,2023,1014.8,889.0751342773438
12,Static Early Fusion XGBoost,7,2023_225,2023,812.0,1059.968505859375
12,Static Early Fusion XGBoost,9,2023_321,2023,835.1,1015.9774169921875
12,Static Early Fusion XGBoost,10,2023_322,2023,821.0,1030.9383544921875
12,Static Early Fusion XGBoost,18,2023_521,2023,1008.8,962.4683227539062
12,Static Early Fusion XGBoost,22,2023_525,2023,1087.0,1107.60302734375
12,Static Early Fusion XGBoost,32,2023_626,2023,1260.0,1054.5731201171875
12,Static Early Fusion XGBoost,35,2023_723,2023,1093.6,1145.592529296875
12,Static Early Fusion XGBoost,39,2024_CK11,2024,210.0,907.6231079101562
12,Static Early Fusion XGBoost,41,2024_CK13,2024,175.0,652.5023803710938
12,Static Early Fusion XGBoost,50,2024_CK26,2024,831.42,519.0828857421875
12,Static Early Fusion XGBoost,52,2024_L112,2024,651.0,629.1763916015625
12,Static Early Fusion XGBoost,56,2024_L123,2024,270.32,495.2310791015625
12,Static Early Fusion XGBoost,58,2024_L212,2024,229.15,547.5664672851562
12,Static Early Fusion XGBoost,62,2024_L216,2024,916.65,693.6736450195312
12,Static Early Fusion XGBoost,66,2024_L224,2024,524.3,807.2687377929688
12,Static Early Fusion XGBoost,70,2024_L312,2024,750.0,680.0106811523438
12,Static Early Fusion XGBoost,78,2024_L421,2024,920.64,769.4120483398438
12,Static Early Fusion XGBoost,83,2024_L513,2024,646.25,296.8768005371094
12,Static Early Fusion XGBoost,92,2024_L526,2024,778.8,474.62908935546875
12,Static Early Fusion XGBoost,105,2024_R114,2024,819.65,412.0738525390625
12,Static Early Fusion XGBoost,106,2024_R115,2024,648.75,454.04583740234375
12,Static Early Fusion XGBoost,116,2024_R219,2024,125.4,506.22576904296875
12,Static Early Fusion XGBoost,118,2024_R2211,2024,620.36,528.0524291992188
12,Static Early Fusion XGBoost,119,2024_R2212,2024,649.35,665.1465454101562
12,Static Early Fusion XGBoost,121,2024_R228,2024,462.77,496.86419677734375
12,Static Early Fusion XGBoost,123,2024_R314,2024,112.5,707.2530517578125
12,Static Early Fusion XGBoost,125,2024_R316,2024,366.65,642.2117309570312
12,Static Early Fusion XGBoost,140,2024_R529,2024,630.41,562.9365234375
12,Static Early Fusion XGBoost,145,2024_R628,2024,469.8,618.248046875
12,Static Early Fusion XGBoost,148,2025_CK12,2025,333.3,1114.6156005859375
12,Static Early Fusion XGBoost,149,2025_CK13,2025,350.0,808.8952026367188
12,Static Early Fusion XGBoost,150,2025_CK21,2025,1412.4,1415.49267578125
12,Static Early Fusion XGBoost,151,2025_CK22,2025,1438.2,1667.8333740234375
12,Static Early Fusion XGBoost,156,2025_L111,2025,1081.7,929.04345703125
12,Static Early Fusion XGBoost,162,2025_L211,2025,758.6,495.8070983886719
12,Static Early Fusion XGBoost,170,2025_L223,2025,1546.96,650.5238647460938
12,Static Early Fusion XGBoost,173,2025_L226,2025,1374.25,1344.37890625
12,Static Early Fusion XGBoost,175,2025_L312,2025,100.0,1221.07763671875
12,Static Early Fusion XGBoost,182,2025_L413,2025,2125.0,917.2924194335938
12,Static Early Fusion XGBoost,193,2025_L522,2025,1462.86,644.2862548828125
12,Static Early Fusion XGBoost,194,2025_L523,2025,1384.32,880.0219116210938
12,Static Early Fusion CatBoost,2,2023_123,2023,1014.8,898.7314799821276
12,Static Early Fusion CatBoost,7,2023_225,2023,812.0,1042.4983116980807
12,Static Early Fusion CatBoost,9,2023_321,2023,835.1,1054.2322804856415
12,Static Early Fusion CatBoost,10,2023_322,2023,821.0,974.5670519439132
12,Static Early Fusion CatBoost,18,2023_521,2023,1008.8,930.7864026137981
12,Static Early Fusion CatBoost,22,2023_525,2023,1087.0,1119.4485109124532
12,Static Early Fusion CatBoost,32,2023_626,2023,1260.0,1045.2810128821143
12,Static Early Fusion CatBoost,35,2023_723,2023,1093.6,1155.4991011662578
12,Static Early Fusion CatBoost,39,2024_CK11,2024,210.0,860.6559430596428
12,Static Early Fusion CatBoost,41,2024_CK13,2024,175.0,631.8799634630127
12,Static Early Fusion CatBoost,50,2024_CK26,2024,831.42,549.9907837719152
12,Static Early Fusion CatBoost,52,2024_L112,2024,651.0,616.5041740612137
12,Static Early Fusion CatBoost,56,2024_L123,2024,270.32,520.4282913498438
12,Static Early Fusion CatBoost,58,2024_L212,2024,229.15,453.9028059228597
12,Static Early Fusion CatBoost,62,2024_L216,2024,916.65,765.1011300704919
12,Static Early Fusion CatBoost,66,2024_L224,2024,524.3,738.6751702310739
12,Static Early Fusion CatBoost,70,2024_L312,2024,750.0,676.9849392375731
12,Static Early Fusion CatBoost,78,2024_L421,2024,920.64,676.0978232388984
12,Static Early Fusion CatBoost,83,2024_L513,2024,646.25,310.8558840845459
12,Static Early Fusion CatBoost,92,2024_L526,2024,778.8,591.0487371924651
12,Static Early Fusion CatBoost,105,2024_R114,2024,819.65,493.39145765658
12,Static Early Fusion CatBoost,106,2024_R115,2024,648.75,519.3581089986982
12,Static Early Fusion CatBoost,116,2024_R219,2024,125.4,556.583982635145
12,Static Early Fusion CatBoost,118,2024_R2211,2024,620.36,575.545251831762
12,Static Early Fusion CatBoost,119,2024_R2212,2024,649.35,648.9266937379958
12,Static Early Fusion CatBoost,121,2024_R228,2024,462.77,507.5778002754099
12,Static Early Fusion CatBoost,123,2024_R314,2024,112.5,589.47273447504
12,Static Early Fusion CatBoost,125,2024_R316,2024,366.65,589.1042830674664
12,Static Early Fusion CatBoost,140,2024_R529,2024,630.41,430.029492154424
12,Static Early Fusion CatBoost,145,2024_R628,2024,469.8,566.3700034969715
12,Static Early Fusion CatBoost,148,2025_CK12,2025,333.3,889.5377145822897
12,Static Early Fusion CatBoost,149,2025_CK13,2025,350.0,867.6923679785797
12,Static Early Fusion CatBoost,150,2025_CK21,2025,1412.4,1335.2967818312559
12,Static Early Fusion CatBoost,151,2025_CK22,2025,1438.2,1548.0768954863036
12,Static Early Fusion CatBoost,156,2025_L111,2025,1081.7,846.7944737690887
12,Static Early Fusion CatBoost,162,2025_L211,2025,758.6,543.3032722176486
12,Static Early Fusion CatBoost,170,2025_L223,2025,1546.96,681.3174137929616
12,Static Early Fusion CatBoost,173,2025_L226,2025,1374.25,1238.1026980770848
12,Static Early Fusion CatBoost,175,2025_L312,2025,100.0,1045.8123795096092
12,Static Early Fusion CatBoost,182,2025_L413,2025,2125.0,1000.0673473570537
12,Static Early Fusion CatBoost,193,2025_L522,2025,1462.86,620.1793489135418
12,Static Early Fusion CatBoost,194,2025_L523,2025,1384.32,915.6008042857961
12,Static Early Fusion HistGB,2,2023_123,2023,1014.8,851.2697342654561
12,Static Early Fusion HistGB,7,2023_225,2023,812.0,1105.106793668697
12,Static Early Fusion HistGB,9,2023_321,2023,835.1,1075.890855117167
12,Static Early Fusion HistGB,10,2023_322,2023,821.0,1093.0678629611025
12,Static Early Fusion HistGB,18,2023_521,2023,1008.8,1046.8248659527496
12,Static Early Fusion HistGB,22,2023_525,2023,1087.0,843.7327495834832
12,Static Early Fusion HistGB,32,2023_626,2023,1260.0,986.1649780767103
12,Static Early Fusion HistGB,35,2023_723,2023,1093.6,1005.53330448488
12,Static Early Fusion HistGB,39,2024_CK11,2024,210.0,676.4949569962848
12,Static Early Fusion HistGB,41,2024_CK13,2024,175.0,603.6350649008341
12,Static Early Fusion HistGB,50,2024_CK26,2024,831.42,438.8634356911513
12,Static Early Fusion HistGB,52,2024_L112,2024,651.0,682.8356191982982
12,Static Early Fusion HistGB,56,2024_L123,2024,270.32,636.9049705174283
12,Static Early Fusion HistGB,58,2024_L212,2024,229.15,645.7520678259666
12,Static Early Fusion HistGB,62,2024_L216,2024,916.65,653.8203151559486
12,Static Early Fusion HistGB,66,2024_L224,2024,524.3,653.544811400887
12,Static Early Fusion HistGB,70,2024_L312,2024,750.0,498.73226774983505
12,Static Early Fusion HistGB,78,2024_L421,2024,920.64,724.797190232163
12,Static Early Fusion HistGB,83,2024_L513,2024,646.25,232.9180698438205
12,Static Early Fusion HistGB,92,2024_L526,2024,778.8,546.8607751681837
12,Static Early Fusion HistGB,105,2024_R114,2024,819.65,336.2296601035366
12,Static Early Fusion HistGB,106,2024_R115,2024,648.75,500.22734619697417
12,Static Early Fusion HistGB,116,2024_R219,2024,125.4,564.8365963101494
12,Static Early Fusion HistGB,118,2024_R2211,2024,620.36,598.5856174610225
12,Static Early Fusion HistGB,119,2024_R2212,2024,649.35,705.5297350381378
12,Static Early Fusion HistGB,121,2024_R228,2024,462.77,480.2654418662703
12,Static Early Fusion HistGB,123,2024_R314,2024,112.5,628.9223186946718
12,Static Early Fusion HistGB,125,2024_R316,2024,366.65,740.0944010519167
12,Static Early Fusion HistGB,140,2024_R529,2024,630.41,591.8134030772314
12,Static Early Fusion HistGB,145,2024_R628,2024,469.8,667.5337955557155
12,Static Early Fusion HistGB,148,2025_CK12,2025,333.3,1180.5066149831152
12,Static Early Fusion HistGB,149,2025_CK13,2025,350.0,766.4868524490445
12,Static Early Fusion HistGB,150,2025_CK21,2025,1412.4,1460.175891431116
12,Static Early Fusion HistGB,151,2025_CK22,2025,1438.2,1553.923886058667
12,Static Early Fusion HistGB,156,2025_L111,2025,1081.7,1162.0781683253786
12,Static Early Fusion HistGB,162,2025_L211,2025,758.6,502.5729043581397
12,Static Early Fusion HistGB,170,2025_L223,2025,1546.96,705.411135267335
12,Static Early Fusion HistGB,173,2025_L226,2025,1374.25,1332.625810771809
12,Static Early Fusion HistGB,175,2025_L312,2025,100.0,1160.0917262902378
12,Static Early Fusion HistGB,182,2025_L413,2025,2125.0,949.0202137130073
12,Static Early Fusion HistGB,193,2025_L522,2025,1462.86,449.5874717885189
12,Static Early Fusion HistGB,194,2025_L523,2025,1384.32,872.5217594559695
12,Trajectory Fusion ExtraTrees,2,2023_123,2023,1014.8,921.7132666666669
12,Trajectory Fusion ExtraTrees,7,2023_225,2023,812.0,1004.5968066666672
12,Trajectory Fusion ExtraTrees,9,2023_321,2023,835.1,1023.3916533333337
12,Trajectory Fusion ExtraTrees,10,2023_322,2023,821.0,1023.3642566666658
12,Trajectory Fusion ExtraTrees,18,2023_521,2023,1008.8,925.9528933333315
12,Trajectory Fusion ExtraTrees,22,2023_525,2023,1087.0,1147.8962633333324
12,Trajectory Fusion ExtraTrees,32,2023_626,2023,1260.0,1115.1349499999974
12,Trajectory Fusion ExtraTrees,35,2023_723,2023,1093.6,1094.5884933333346
12,Trajectory Fusion ExtraTrees,39,2024_CK11,2024,210.0,656.7144350000005
12,Trajectory Fusion ExtraTrees,41,2024_CK13,2024,175.0,703.512165
12,Trajectory Fusion ExtraTrees,50,2024_CK26,2024,831.42,561.8045141666661
12,Trajectory Fusion ExtraTrees,52,2024_L112,2024,651.0,559.6320916666663
12,Trajectory Fusion ExtraTrees,56,2024_L123,2024,270.32,564.5218783333328
12,Trajectory Fusion ExtraTrees,58,2024_L212,2024,229.15,583.8148400000007
12,Trajectory Fusion ExtraTrees,62,2024_L216,2024,916.65,657.7513266666658
12,Trajectory Fusion ExtraTrees,66,2024_L224,2024,524.3,615.4729383333329
12,Trajectory Fusion ExtraTrees,70,2024_L312,2024,750.0,626.4608633333329
12,Trajectory Fusion ExtraTrees,78,2024_L421,2024,920.64,759.1326466666666
12,Trajectory Fusion ExtraTrees,83,2024_L513,2024,646.25,251.53255500000037
12,Trajectory Fusion ExtraTrees,92,2024_L526,2024,778.8,530.145418333333
12,Trajectory Fusion ExtraTrees,105,2024_R114,2024,819.65,637.6820933333336
12,Trajectory Fusion ExtraTrees,106,2024_R115,2024,648.75,620.5795650000009
12,Trajectory Fusion ExtraTrees,116,2024_R219,2024,125.4,583.2520066666659
12,Trajectory Fusion ExtraTrees,118,2024_R2211,2024,620.36,522.6756999999993
12,Trajectory Fusion ExtraTrees,119,2024_R2212,2024,649.35,707.948506666667
12,Trajectory Fusion ExtraTrees,121,2024_R228,2024,462.77,558.4436900000003
12,Trajectory Fusion ExtraTrees,123,2024_R314,2024,112.5,649.2710483333329
12,Trajectory Fusion ExtraTrees,125,2024_R316,2024,366.65,716.5282149999998
12,Trajectory Fusion ExtraTrees,140,2024_R529,2024,630.41,724.3935633333327
12,Trajectory Fusion ExtraTrees,145,2024_R628,2024,469.8,805.0521166666654
12,Trajectory Fusion ExtraTrees,148,2025_CK12,2025,333.3,1145.9011833333332
12,Trajectory Fusion ExtraTrees,149,2025_CK13,2025,350.0,1200.9035133333332
12,Trajectory Fusion ExtraTrees,150,2025_CK21,2025,1412.4,1497.714583333332
12,Trajectory Fusion ExtraTrees,151,2025_CK22,2025,1438.2,1428.9324700000006
12,Trajectory Fusion ExtraTrees,156,2025_L111,2025,1081.7,819.8793200000006
12,Trajectory Fusion ExtraTrees,162,2025_L211,2025,758.6,838.3216599999994
12,Trajectory Fusion ExtraTrees,170,2025_L223,2025,1546.96,1074.3306399999992
12,Trajectory Fusion ExtraTrees,173,2025_L226,2025,1374.25,1157.5386233333343
12,Trajectory Fusion ExtraTrees,175,2025_L312,2025,100.0,868.6791633333336
12,Trajectory Fusion ExtraTrees,182,2025_L413,2025,2125.0,1382.9561133333327
12,Trajectory Fusion ExtraTrees,193,2025_L522,2025,1462.86,1040.918616666667
12,Trajectory Fusion ExtraTrees,194,2025_L523,2025,1384.32,1061.2466499999994
12,CMGT-DINO,2,2023_123,2023,1014.8,925.5084564258506
12,CMGT-DINO,7,2023_225,2023,812.0,1015.2379478319332
12,CMGT-DINO,9,2023_321,2023,835.1,1030.2352044357003
12,CMGT-DINO,10,2023_322,2023,821.0,1022.3020028158847
12,CMGT-DINO,18,2023_521,2023,1008.8,983.7884182623562
12,CMGT-DINO,22,2023_525,2023,1087.0,1161.5046698994256
12,CMGT-DINO,32,2023_626,2023,1260.0,973.2982077069889
12,CMGT-DINO,35,2023_723,2023,1093.6,1159.6394681309334
12,CMGT-DINO,39,2024_CK11,2024,210.0,719.1534682843459
12,CMGT-DINO,41,2024_CK13,2024,175.0,708.3201073312937
12,CMGT-DINO,50,2024_CK26,2024,831.42,587.366038468057
12,CMGT-DINO,52,2024_L112,2024,651.0,582.8372328003326
12,CMGT-DINO,56,2024_L123,2024,270.32,647.5815123098547
12,CMGT-DINO,58,2024_L212,2024,229.15,545.095129893196
12,CMGT-DINO,62,2024_L216,2024,916.65,593.2623820542094
12,CMGT-DINO,66,2024_L224,2024,524.3,662.8156162071887
12,CMGT-DINO,70,2024_L312,2024,750.0,656.6159703801442
12,CMGT-DINO,78,2024_L421,2024,920.64,784.5451267577881
12,CMGT-DINO,83,2024_L513,2024,646.25,361.9170705641602
12,CMGT-DINO,92,2024_L526,2024,778.8,568.6975976757561
12,CMGT-DINO,105,2024_R114,2024,819.65,699.8425863037534
12,CMGT-DINO,106,2024_R115,2024,648.75,678.9492498803957
12,CMGT-DINO,116,2024_R219,2024,125.4,671.7952015263515
12,CMGT-DINO,118,2024_R2211,2024,620.36,465.1790393539219
12,CMGT-DINO,119,2024_R2212,2024,649.35,726.702788320582
12,CMGT-DINO,121,2024_R228,2024,462.77,437.60823329439313
12,CMGT-DINO,123,2024_R314,2024,112.5,599.8451885019141
12,CMGT-DINO,125,2024_R316,2024,366.65,720.1409259829842
12,CMGT-DINO,140,2024_R529,2024,630.41,641.7118591837634
12,CMGT-DINO,145,2024_R628,2024,469.8,858.0794268748172
12,CMGT-DINO,148,2025_CK12,2025,333.3,1133.6543418314855
12,CMGT-DINO,149,2025_CK13,2025,350.0,1155.038014602782
12,CMGT-DINO,150,2025_CK21,2025,1412.4,1339.8900494878117
12,CMGT-DINO,151,2025_CK22,2025,1438.2,1401.4556664205402
12,CMGT-DINO,156,2025_L111,2025,1081.7,603.4538499021263
12,CMGT-DINO,162,2025_L211,2025,758.6,847.5125681108946
12,CMGT-DINO,170,2025_L223,2025,1546.96,1107.9684302334927
12,CMGT-DINO,173,2025_L226,2025,1374.25,1091.0820905822507
12,CMGT-DINO,175,2025_L312,2025,100.0,759.8243869517044
12,CMGT-DINO,182,2025_L413,2025,2125.0,1321.5787605278338
12,CMGT-DINO,193,2025_L522,2025,1462.86,1157.0016225767763
12,CMGT-DINO,194,2025_L523,2025,1384.32,922.1938320692088
13,DINOv3 Static Image ExtraTrees,7,2023_225,2023,812.0,955.43029
13,DINOv3 Static Image ExtraTrees,8,2023_226,2023,760.8,955.43029
13,DINOv3 Static Image ExtraTrees,24,2023_527,2023,1451.6,1244.2952000000002
13,DINOv3 Static Image ExtraTrees,27,2023_621,2023,1174.0,1112.6876800000102
13,DINOv3 Static Image ExtraTrees,29,2023_623,2023,1220.2,1112.6876800000102
13,DINOv3 Static Image ExtraTrees,30,2023_624,2023,1096.5,1244.2952000000002
13,DINOv3 Static Image ExtraTrees,34,2023_722,2023,1065.6,1092.6942987142793
13,DINOv3 Static Image ExtraTrees,38,2023_726,2023,1081.6,1095.7938666666573
13,DINOv3 Static Image ExtraTrees,40,2024_CK12,2024,166.65,665.4042857142846
13,DINOv3 Static Image ExtraTrees,43,2024_CK15,2024,464.25,578.7222727272692
13,DINOv3 Static Image ExtraTrees,45,2024_CK21,2024,706.2,665.4042857142846
13,DINOv3 Static Image ExtraTrees,47,2024_CK23,2024,824.55,665.4042857142846
13,DINOv3 Static Image ExtraTrees,65,2024_L223,2024,773.48,439.67718712120865
13,DINOv3 Static Image ExtraTrees,70,2024_L312,2024,750.0,716.0850000000036
13,DINOv3 Static Image ExtraTrees,71,2024_L313,2024,620.0,716.0850000000036
13,DINOv3 Static Image ExtraTrees,72,2024_L321,2024,723.58,716.0850000000036
13,DINOv3 Static Image ExtraTrees,76,2024_L412,2024,150.0,665.4042857142846
13,DINOv3 Static Image ExtraTrees,79,2024_L422,2024,797.27,665.4042857142846
13,DINOv3 Static Image ExtraTrees,83,2024_L513,2024,646.25,274.98285714285555
13,DINOv3 Static Image ExtraTrees,89,2024_L523,2024,692.16,274.98285714285555
13,DINOv3 Static Image ExtraTrees,93,2024_L611,2024,0.0,274.98285714285555
13,DINOv3 Static Image ExtraTrees,96,2024_L614,2024,360.5,536.4331818181861
13,DINOv3 Static Image ExtraTrees,100,2024_L622,2024,267.75,274.98285714285555
13,DINOv3 Static Image ExtraTrees,101,2024_L623,2024,482.16,274.98285714285555
13,DINOv3 Static Image ExtraTrees,107,2024_R116,2024,553.35,596.026111111108
13,DINOv3 Static Image ExtraTrees,108,2024_R124,2024,523.6,596.026111111108
13,DINOv3 Static Image ExtraTrees,121,2024_R228,2024,462.77,596.026111111108
13,DINOv3 Static Image ExtraTrees,139,2024_R528,2024,926.52,616.6677777777718
13,DINOv3 Static Image ExtraTrees,140,2024_R529,2024,630.41,616.6677777777718
13,DINOv3 Static Image ExtraTrees,146,2024_R629,2024,710.08,616.6677777777718
13,DINOv3 Static Image ExtraTrees,148,2025_CK12,2025,333.3,1202.0900000000058
13,DINOv3 Static Image ExtraTrees,150,2025_CK21,2025,1412.4,1202.0900000000058
13,DINOv3 Static Image ExtraTrees,151,2025_CK22,2025,1438.2,1202.0900000000058
13,DINOv3 Static Image ExtraTrees,164,2025_L213,2025,110.0,987.8321012121299
13,DINOv3 Static Image ExtraTrees,165,2025_L214,2025,562.5,941.2769601818134
13,DINOv3 Static Image ExtraTrees,172,2025_L225,2025,1122.0,941.2769601818134
13,DINOv3 Static Image ExtraTrees,185,2025_L423,2025,1519.38,1202.0900000000058
13,DINOv3 Static Image ExtraTrees,190,2025_L515,2025,205.0,925.7571428571375
13,DINOv3 Static Image ExtraTrees,195,2025_L524,2025,1566.25,925.7571428571375
13,DINOv3 Static Image ExtraTrees,198,2025_L611,2025,800.0,1045.981921333323
13,DINOv3 Static Image ExtraTrees,205,2025_L622,2025,535.5,1045.981921333323
13,DINOv3 Static Image ExtraTrees,206,2025_L623,2025,964.32,1045.981921333323
13,Phenotype-only ExtraTrees,7,2023_225,2023,812.0,956.5817866666664
13,Phenotype-only ExtraTrees,8,2023_226,2023,760.8,1016.8978350000016
13,Phenotype-only ExtraTrees,24,2023_527,2023,1451.6,1050.8974613333341
13,Phenotype-only ExtraTrees,27,2023_621,2023,1174.0,1106.2461399999993
13,Phenotype-only ExtraTrees,29,2023_623,2023,1220.2,1065.7092300000002
13,Phenotype-only ExtraTrees,30,2023_624,2023,1096.5,1109.2651050000002
13,Phenotype-only ExtraTrees,34,2023_722,2023,1065.6,1084.6810150000015
13,Phenotype-only ExtraTrees,38,2023_726,2023,1081.6,1087.3899516666659
13,Phenotype-only ExtraTrees,40,2024_CK12,2024,166.65,549.0513259999994
13,Phenotype-only ExtraTrees,43,2024_CK15,2024,464.25,566.633645
13,Phenotype-only ExtraTrees,45,2024_CK21,2024,706.2,574.2295230000003
13,Phenotype-only ExtraTrees,47,2024_CK23,2024,824.55,635.3213533333336
13,Phenotype-only ExtraTrees,65,2024_L223,2024,773.48,404.84885699999774
13,Phenotype-only ExtraTrees,70,2024_L312,2024,750.0,528.7509666666664
13,Phenotype-only ExtraTrees,71,2024_L313,2024,620.0,586.3560796666668
13,Phenotype-only ExtraTrees,72,2024_L321,2024,723.58,656.2271483333336
13,Phenotype-only ExtraTrees,76,2024_L412,2024,150.0,593.7699149999999
13,Phenotype-only ExtraTrees,79,2024_L422,2024,797.27,633.474257333333
13,Phenotype-only ExtraTrees,83,2024_L513,2024,646.25,663.4289503333338
13,Phenotype-only ExtraTrees,89,2024_L523,2024,692.16,790.9019650000001
13,Phenotype-only ExtraTrees,93,2024_L611,2024,0.0,404.84885699999774
13,Phenotype-only ExtraTrees,96,2024_L614,2024,360.5,563.5119475000001
13,Phenotype-only ExtraTrees,100,2024_L622,2024,267.75,674.5660625000006
13,Phenotype-only ExtraTrees,101,2024_L623,2024,482.16,609.0080933333331
13,Phenotype-only ExtraTrees,107,2024_R116,2024,553.35,545.5966950000003
13,Phenotype-only ExtraTrees,108,2024_R124,2024,523.6,569.6588633333341
13,Phenotype-only ExtraTrees,121,2024_R228,2024,462.77,602.1364150000002
13,Phenotype-only ExtraTrees,139,2024_R528,2024,926.52,575.119466666667
13,Phenotype-only ExtraTrees,140,2024_R529,2024,630.41,523.5267994999999
13,Phenotype-only ExtraTrees,146,2024_R629,2024,710.08,732.6161186666667
13,Phenotype-only ExtraTrees,148,2025_CK12,2025,333.3,903.3170666666653
13,Phenotype-only ExtraTrees,150,2025_CK21,2025,1412.4,1130.4923600000004
13,Phenotype-only ExtraTrees,151,2025_CK22,2025,1438.2,1240.0445516666675
13,Phenotype-only ExtraTrees,164,2025_L213,2025,110.0,874.1240533333324
13,Phenotype-only ExtraTrees,165,2025_L214,2025,562.5,955.1406099999987
13,Phenotype-only ExtraTrees,172,2025_L225,2025,1122.0,859.6680999999991
13,Phenotype-only ExtraTrees,185,2025_L423,2025,1519.38,1148.0368083333346
13,Phenotype-only ExtraTrees,190,2025_L515,2025,205.0,740.6919716666657
13,Phenotype-only ExtraTrees,195,2025_L524,2025,1566.25,1238.9741433333338
13,Phenotype-only ExtraTrees,198,2025_L611,2025,800.0,1178.1758450000002
13,Phenotype-only ExtraTrees,205,2025_L622,2025,535.5,885.802859999999
13,Phenotype-only ExtraTrees,206,2025_L623,2025,964.32,734.9753116666658
13,Environment-only ExtraTrees,7,2023_225,2023,812.0,1054.6751612903288
13,Environment-only ExtraTrees,8,2023_226,2023,760.8,1054.6751612903288
13,Environment-only ExtraTrees,24,2023_527,2023,1451.6,1054.6751612903288
13,Environment-only ExtraTrees,27,2023_621,2023,1174.0,1054.6751612903288
13,Environment-only ExtraTrees,29,2023_623,2023,1220.2,1054.6751612903288
13,Environment-only ExtraTrees,30,2023_624,2023,1096.5,1054.6751612903288
13,Environment-only ExtraTrees,34,2023_722,2023,1065.6,1054.6751612903288
13,Environment-only ExtraTrees,38,2023_726,2023,1081.6,1054.6751612903288
13,Environment-only ExtraTrees,40,2024_CK12,2024,166.65,554.0516860465076
13,Environment-only ExtraTrees,43,2024_CK15,2024,464.25,554.0516860465076
13,Environment-only ExtraTrees,45,2024_CK21,2024,706.2,554.0516860465076
13,Environment-only ExtraTrees,47,2024_CK23,2024,824.55,554.0516860465076
13,Environment-only ExtraTrees,65,2024_L223,2024,773.48,554.0516860465076
13,Environment-only ExtraTrees,70,2024_L312,2024,750.0,554.0516860465076
13,Environment-only ExtraTrees,71,2024_L313,2024,620.0,554.0516860465076
13,Environment-only ExtraTrees,72,2024_L321,2024,723.58,554.0516860465076
13,Environment-only ExtraTrees,76,2024_L412,2024,150.0,554.0516860465076
13,Environment-only ExtraTrees,79,2024_L422,2024,797.27,554.0516860465076
13,Environment-only ExtraTrees,83,2024_L513,2024,646.25,554.0516860465076
13,Environment-only ExtraTrees,89,2024_L523,2024,692.16,554.0516860465076
13,Environment-only ExtraTrees,93,2024_L611,2024,0.0,554.0516860465076
13,Environment-only ExtraTrees,96,2024_L614,2024,360.5,554.0516860465076
13,Environment-only ExtraTrees,100,2024_L622,2024,267.75,554.0516860465076
13,Environment-only ExtraTrees,101,2024_L623,2024,482.16,554.0516860465076
13,Environment-only ExtraTrees,107,2024_R116,2024,553.35,554.0516860465076
13,Environment-only ExtraTrees,108,2024_R124,2024,523.6,554.0516860465076
13,Environment-only ExtraTrees,121,2024_R228,2024,462.77,554.0516860465076
13,Environment-only ExtraTrees,139,2024_R528,2024,926.52,554.0516860465076
13,Environment-only ExtraTrees,140,2024_R529,2024,630.41,554.0516860465076
13,Environment-only ExtraTrees,146,2024_R629,2024,710.08,554.0516860465076
13,Environment-only ExtraTrees,148,2025_CK12,2025,333.3,1017.5166666666634
13,Environment-only ExtraTrees,150,2025_CK21,2025,1412.4,1017.5166666666634
13,Environment-only ExtraTrees,151,2025_CK22,2025,1438.2,1017.5166666666634
13,Environment-only ExtraTrees,164,2025_L213,2025,110.0,1017.5166666666634
13,Environment-only ExtraTrees,165,2025_L214,2025,562.5,1017.5166666666634
13,Environment-only ExtraTrees,172,2025_L225,2025,1122.0,1017.5166666666634
13,Environment-only ExtraTrees,185,2025_L423,2025,1519.38,1017.5166666666634
13,Environment-only ExtraTrees,190,2025_L515,2025,205.0,1017.5166666666634
13,Environment-only ExtraTrees,195,2025_L524,2025,1566.25,1017.5166666666634
13,Environment-only ExtraTrees,198,2025_L611,2025,800.0,1017.5166666666634
13,Environment-only ExtraTrees,205,2025_L622,2025,535.5,1017.5166666666634
13,Environment-only ExtraTrees,206,2025_L623,2025,964.32,1017.5166666666634
13,Static Early Fusion ExtraTrees,7,2023_225,2023,812.0,914.331013333333
13,Static Early Fusion ExtraTrees,8,2023_226,2023,760.8,1035.5526300000004
13,Static Early Fusion ExtraTrees,24,2023_527,2023,1451.6,1148.032040000002
13,Static Early Fusion ExtraTrees,27,2023_621,2023,1174.0,1105.8019299999996
13,Static Early Fusion ExtraTrees,29,2023_623,2023,1220.2,1093.3669200000008
13,Static Early Fusion ExtraTrees,30,2023_624,2023,1096.5,1182.139646666667
13,Static Early Fusion ExtraTrees,34,2023_722,2023,1065.6,1076.54464
13,Static Early Fusion ExtraTrees,38,2023_726,2023,1081.6,1082.8076333333336
13,Static Early Fusion ExtraTrees,40,2024_CK12,2024,166.65,716.3755416666683
13,Static Early Fusion ExtraTrees,43,2024_CK15,2024,464.25,534.7734200000004
13,Static Early Fusion ExtraTrees,45,2024_CK21,2024,706.2,646.4368916666673
13,Static Early Fusion ExtraTrees,47,2024_CK23,2024,824.55,659.4936599999997
13,Static Early Fusion ExtraTrees,65,2024_L223,2024,773.48,482.2575066666668
13,Static Early Fusion ExtraTrees,70,2024_L312,2024,750.0,724.253876666668
13,Static Early Fusion ExtraTrees,71,2024_L313,2024,620.0,702.5878766666676
13,Static Early Fusion ExtraTrees,72,2024_L321,2024,723.58,742.9503783333339
13,Static Early Fusion ExtraTrees,76,2024_L412,2024,150.0,574.9271816666669
13,Static Early Fusion ExtraTrees,79,2024_L422,2024,797.27,648.6994700000004
13,Static Early Fusion ExtraTrees,83,2024_L513,2024,646.25,235.00088833333365
13,Static Early Fusion ExtraTrees,89,2024_L523,2024,692.16,288.9101016666668
13,Static Early Fusion ExtraTrees,93,2024_L611,2024,0.0,71.85470000000002
13,Static Early Fusion ExtraTrees,96,2024_L614,2024,360.5,498.62009999999975
13,Static Early Fusion ExtraTrees,100,2024_L622,2024,267.75,233.47918833333378
13,Static Early Fusion ExtraTrees,101,2024_L623,2024,482.16,218.93913166666727
13,Static Early Fusion ExtraTrees,107,2024_R116,2024,553.35,642.3259033333323
13,Static Early Fusion ExtraTrees,108,2024_R124,2024,523.6,603.2209500000005
13,Static Early Fusion ExtraTrees,121,2024_R228,2024,462.77,614.2667666666658
13,Static Early Fusion ExtraTrees,139,2024_R528,2024,926.52,490.3487166666662
13,Static Early Fusion ExtraTrees,140,2024_R529,2024,630.41,551.1474549999997
13,Static Early Fusion ExtraTrees,146,2024_R629,2024,710.08,679.2279099999997
13,Static Early Fusion ExtraTrees,148,2025_CK12,2025,333.3,1215.3715000000038
13,Static Early Fusion ExtraTrees,150,2025_CK21,2025,1412.4,1512.55320666667
13,Static Early Fusion ExtraTrees,151,2025_CK22,2025,1438.2,1628.401863333338
13,Static Early Fusion ExtraTrees,164,2025_L213,2025,110.0,948.6075183333334
13,Static Early Fusion ExtraTrees,165,2025_L214,2025,562.5,885.3005700000004
13,Static Early Fusion ExtraTrees,172,2025_L225,2025,1122.0,785.1374466666659
13,Static Early Fusion ExtraTrees,185,2025_L423,2025,1519.38,1516.4492166666716
13,Static Early Fusion ExtraTrees,190,2025_L515,2025,205.0,616.3948433333328
13,Static Early Fusion ExtraTrees,195,2025_L524,2025,1566.25,1372.6468966666682
13,Static Early Fusion ExtraTrees,198,2025_L611,2025,800.0,973.3167666666656
13,Static Early Fusion ExtraTrees,205,2025_L622,2025,535.5,1048.9506233333323
13,Static Early Fusion ExtraTrees,206,2025_L623,2025,964.32,1112.3291899999995
13,Static Early Fusion XGBoost,7,2023_225,2023,812.0,871.33447265625
13,Static Early Fusion XGBoost,8,2023_226,2023,760.8,1045.0390625
13,Static Early Fusion XGBoost,24,2023_527,2023,1451.6,1145.4912109375
13,Static Early Fusion XGBoost,27,2023_621,2023,1174.0,1139.3382568359375
13,Static Early Fusion XGBoost,29,2023_623,2023,1220.2,1093.5589599609375
13,Static Early Fusion XGBoost,30,2023_624,2023,1096.5,1203.5157470703125
13,Static Early Fusion XGBoost,34,2023_722,2023,1065.6,1113.04736328125
13,Static Early Fusion XGBoost,38,2023_726,2023,1081.6,1073.55712890625
13,Static Early Fusion XGBoost,40,2024_CK12,2024,166.65,719.383056640625
13,Static Early Fusion XGBoost,43,2024_CK15,2024,464.25,565.8631591796875
13,Static Early Fusion XGBoost,45,2024_CK21,2024,706.2,761.419677734375
13,Static Early Fusion XGBoost,47,2024_CK23,2024,824.55,614.7648315429688
13,Static Early Fusion XGBoost,65,2024_L223,2024,773.48,372.50311279296875
13,Static Early Fusion XGBoost,70,2024_L312,2024,750.0,645.0011596679688
13,Static Early Fusion XGBoost,71,2024_L313,2024,620.0,800.482177734375
13,Static Early Fusion XGBoost,72,2024_L321,2024,723.58,797.457763671875
13,Static Early Fusion XGBoost,76,2024_L412,2024,150.0,695.48974609375
13,Static Early Fusion XGBoost,79,2024_L422,2024,797.27,720.4476318359375
13,Static Early Fusion XGBoost,83,2024_L513,2024,646.25,661.4918212890625
13,Static Early Fusion XGBoost,89,2024_L523,2024,692.16,364.25714111328125
13,Static Early Fusion XGBoost,93,2024_L611,2024,0.0,125.0904541015625
13,Static Early Fusion XGBoost,96,2024_L614,2024,360.5,384.9251708984375
13,Static Early Fusion XGBoost,100,2024_L622,2024,267.75,391.4755859375
13,Static Early Fusion XGBoost,101,2024_L623,2024,482.16,227.99607849121094
13,Static Early Fusion XGBoost,107,2024_R116,2024,553.35,564.36376953125
13,Static Early Fusion XGBoost,108,2024_R124,2024,523.6,676.6807861328125
13,Static Early Fusion XGBoost,121,2024_R228,2024,462.77,558.3651123046875
13,Static Early Fusion XGBoost,139,2024_R528,2024,926.52,567.3997192382812
13,Static Early Fusion XGBoost,140,2024_R529,2024,630.41,515.5897827148438
13,Static Early Fusion XGBoost,146,2024_R629,2024,710.08,703.912109375
13,Static Early Fusion XGBoost,148,2025_CK12,2025,333.3,1083.14111328125
13,Static Early Fusion XGBoost,150,2025_CK21,2025,1412.4,1227.490478515625
13,Static Early Fusion XGBoost,151,2025_CK22,2025,1438.2,1478.7467041015625
13,Static Early Fusion XGBoost,164,2025_L213,2025,110.0,932.4412231445312
13,Static Early Fusion XGBoost,165,2025_L214,2025,562.5,852.9306640625
13,Static Early Fusion XGBoost,172,2025_L225,2025,1122.0,735.884765625
13,Static Early Fusion XGBoost,185,2025_L423,2025,1519.38,1408.8701171875
13,Static Early Fusion XGBoost,190,2025_L515,2025,205.0,500.8621826171875
13,Static Early Fusion XGBoost,195,2025_L524,2025,1566.25,1426.194091796875
13,Static Early Fusion XGBoost,198,2025_L611,2025,800.0,1245.9447021484375
13,Static Early Fusion XGBoost,205,2025_L622,2025,535.5,1040.3363037109375
13,Static Early Fusion XGBoost,206,2025_L623,2025,964.32,1007.0950317382812
13,Static Early Fusion CatBoost,7,2023_225,2023,812.0,937.0536996617153
13,Static Early Fusion CatBoost,8,2023_226,2023,760.8,998.9765175832233
13,Static Early Fusion CatBoost,24,2023_527,2023,1451.6,991.9353790231776
13,Static Early Fusion CatBoost,27,2023_621,2023,1174.0,1091.770787056643
13,Static Early Fusion CatBoost,29,2023_623,2023,1220.2,1117.159343433721
13,Static Early Fusion CatBoost,30,2023_624,2023,1096.5,1172.8529042174696
13,Static Early Fusion CatBoost,34,2023_722,2023,1065.6,918.2718911504455
13,Static Early Fusion CatBoost,38,2023_726,2023,1081.6,1120.377724678382
13,Static Early Fusion CatBoost,40,2024_CK12,2024,166.65,679.3876099366126
13,Static Early Fusion CatBoost,43,2024_CK15,2024,464.25,580.8352241508259
13,Static Early Fusion CatBoost,45,2024_CK21,2024,706.2,626.781528229048
13,Static Early Fusion CatBoost,47,2024_CK23,2024,824.55,580.7615001085285
13,Static Early Fusion CatBoost,65,2024_L223,2024,773.48,401.26823813187104
13,Static Early Fusion CatBoost,70,2024_L312,2024,750.0,641.0077757919694
13,Static Early Fusion CatBoost,71,2024_L313,2024,620.0,721.6499160778275
13,Static Early Fusion CatBoost,72,2024_L321,2024,723.58,671.7558188203496
13,Static Early Fusion CatBoost,76,2024_L412,2024,150.0,657.248013097117
13,Static Early Fusion CatBoost,79,2024_L422,2024,797.27,603.8350601724496
13,Static Early Fusion CatBoost,83,2024_L513,2024,646.25,530.0986306330689
13,Static Early Fusion CatBoost,89,2024_L523,2024,692.16,409.24866334561693
13,Static Early Fusion CatBoost,93,2024_L611,2024,0.0,123.37853279512046
13,Static Early Fusion CatBoost,96,2024_L614,2024,360.5,488.04781217814855
13,Static Early Fusion CatBoost,100,2024_L622,2024,267.75,348.5496309182761
13,Static Early Fusion CatBoost,101,2024_L623,2024,482.16,286.7902405058761
13,Static Early Fusion CatBoost,107,2024_R116,2024,553.35,621.0079919156219
13,Static Early Fusion CatBoost,108,2024_R124,2024,523.6,600.9581521569066
13,Static Early Fusion CatBoost,121,2024_R228,2024,462.77,644.9355853690184
13,Static Early Fusion CatBoost,139,2024_R528,2024,926.52,512.9281729622993
13,Static Early Fusion CatBoost,140,2024_R529,2024,630.41,549.7554739605877
13,Static Early Fusion CatBoost,146,2024_R629,2024,710.08,751.4947043780626
13,Static Early Fusion CatBoost,148,2025_CK12,2025,333.3,1356.8034245570398
13,Static Early Fusion CatBoost,150,2025_CK21,2025,1412.4,1214.5945840811726
13,Static Early Fusion CatBoost,151,2025_CK22,2025,1438.2,1671.095061517547
13,Static Early Fusion CatBoost,164,2025_L213,2025,110.0,906.5137641723264
13,Static Early Fusion CatBoost,165,2025_L214,2025,562.5,968.3639631655632
13,Static Early Fusion CatBoost,172,2025_L225,2025,1122.0,760.6582449503544
13,Static Early Fusion CatBoost,185,2025_L423,2025,1519.38,1505.896811052056
13,Static Early Fusion CatBoost,190,2025_L515,2025,205.0,554.2564359692788
13,Static Early Fusion CatBoost,195,2025_L524,2025,1566.25,1363.1512126119396
13,Static Early Fusion CatBoost,198,2025_L611,2025,800.0,1098.0927515987141
13,Static Early Fusion CatBoost,205,2025_L622,2025,535.5,1085.1935816790701
13,Static Early Fusion CatBoost,206,2025_L623,2025,964.32,1116.8173387229463
13,Static Early Fusion HistGB,7,2023_225,2023,812.0,919.7600872270266
13,Static Early Fusion HistGB,8,2023_226,2023,760.8,1110.8459640466037
13,Static Early Fusion HistGB,24,2023_527,2023,1451.6,1203.687848053007
13,Static Early Fusion HistGB,27,2023_621,2023,1174.0,1151.1606055679542
13,Static Early Fusion HistGB,29,2023_623,2023,1220.2,1045.251671818717
13,Static Early Fusion HistGB,30,2023_624,2023,1096.5,1157.4277776825184
13,Static Early Fusion HistGB,34,2023_722,2023,1065.6,1095.785402550124
13,Static Early Fusion HistGB,38,2023_726,2023,1081.6,1107.5451138409649
13,Static Early Fusion HistGB,40,2024_CK12,2024,166.65,686.9313594530504
13,Static Early Fusion HistGB,43,2024_CK15,2024,464.25,492.60402761143865
13,Static Early Fusion HistGB,45,2024_CK21,2024,706.2,736.196886336195
13,Static Early Fusion HistGB,47,2024_CK23,2024,824.55,651.9077578603609
13,Static Early Fusion HistGB,65,2024_L223,2024,773.48,334.94910583307677
13,Static Early Fusion HistGB,70,2024_L312,2024,750.0,764.3964484786559
13,Static Early Fusion HistGB,71,2024_L313,2024,620.0,691.7406129586705
13,Static Early Fusion HistGB,72,2024_L321,2024,723.58,679.5510966055216
13,Static Early Fusion HistGB,76,2024_L412,2024,150.0,615.4458845823814
13,Static Early Fusion HistGB,79,2024_L422,2024,797.27,600.6197823712486
13,Static Early Fusion HistGB,83,2024_L513,2024,646.25,570.7629316930247
13,Static Early Fusion HistGB,89,2024_L523,2024,692.16,405.9023379069945
13,Static Early Fusion HistGB,93,2024_L611,2024,0.0,79.63403431770715
13,Static Early Fusion HistGB,96,2024_L614,2024,360.5,564.5542960580988
13,Static Early Fusion HistGB,100,2024_L622,2024,267.75,397.3605334124855
13,Static Early Fusion HistGB,101,2024_L623,2024,482.16,250.84183128670352
13,Static Early Fusion HistGB,107,2024_R116,2024,553.35,596.4911964626823
13,Static Early Fusion HistGB,108,2024_R124,2024,523.6,660.6323825796181
13,Static Early Fusion HistGB,121,2024_R228,2024,462.77,682.0316349498079
13,Static Early Fusion HistGB,139,2024_R528,2024,926.52,460.0795065059661
13,Static Early Fusion HistGB,140,2024_R529,2024,630.41,538.7181332242799
13,Static Early Fusion HistGB,146,2024_R629,2024,710.08,748.4543088687791
13,Static Early Fusion HistGB,148,2025_CK12,2025,333.3,1141.4614055853258
13,Static Early Fusion HistGB,150,2025_CK21,2025,1412.4,1392.2212382484315
13,Static Early Fusion HistGB,151,2025_CK22,2025,1438.2,1604.3199003293125
13,Static Early Fusion HistGB,164,2025_L213,2025,110.0,1192.2129749556586
13,Static Early Fusion HistGB,165,2025_L214,2025,562.5,724.4780070617877
13,Static Early Fusion HistGB,172,2025_L225,2025,1122.0,633.7356958549253
13,Static Early Fusion HistGB,185,2025_L423,2025,1519.38,1622.8307872249559
13,Static Early Fusion HistGB,190,2025_L515,2025,205.0,238.13321634761272
13,Static Early Fusion HistGB,195,2025_L524,2025,1566.25,1560.2220224879488
13,Static Early Fusion HistGB,198,2025_L611,2025,800.0,1001.6665899807555
13,Static Early Fusion HistGB,205,2025_L622,2025,535.5,1161.8434573269883
13,Static Early Fusion HistGB,206,2025_L623,2025,964.32,1182.6639374458318
13,Trajectory Fusion ExtraTrees,7,2023_225,2023,812.0,882.1838499999983
13,Trajectory Fusion ExtraTrees,8,2023_226,2023,760.8,1009.8244733333343
13,Trajectory Fusion ExtraTrees,24,2023_527,2023,1451.6,1209.238379999999
13,Trajectory Fusion ExtraTrees,27,2023_621,2023,1174.0,1098.1646500000004
13,Trajectory Fusion ExtraTrees,29,2023_623,2023,1220.2,1111.1194900000005
13,Trajectory Fusion ExtraTrees,30,2023_624,2023,1096.5,1190.0035666666608
13,Trajectory Fusion ExtraTrees,34,2023_722,2023,1065.6,1101.582233333334
13,Trajectory Fusion ExtraTrees,38,2023_726,2023,1081.6,1096.331790000001
13,Trajectory Fusion ExtraTrees,40,2024_CK12,2024,166.65,645.7074133333335
13,Trajectory Fusion ExtraTrees,43,2024_CK15,2024,464.25,656.0410866666675
13,Trajectory Fusion ExtraTrees,45,2024_CK21,2024,706.2,679.1691916666671
13,Trajectory Fusion ExtraTrees,47,2024_CK23,2024,824.55,665.9804133333341
13,Trajectory Fusion ExtraTrees,65,2024_L223,2024,773.48,479.8368083333337
13,Trajectory Fusion ExtraTrees,70,2024_L312,2024,750.0,643.2946000000001
13,Trajectory Fusion ExtraTrees,71,2024_L313,2024,620.0,700.0043533333333
13,Trajectory Fusion ExtraTrees,72,2024_L321,2024,723.58,671.4257749999999
13,Trajectory Fusion ExtraTrees,76,2024_L412,2024,150.0,689.9836383333335
13,Trajectory Fusion ExtraTrees,79,2024_L422,2024,797.27,664.4490350000009
13,Trajectory Fusion ExtraTrees,83,2024_L513,2024,646.25,311.8599100000001
13,Trajectory Fusion ExtraTrees,89,2024_L523,2024,692.16,359.4144816666663
13,Trajectory Fusion ExtraTrees,93,2024_L611,2024,0.0,76.13303333333336
13,Trajectory Fusion ExtraTrees,96,2024_L614,2024,360.5,469.5259033333331
13,Trajectory Fusion ExtraTrees,100,2024_L622,2024,267.75,316.14624
13,Trajectory Fusion ExtraTrees,101,2024_L623,2024,482.16,312.6872400000004
13,Trajectory Fusion ExtraTrees,107,2024_R116,2024,553.35,520.53171
13,Trajectory Fusion ExtraTrees,108,2024_R124,2024,523.6,458.8087683333335
13,Trajectory Fusion ExtraTrees,121,2024_R228,2024,462.77,646.1526800000004
13,Trajectory Fusion ExtraTrees,139,2024_R528,2024,926.52,600.6744016666669
13,Trajectory Fusion ExtraTrees,140,2024_R529,2024,630.41,570.9746266666666
13,Trajectory Fusion ExtraTrees,146,2024_R629,2024,710.08,661.8020700000002
13,Trajectory Fusion ExtraTrees,148,2025_CK12,2025,333.3,1140.3398433333352
13,Trajectory Fusion ExtraTrees,150,2025_CK21,2025,1412.4,1559.4157966666712
13,Trajectory Fusion ExtraTrees,151,2025_CK22,2025,1438.2,1366.7771700000033
13,Trajectory Fusion ExtraTrees,164,2025_L213,2025,110.0,1012.497176666666
13,Trajectory Fusion ExtraTrees,165,2025_L214,2025,562.5,752.6020533333335
13,Trajectory Fusion ExtraTrees,172,2025_L225,2025,1122.0,1047.1346399999986
13,Trajectory Fusion ExtraTrees,185,2025_L423,2025,1519.38,1283.8390066666693
13,Trajectory Fusion ExtraTrees,190,2025_L515,2025,205.0,754.5082366666666
13,Trajectory Fusion ExtraTrees,195,2025_L524,2025,1566.25,1313.8417966666698
13,Trajectory Fusion ExtraTrees,198,2025_L611,2025,800.0,996.0408233333327
13,Trajectory Fusion ExtraTrees,205,2025_L622,2025,535.5,1018.1803566666665
13,Trajectory Fusion ExtraTrees,206,2025_L623,2025,964.32,1194.6848333333337
13,CMGT-DINO,7,2023_225,2023,812.0,878.5986086604504
13,CMGT-DINO,8,2023_226,2023,760.8,980.4237271382633
13,CMGT-DINO,24,2023_527,2023,1451.6,1194.8835636446706
13,CMGT-DINO,27,2023_621,2023,1174.0,1074.1514093038095
13,CMGT-DINO,29,2023_623,2023,1220.2,1085.790612808038
13,CMGT-DINO,30,2023_624,2023,1096.5,1183.8057423713256
13,CMGT-DINO,34,2023_722,2023,1065.6,1076.4408642430847
13,CMGT-DINO,38,2023_726,2023,1081.6,1073.4412418891052
13,CMGT-DINO,40,2024_CK12,2024,166.65,644.6215028517132
13,CMGT-DINO,43,2024_CK15,2024,464.25,645.7493417373912
13,CMGT-DINO,45,2024_CK21,2024,706.2,662.8507262840773
13,CMGT-DINO,47,2024_CK23,2024,824.55,648.7653725898521
13,CMGT-DINO,65,2024_L223,2024,773.48,532.1596457955757
13,CMGT-DINO,70,2024_L312,2024,750.0,635.9786150057284
13,CMGT-DINO,71,2024_L313,2024,620.0,663.6172576429205
13,CMGT-DINO,72,2024_L321,2024,723.58,645.1805387285691
13,CMGT-DINO,76,2024_L412,2024,150.0,664.7847361860601
13,CMGT-DINO,79,2024_L422,2024,797.27,674.8882964484679
13,CMGT-DINO,83,2024_L513,2024,646.25,346.3944284536362
13,CMGT-DINO,89,2024_L523,2024,692.16,405.69794006503173
13,CMGT-DINO,93,2024_L611,2024,0.0,105.15228690349339
13,CMGT-DINO,96,2024_L614,2024,360.5,484.2495100624262
13,CMGT-DINO,100,2024_L622,2024,267.75,323.791175793953
13,CMGT-DINO,101,2024_L623,2024,482.16,345.0261957474238
13,CMGT-DINO,107,2024_R116,2024,553.35,520.3967177878701
13,CMGT-DINO,108,2024_R124,2024,523.6,501.0987287397982
13,CMGT-DINO,121,2024_R228,2024,462.77,624.6088558871324
13,CMGT-DINO,139,2024_R528,2024,926.52,629.8737326734744
13,CMGT-DINO,140,2024_R529,2024,630.41,553.801945430757
13,CMGT-DINO,146,2024_R629,2024,710.08,643.2527079211083
13,CMGT-DINO,148,2025_CK12,2025,333.3,1044.0760547689692
13,CMGT-DINO,150,2025_CK21,2025,1412.4,1212.6068788030784
13,CMGT-DINO,151,2025_CK22,2025,1438.2,1261.7993778019884
13,CMGT-DINO,164,2025_L213,2025,110.0,1214.0561132885625
13,CMGT-DINO,165,2025_L214,2025,562.5,874.5486692078026
13,CMGT-DINO,172,2025_L225,2025,1122.0,858.168494761495
13,CMGT-DINO,185,2025_L423,2025,1519.38,1208.1491148520024
13,CMGT-DINO,190,2025_L515,2025,205.0,614.7543161789896
13,CMGT-DINO,195,2025_L524,2025,1566.25,1381.1246818254297
13,CMGT-DINO,198,2025_L611,2025,800.0,1032.4333845676986
13,CMGT-DINO,205,2025_L622,2025,535.5,824.5931493415761
13,CMGT-DINO,206,2025_L623,2025,964.32,1197.3918469569269
14,DINOv3 Static Image ExtraTrees,0,2023_121,2023,910.0,930.0734666666725
14,DINOv3 Static Image ExtraTrees,11,2023_323,2023,1046.8,869.7120999999999
14,DINOv3 Static Image ExtraTrees,13,2023_325,2023,1070.0,1099.9535666666636
14,DINOv3 Static Image ExtraTrees,23,2023_526,2023,1124.4,1151.6046000000001
14,DINOv3 Static Image ExtraTrees,28,2023_622,2023,1112.9,1151.6046000000001
14,DINOv3 Static Image ExtraTrees,34,2023_722,2023,1065.6,1092.6940784126894
14,DINOv3 Static Image ExtraTrees,36,2023_724,2023,1070.4,1111.771331277049
14,DINOv3 Static Image ExtraTrees,37,2023_725,2023,1120.8,1111.771331277049
14,DINOv3 Static Image ExtraTrees,41,2024_CK13,2024,175.0,623.4718222222265
14,DINOv3 Static Image ExtraTrees,45,2024_CK21,2024,706.2,623.4718222222265
14,DINOv3 Static Image ExtraTrees,60,2024_L214,2024,881.25,642.8578571428616
14,DINOv3 Static Image ExtraTrees,62,2024_L216,2024,916.65,642.8578571428616
14,DINOv3 Static Image ExtraTrees,69,2024_L311,2024,805.0,642.8578571428616
14,DINOv3 Static Image ExtraTrees,70,2024_L312,2024,750.0,642.8578571428616
14,DINOv3 Static Image ExtraTrees,73,2024_L322,2024,685.44,642.8578571428616
14,DINOv3 Static Image ExtraTrees,75,2024_L411,2024,810.9,623.4718222222265
14,DINOv3 Static Image ExtraTrees,91,2024_L525,2024,738.1,512.2685884722212
14,DINOv3 Static Image ExtraTrees,92,2024_L526,2024,778.8,512.2685884722212
14,DINOv3 Static Image ExtraTrees,95,2024_L613,2024,325.35,335.3834810606085
14,DINOv3 Static Image ExtraTrees,97,2024_L615,2024,466.5,512.2685884722212
14,DINOv3 Static Image ExtraTrees,98,2024_L616,2024,180.75,512.2685884722212
14,DINOv3 Static Image ExtraTrees,108,2024_R124,2024,523.6,580.0322727272804
14,DINOv3 Static Image ExtraTrees,124,2024_R315,2024,530.0,570.0965000000052
14,DINOv3 Static Image ExtraTrees,126,2024_R324,2024,373.8,570.0965000000052
14,DINOv3 Static Image ExtraTrees,134,2024_R426,2024,574.77,568.6749999999946
14,DINOv3 Static Image ExtraTrees,137,2024_R519,2024,565.0,715.1599999999953
14,DINOv3 Static Image ExtraTrees,139,2024_R528,2024,926.52,715.1599999999953
14,DINOv3 Static Image ExtraTrees,140,2024_R529,2024,630.41,715.1599999999953
14,DINOv3 Static Image ExtraTrees,143,2024_R619,2024,75.0,715.1599999999953
14,DINOv3 Static Image ExtraTrees,144,2024_R627,2024,613.97,715.1599999999953
14,DINOv3 Static Image ExtraTrees,147,2025_CK11,2025,420.0,1155.2486833333298
14,DINOv3 Static Image ExtraTrees,150,2025_CK21,2025,1412.4,1155.2486833333298
14,DINOv3 Static Image ExtraTrees,152,2025_CK23,2025,1649.1,1155.2486833333298
14,DINOv3 Static Image ExtraTrees,153,2025_CK24,2025,1226.05,1497.1442666666737
14,DINOv3 Static Image ExtraTrees,165,2025_L214,2025,562.5,866.7162653333447
14,DINOv3 Static Image ExtraTrees,168,2025_L221,2025,1403.36,870.228143939399
14,DINOv3 Static Image ExtraTrees,177,2025_L321,2025,1447.16,866.7162653333447
14,DINOv3 Static Image ExtraTrees,179,2025_L323,2025,1288.0,866.7162653333447
14,DINOv3 Static Image ExtraTrees,184,2025_L422,2025,1594.54,1155.2486833333298
14,DINOv3 Static Image ExtraTrees,188,2025_L513,2025,1292.5,896.0702145454576
14,DINOv3 Static Image ExtraTrees,193,2025_L522,2025,1462.86,896.0702145454576
14,DINOv3 Static Image ExtraTrees,203,2025_L616,2025,37.5,1026.926184722213
14,Phenotype-only ExtraTrees,0,2023_121,2023,910.0,899.4162916666686
14,Phenotype-only ExtraTrees,11,2023_323,2023,1046.8,1018.5382700000009
14,Phenotype-only ExtraTrees,13,2023_325,2023,1070.0,928.8031616666674
14,Phenotype-only ExtraTrees,23,2023_526,2023,1124.4,1110.0322023333338
14,Phenotype-only ExtraTrees,28,2023_622,2023,1112.9,1131.1922866666678
14,Phenotype-only ExtraTrees,34,2023_722,2023,1065.6,1134.0119670000004
14,Phenotype-only ExtraTrees,36,2023_724,2023,1070.4,1107.9527983333317
14,Phenotype-only ExtraTrees,37,2023_725,2023,1120.8,1081.0539849999998
14,Phenotype-only ExtraTrees,41,2024_CK13,2024,175.0,623.5202199999998
14,Phenotype-only ExtraTrees,45,2024_CK21,2024,706.2,598.6627796666667
14,Phenotype-only ExtraTrees,60,2024_L214,2024,881.25,626.5319999999995
14,Phenotype-only ExtraTrees,62,2024_L216,2024,916.65,563.2556049999994
14,Phenotype-only ExtraTrees,69,2024_L311,2024,805.0,530.7502436666665
14,Phenotype-only ExtraTrees,70,2024_L312,2024,750.0,577.8499249999996
14,Phenotype-only ExtraTrees,73,2024_L322,2024,685.44,522.2469400000003
14,Phenotype-only ExtraTrees,75,2024_L411,2024,810.9,320.06244733333267
14,Phenotype-only ExtraTrees,91,2024_L525,2024,738.1,660.5047883333326
14,Phenotype-only ExtraTrees,92,2024_L526,2024,778.8,643.8021866666659
14,Phenotype-only ExtraTrees,95,2024_L613,2024,325.35,712.1637183333335
14,Phenotype-only ExtraTrees,97,2024_L615,2024,466.5,717.4948449999999
14,Phenotype-only ExtraTrees,98,2024_L616,2024,180.75,648.3584974999999
14,Phenotype-only ExtraTrees,108,2024_R124,2024,523.6,551.4491136666664
14,Phenotype-only ExtraTrees,124,2024_R315,2024,530.0,653.9144733333334
14,Phenotype-only ExtraTrees,126,2024_R324,2024,373.8,660.7195316666672
14,Phenotype-only ExtraTrees,134,2024_R426,2024,574.77,634.1923216666661
14,Phenotype-only ExtraTrees,137,2024_R519,2024,565.0,511.3005150000001
14,Phenotype-only ExtraTrees,139,2024_R528,2024,926.52,599.9764249999998
14,Phenotype-only ExtraTrees,140,2024_R529,2024,630.41,493.01556333333326
14,Phenotype-only ExtraTrees,143,2024_R619,2024,75.0,589.9064244999997
14,Phenotype-only ExtraTrees,144,2024_R627,2024,613.97,602.486998333333
14,Phenotype-only ExtraTrees,147,2025_CK11,2025,420.0,866.4048953333327
14,Phenotype-only ExtraTrees,150,2025_CK21,2025,1412.4,1024.5858383333327
14,Phenotype-only ExtraTrees,152,2025_CK23,2025,1649.1,790.0851023333328
14,Phenotype-only ExtraTrees,153,2025_CK24,2025,1226.05,1155.469753333332
14,Phenotype-only ExtraTrees,165,2025_L214,2025,562.5,796.9808799999993
14,Phenotype-only ExtraTrees,168,2025_L221,2025,1403.36,847.4515783333337
14,Phenotype-only ExtraTrees,177,2025_L321,2025,1447.16,1058.9101916666664
14,Phenotype-only ExtraTrees,179,2025_L323,2025,1288.0,900.6081333333335
14,Phenotype-only ExtraTrees,184,2025_L422,2025,1594.54,1135.8695766666683
14,Phenotype-only ExtraTrees,188,2025_L513,2025,1292.5,811.9041016666658
14,Phenotype-only ExtraTrees,193,2025_L522,2025,1462.86,684.035404999999
14,Phenotype-only ExtraTrees,203,2025_L616,2025,37.5,711.962925333333
14,Environment-only ExtraTrees,0,2023_121,2023,910.0,1059.236451612902
14,Environment-only ExtraTrees,11,2023_323,2023,1046.8,1059.236451612902
14,Environment-only ExtraTrees,13,2023_325,2023,1070.0,1059.236451612902
14,Environment-only ExtraTrees,23,2023_526,2023,1124.4,1059.236451612902
14,Environment-only ExtraTrees,28,2023_622,2023,1112.9,1059.236451612902
14,Environment-only ExtraTrees,34,2023_722,2023,1065.6,1059.236451612902
14,Environment-only ExtraTrees,36,2023_724,2023,1070.4,1059.236451612902
14,Environment-only ExtraTrees,37,2023_725,2023,1120.8,1059.236451612902
14,Environment-only ExtraTrees,41,2024_CK13,2024,175.0,544.7321511627881
14,Environment-only ExtraTrees,45,2024_CK21,2024,706.2,544.7321511627881
14,Environment-only ExtraTrees,60,2024_L214,2024,881.25,544.7321511627881
14,Environment-only ExtraTrees,62,2024_L216,2024,916.65,544.7321511627881
14,Environment-only ExtraTrees,69,2024_L311,2024,805.0,544.7321511627881
14,Environment-only ExtraTrees,70,2024_L312,2024,750.0,544.7321511627881
14,Environment-only ExtraTrees,73,2024_L322,2024,685.44,544.7321511627881
14,Environment-only ExtraTrees,75,2024_L411,2024,810.9,544.7321511627881
14,Environment-only ExtraTrees,91,2024_L525,2024,738.1,544.7321511627881
14,Environment-only ExtraTrees,92,2024_L526,2024,778.8,544.7321511627881
14,Environment-only ExtraTrees,95,2024_L613,2024,325.35,544.7321511627881
14,Environment-only ExtraTrees,97,2024_L615,2024,466.5,544.7321511627881
14,Environment-only ExtraTrees,98,2024_L616,2024,180.75,544.7321511627881
14,Environment-only ExtraTrees,108,2024_R124,2024,523.6,544.7321511627881
14,Environment-only ExtraTrees,124,2024_R315,2024,530.0,544.7321511627881
14,Environment-only ExtraTrees,126,2024_R324,2024,373.8,544.7321511627881
14,Environment-only ExtraTrees,134,2024_R426,2024,574.77,544.7321511627881
14,Environment-only ExtraTrees,137,2024_R519,2024,565.0,544.7321511627881
14,Environment-only ExtraTrees,139,2024_R528,2024,926.52,544.7321511627881
14,Environment-only ExtraTrees,140,2024_R529,2024,630.41,544.7321511627881
14,Environment-only ExtraTrees,143,2024_R619,2024,75.0,544.7321511627881
14,Environment-only ExtraTrees,144,2024_R627,2024,613.97,544.7321511627881
14,Environment-only ExtraTrees,147,2025_CK11,2025,420.0,951.8952173913099
14,Environment-only ExtraTrees,150,2025_CK21,2025,1412.4,951.8952173913099
14,Environment-only ExtraTrees,152,2025_CK23,2025,1649.1,951.8952173913099
14,Environment-only ExtraTrees,153,2025_CK24,2025,1226.05,1510.8000000000086
14,Environment-only ExtraTrees,165,2025_L214,2025,562.5,951.8952173913099
14,Environment-only ExtraTrees,168,2025_L221,2025,1403.36,951.8952173913099
14,Environment-only ExtraTrees,177,2025_L321,2025,1447.16,951.8952173913099
14,Environment-only ExtraTrees,179,2025_L323,2025,1288.0,951.8952173913099
14,Environment-only ExtraTrees,184,2025_L422,2025,1594.54,951.8952173913099
14,Environment-only ExtraTrees,188,2025_L513,2025,1292.5,951.8952173913099
14,Environment-only ExtraTrees,193,2025_L522,2025,1462.86,951.8952173913099
14,Environment-only ExtraTrees,203,2025_L616,2025,37.5,951.8952173913099
14,Static Early Fusion ExtraTrees,0,2023_121,2023,910.0,906.2201800000006
14,Static Early Fusion ExtraTrees,11,2023_323,2023,1046.8,884.4165433333334
14,Static Early Fusion ExtraTrees,13,2023_325,2023,1070.0,1076.4428700000008
14,Static Early Fusion ExtraTrees,23,2023_526,2023,1124.4,1149.2856533333334
14,Static Early Fusion ExtraTrees,28,2023_622,2023,1112.9,1153.2752666666654
14,Static Early Fusion ExtraTrees,34,2023_722,2023,1065.6,1118.3237966666672
14,Static Early Fusion ExtraTrees,36,2023_724,2023,1070.4,1097.0062833333336
14,Static Early Fusion ExtraTrees,37,2023_725,2023,1120.8,1112.1840200000004
14,Static Early Fusion ExtraTrees,41,2024_CK13,2024,175.0,669.695308333334
14,Static Early Fusion ExtraTrees,45,2024_CK21,2024,706.2,657.4855533333338
14,Static Early Fusion ExtraTrees,60,2024_L214,2024,881.25,661.237131666667
14,Static Early Fusion ExtraTrees,62,2024_L216,2024,916.65,640.8174850000001
14,Static Early Fusion ExtraTrees,69,2024_L311,2024,805.0,610.1587949999995
14,Static Early Fusion ExtraTrees,70,2024_L312,2024,750.0,662.8920050000007
14,Static Early Fusion ExtraTrees,73,2024_L322,2024,685.44,584.0624966666668
14,Static Early Fusion ExtraTrees,75,2024_L411,2024,810.9,570.4089250000002
14,Static Early Fusion ExtraTrees,91,2024_L525,2024,738.1,491.39627666666667
14,Static Early Fusion ExtraTrees,92,2024_L526,2024,778.8,541.0856883333328
14,Static Early Fusion ExtraTrees,95,2024_L613,2024,325.35,445.55759999999935
14,Static Early Fusion ExtraTrees,97,2024_L615,2024,466.5,507.9121483333331
14,Static Early Fusion ExtraTrees,98,2024_L616,2024,180.75,527.3460716666671
14,Static Early Fusion ExtraTrees,108,2024_R124,2024,523.6,588.0609366666663
14,Static Early Fusion ExtraTrees,124,2024_R315,2024,530.0,539.7532166666668
14,Static Early Fusion ExtraTrees,126,2024_R324,2024,373.8,628.3738450000004
14,Static Early Fusion ExtraTrees,134,2024_R426,2024,574.77,624.0045449999999
14,Static Early Fusion ExtraTrees,137,2024_R519,2024,565.0,630.119996666666
14,Static Early Fusion ExtraTrees,139,2024_R528,2024,926.52,606.9324966666662
14,Static Early Fusion ExtraTrees,140,2024_R529,2024,630.41,605.7786249999997
14,Static Early Fusion ExtraTrees,143,2024_R619,2024,75.0,662.5656783333332
14,Static Early Fusion ExtraTrees,144,2024_R627,2024,613.97,666.6006450000003
14,Static Early Fusion ExtraTrees,147,2025_CK11,2025,420.0,962.5158966666684
14,Static Early Fusion ExtraTrees,150,2025_CK21,2025,1412.4,1325.7034033333343
14,Static Early Fusion ExtraTrees,152,2025_CK23,2025,1649.1,1012.5055033333342
14,Static Early Fusion ExtraTrees,153,2025_CK24,2025,1226.05,1360.7086433333357
14,Static Early Fusion ExtraTrees,165,2025_L214,2025,562.5,890.055243333333
14,Static Early Fusion ExtraTrees,168,2025_L221,2025,1403.36,1072.7540933333332
14,Static Early Fusion ExtraTrees,177,2025_L321,2025,1447.16,1034.6302500000002
14,Static Early Fusion ExtraTrees,179,2025_L323,2025,1288.0,938.0715199999996
14,Static Early Fusion ExtraTrees,184,2025_L422,2025,1594.54,1418.5554433333343
14,Static Early Fusion ExtraTrees,188,2025_L513,2025,1292.5,680.7873866666657
14,Static Early Fusion ExtraTrees,193,2025_L522,2025,1462.86,1001.242363333333
14,Static Early Fusion ExtraTrees,203,2025_L616,2025,37.5,1003.2017699999993
14,Static Early Fusion XGBoost,0,2023_121,2023,910.0,872.3861083984375
14,Static Early Fusion XGBoost,11,2023_323,2023,1046.8,968.8333129882812
14,Static Early Fusion XGBoost,13,2023_325,2023,1070.0,966.3441162109375
14,Static Early Fusion XGBoost,23,2023_526,2023,1124.4,1163.586669921875
14,Static Early Fusion XGBoost,28,2023_622,2023,1112.9,1158.7554931640625
14,Static Early Fusion XGBoost,34,2023_722,2023,1065.6,1081.252197265625
14,Static Early Fusion XGBoost,36,2023_724,2023,1070.4,1136.5867919921875
14,Static Early Fusion XGBoost,37,2023_725,2023,1120.8,1020.6341552734375
14,Static Early Fusion XGBoost,41,2024_CK13,2024,175.0,772.3890380859375
14,Static Early Fusion XGBoost,45,2024_CK21,2024,706.2,736.007080078125
14,Static Early Fusion XGBoost,60,2024_L214,2024,881.25,605.0028686523438
14,Static Early Fusion XGBoost,62,2024_L216,2024,916.65,635.5943603515625
14,Static Early Fusion XGBoost,69,2024_L311,2024,805.0,650.0371704101562
14,Static Early Fusion XGBoost,70,2024_L312,2024,750.0,675.0670776367188
14,Static Early Fusion XGBoost,73,2024_L322,2024,685.44,553.2416381835938
14,Static Early Fusion XGBoost,75,2024_L411,2024,810.9,560.122802734375
14,Static Early Fusion XGBoost,91,2024_L525,2024,738.1,465.13592529296875
14,Static Early Fusion XGBoost,92,2024_L526,2024,778.8,560.226806640625
14,Static Early Fusion XGBoost,95,2024_L613,2024,325.35,431.8458251953125
14,Static Early Fusion XGBoost,97,2024_L615,2024,466.5,568.1063232421875
14,Static Early Fusion XGBoost,98,2024_L616,2024,180.75,607.2409057617188
14,Static Early Fusion XGBoost,108,2024_R124,2024,523.6,619.9407348632812
14,Static Early Fusion XGBoost,124,2024_R315,2024,530.0,545.5523071289062
14,Static Early Fusion XGBoost,126,2024_R324,2024,373.8,584.4285888671875
14,Static Early Fusion XGBoost,134,2024_R426,2024,574.77,608.662353515625
14,Static Early Fusion XGBoost,137,2024_R519,2024,565.0,673.306884765625
14,Static Early Fusion XGBoost,139,2024_R528,2024,926.52,548.7288818359375
14,Static Early Fusion XGBoost,140,2024_R529,2024,630.41,640.9325561523438
14,Static Early Fusion XGBoost,143,2024_R619,2024,75.0,659.6539306640625
14,Static Early Fusion XGBoost,144,2024_R627,2024,613.97,585.619140625
14,Static Early Fusion XGBoost,147,2025_CK11,2025,420.0,937.1103515625
14,Static Early Fusion XGBoost,150,2025_CK21,2025,1412.4,1395.285888671875
14,Static Early Fusion XGBoost,152,2025_CK23,2025,1649.1,626.3087768554688
14,Static Early Fusion XGBoost,153,2025_CK24,2025,1226.05,1378.7269287109375
14,Static Early Fusion XGBoost,165,2025_L214,2025,562.5,858.1278076171875
14,Static Early Fusion XGBoost,168,2025_L221,2025,1403.36,1230.16259765625
14,Static Early Fusion XGBoost,177,2025_L321,2025,1447.16,1014.6029052734375
14,Static Early Fusion XGBoost,179,2025_L323,2025,1288.0,802.6972045898438
14,Static Early Fusion XGBoost,184,2025_L422,2025,1594.54,1465.3824462890625
14,Static Early Fusion XGBoost,188,2025_L513,2025,1292.5,582.8485717773438
14,Static Early Fusion XGBoost,193,2025_L522,2025,1462.86,1123.189697265625
14,Static Early Fusion XGBoost,203,2025_L616,2025,37.5,633.3440551757812
14,Static Early Fusion CatBoost,0,2023_121,2023,910.0,911.038442659293
14,Static Early Fusion CatBoost,11,2023_323,2023,1046.8,918.7322799679903
14,Static Early Fusion CatBoost,13,2023_325,2023,1070.0,977.0322100013949
14,Static Early Fusion CatBoost,23,2023_526,2023,1124.4,1140.0289097314726
14,Static Early Fusion CatBoost,28,2023_622,2023,1112.9,1174.143871686293
14,Static Early Fusion CatBoost,34,2023_722,2023,1065.6,1098.0968840670894
14,Static Early Fusion CatBoost,36,2023_724,2023,1070.4,1195.729649799181
14,Static Early Fusion CatBoost,37,2023_725,2023,1120.8,1136.4987089621002
14,Static Early Fusion CatBoost,41,2024_CK13,2024,175.0,672.8407448444121
14,Static Early Fusion CatBoost,45,2024_CK21,2024,706.2,751.6884227764134
14,Static Early Fusion CatBoost,60,2024_L214,2024,881.25,655.8883990278377
14,Static Early Fusion CatBoost,62,2024_L216,2024,916.65,638.9231088342767
14,Static Early Fusion CatBoost,69,2024_L311,2024,805.0,597.1338273968107
14,Static Early Fusion CatBoost,70,2024_L312,2024,750.0,638.4611789008193
14,Static Early Fusion CatBoost,73,2024_L322,2024,685.44,586.8647529059311
14,Static Early Fusion CatBoost,75,2024_L411,2024,810.9,524.254758323844
14,Static Early Fusion CatBoost,91,2024_L525,2024,738.1,488.05537442892165
14,Static Early Fusion CatBoost,92,2024_L526,2024,778.8,560.2036454776862
14,Static Early Fusion CatBoost,95,2024_L613,2024,325.35,447.59595045794657
14,Static Early Fusion CatBoost,97,2024_L615,2024,466.5,612.1019375363608
14,Static Early Fusion CatBoost,98,2024_L616,2024,180.75,565.5589792755208
14,Static Early Fusion CatBoost,108,2024_R124,2024,523.6,578.7192269051644
14,Static Early Fusion CatBoost,124,2024_R315,2024,530.0,637.4201958807739
14,Static Early Fusion CatBoost,126,2024_R324,2024,373.8,655.1695177089681
14,Static Early Fusion CatBoost,134,2024_R426,2024,574.77,516.7750172706121
14,Static Early Fusion CatBoost,137,2024_R519,2024,565.0,671.4026324436935
14,Static Early Fusion CatBoost,139,2024_R528,2024,926.52,509.32745781239225
14,Static Early Fusion CatBoost,140,2024_R529,2024,630.41,622.2357142963988
14,Static Early Fusion CatBoost,143,2024_R619,2024,75.0,652.0244459046891
14,Static Early Fusion CatBoost,144,2024_R627,2024,613.97,663.6267881484276
14,Static Early Fusion CatBoost,147,2025_CK11,2025,420.0,764.7517441569491
14,Static Early Fusion CatBoost,150,2025_CK21,2025,1412.4,1334.148507959193
14,Static Early Fusion CatBoost,152,2025_CK23,2025,1649.1,749.4089317803935
14,Static Early Fusion CatBoost,153,2025_CK24,2025,1226.05,1283.853484935958
14,Static Early Fusion CatBoost,165,2025_L214,2025,562.5,817.2684531631667
14,Static Early Fusion CatBoost,168,2025_L221,2025,1403.36,1061.1363268802281
14,Static Early Fusion CatBoost,177,2025_L321,2025,1447.16,869.1615862638581
14,Static Early Fusion CatBoost,179,2025_L323,2025,1288.0,894.8714839965113
14,Static Early Fusion CatBoost,184,2025_L422,2025,1594.54,1401.0169650898579
14,Static Early Fusion CatBoost,188,2025_L513,2025,1292.5,645.1363836855672
14,Static Early Fusion CatBoost,193,2025_L522,2025,1462.86,1016.0543831336024
14,Static Early Fusion CatBoost,203,2025_L616,2025,37.5,765.1474472466845
14,Static Early Fusion HistGB,0,2023_121,2023,910.0,911.1280790469036
14,Static Early Fusion HistGB,11,2023_323,2023,1046.8,918.0528433581675
14,Static Early Fusion HistGB,13,2023_325,2023,1070.0,970.2639616688065
14,Static Early Fusion HistGB,23,2023_526,2023,1124.4,1060.159978668244
14,Static Early Fusion HistGB,28,2023_622,2023,1112.9,1078.954182787369
14,Static Early Fusion HistGB,34,2023_722,2023,1065.6,1137.4819750212364
14,Static Early Fusion HistGB,36,2023_724,2023,1070.4,1181.0408607732618
14,Static Early Fusion HistGB,37,2023_725,2023,1120.8,1032.1280932287368
14,Static Early Fusion HistGB,41,2024_CK13,2024,175.0,640.3537311745921
14,Static Early Fusion HistGB,45,2024_CK21,2024,706.2,637.6008144466786
14,Static Early Fusion HistGB,60,2024_L214,2024,881.25,718.1077646272889
14,Static Early Fusion HistGB,62,2024_L216,2024,916.65,609.8622576218535
14,Static Early Fusion HistGB,69,2024_L311,2024,805.0,585.3811727877949
14,Static Early Fusion HistGB,70,2024_L312,2024,750.0,671.2294290670297
14,Static Early Fusion HistGB,73,2024_L322,2024,685.44,598.8230476709291
14,Static Early Fusion HistGB,75,2024_L411,2024,810.9,581.6076113773453
14,Static Early Fusion HistGB,91,2024_L525,2024,738.1,531.246653056268
14,Static Early Fusion HistGB,92,2024_L526,2024,778.8,444.09434953874677
14,Static Early Fusion HistGB,95,2024_L613,2024,325.35,564.9624361520063
14,Static Early Fusion HistGB,97,2024_L615,2024,466.5,603.6859881851628
14,Static Early Fusion HistGB,98,2024_L616,2024,180.75,610.3323868415216
14,Static Early Fusion HistGB,108,2024_R124,2024,523.6,603.8195754528941
14,Static Early Fusion HistGB,124,2024_R315,2024,530.0,490.80732073066184
14,Static Early Fusion HistGB,126,2024_R324,2024,373.8,685.0529856780373
14,Static Early Fusion HistGB,134,2024_R426,2024,574.77,702.6966738378716
14,Static Early Fusion HistGB,137,2024_R519,2024,565.0,628.1688553543202
14,Static Early Fusion HistGB,139,2024_R528,2024,926.52,629.568755943558
14,Static Early Fusion HistGB,140,2024_R529,2024,630.41,617.2256274407981
14,Static Early Fusion HistGB,143,2024_R619,2024,75.0,632.0567605114692
14,Static Early Fusion HistGB,144,2024_R627,2024,613.97,681.8096266710949
14,Static Early Fusion HistGB,147,2025_CK11,2025,420.0,932.4701114255
14,Static Early Fusion HistGB,150,2025_CK21,2025,1412.4,1383.080745033507
14,Static Early Fusion HistGB,152,2025_CK23,2025,1649.1,688.3238200134123
14,Static Early Fusion HistGB,153,2025_CK24,2025,1226.05,1414.5499267110986
14,Static Early Fusion HistGB,165,2025_L214,2025,562.5,917.1077295730707
14,Static Early Fusion HistGB,168,2025_L221,2025,1403.36,1274.5169769913628
14,Static Early Fusion HistGB,177,2025_L321,2025,1447.16,769.5395777982324
14,Static Early Fusion HistGB,179,2025_L323,2025,1288.0,764.2677850903643
14,Static Early Fusion HistGB,184,2025_L422,2025,1594.54,1472.7364026469374
14,Static Early Fusion HistGB,188,2025_L513,2025,1292.5,576.0933285093739
14,Static Early Fusion HistGB,193,2025_L522,2025,1462.86,1136.5265192862053
14,Static Early Fusion HistGB,203,2025_L616,2025,37.5,474.8980514783776
14,Trajectory Fusion ExtraTrees,0,2023_121,2023,910.0,949.8066833333341
14,Trajectory Fusion ExtraTrees,11,2023_323,2023,1046.8,898.3815100000021
14,Trajectory Fusion ExtraTrees,13,2023_325,2023,1070.0,1087.3618599999966
14,Trajectory Fusion ExtraTrees,23,2023_526,2023,1124.4,1145.9378366666656
14,Trajectory Fusion ExtraTrees,28,2023_622,2023,1112.9,1166.5866999999978
14,Trajectory Fusion ExtraTrees,34,2023_722,2023,1065.6,1089.995438333332
14,Trajectory Fusion ExtraTrees,36,2023_724,2023,1070.4,1105.380673333332
14,Trajectory Fusion ExtraTrees,37,2023_725,2023,1120.8,1027.8446833333303
14,Trajectory Fusion ExtraTrees,41,2024_CK13,2024,175.0,797.4464449999986
14,Trajectory Fusion ExtraTrees,45,2024_CK21,2024,706.2,648.0119000000002
14,Trajectory Fusion ExtraTrees,60,2024_L214,2024,881.25,635.2657083333336
14,Trajectory Fusion ExtraTrees,62,2024_L216,2024,916.65,596.9050583333336
14,Trajectory Fusion ExtraTrees,69,2024_L311,2024,805.0,603.8902433333334
14,Trajectory Fusion ExtraTrees,70,2024_L312,2024,750.0,659.8668299999999
14,Trajectory Fusion ExtraTrees,73,2024_L322,2024,685.44,576.3773550000002
14,Trajectory Fusion ExtraTrees,75,2024_L411,2024,810.9,657.5807366666668
14,Trajectory Fusion ExtraTrees,91,2024_L525,2024,738.1,539.078313333333
14,Trajectory Fusion ExtraTrees,92,2024_L526,2024,778.8,528.2509883333336
14,Trajectory Fusion ExtraTrees,95,2024_L613,2024,325.35,352.1293533333328
14,Trajectory Fusion ExtraTrees,97,2024_L615,2024,466.5,580.8307433333334
14,Trajectory Fusion ExtraTrees,98,2024_L616,2024,180.75,507.83065333333366
14,Trajectory Fusion ExtraTrees,108,2024_R124,2024,523.6,454.46123833333326
14,Trajectory Fusion ExtraTrees,124,2024_R315,2024,530.0,494.4205366666666
14,Trajectory Fusion ExtraTrees,126,2024_R324,2024,373.8,608.4640766666674
14,Trajectory Fusion ExtraTrees,134,2024_R426,2024,574.77,636.8184900000005
14,Trajectory Fusion ExtraTrees,137,2024_R519,2024,565.0,604.893126666667
14,Trajectory Fusion ExtraTrees,139,2024_R528,2024,926.52,664.2175933333327
14,Trajectory Fusion ExtraTrees,140,2024_R529,2024,630.41,674.7815600000002
14,Trajectory Fusion ExtraTrees,143,2024_R619,2024,75.0,644.1305766666671
14,Trajectory Fusion ExtraTrees,144,2024_R627,2024,613.97,701.8336833333327
14,Trajectory Fusion ExtraTrees,147,2025_CK11,2025,420.0,960.9140166666687
14,Trajectory Fusion ExtraTrees,150,2025_CK21,2025,1412.4,1548.9493466666695
14,Trajectory Fusion ExtraTrees,152,2025_CK23,2025,1649.1,1199.2683166666693
14,Trajectory Fusion ExtraTrees,153,2025_CK24,2025,1226.05,1409.6071633333358
14,Trajectory Fusion ExtraTrees,165,2025_L214,2025,562.5,754.6627966666668
14,Trajectory Fusion ExtraTrees,168,2025_L221,2025,1403.36,992.5726483333343
14,Trajectory Fusion ExtraTrees,177,2025_L321,2025,1447.16,1110.8525466666674
14,Trajectory Fusion ExtraTrees,179,2025_L323,2025,1288.0,850.9823400000009
14,Trajectory Fusion ExtraTrees,184,2025_L422,2025,1594.54,1270.0682900000008
14,Trajectory Fusion ExtraTrees,188,2025_L513,2025,1292.5,716.1211433333327
14,Trajectory Fusion ExtraTrees,193,2025_L522,2025,1462.86,1057.6927099999978
14,Trajectory Fusion ExtraTrees,203,2025_L616,2025,37.5,554.7812166666671
14,CMGT-DINO,0,2023_121,2023,910.0,955.1611948659987
14,CMGT-DINO,11,2023_323,2023,1046.8,880.7968355269529
14,CMGT-DINO,13,2023_325,2023,1070.0,1077.3263389244828
14,CMGT-DINO,23,2023_526,2023,1124.4,1128.679137085056
14,CMGT-DINO,28,2023_622,2023,1112.9,1142.0185206582062
14,CMGT-DINO,34,2023_722,2023,1065.6,1146.7332772633365
14,CMGT-DINO,36,2023_724,2023,1070.4,1122.8839034336722
14,CMGT-DINO,37,2023_725,2023,1120.8,1025.878370521614
14,CMGT-DINO,41,2024_CK13,2024,175.0,809.3052816404363
14,CMGT-DINO,45,2024_CK21,2024,706.2,703.0859183113785
14,CMGT-DINO,60,2024_L214,2024,881.25,580.3981377601722
14,CMGT-DINO,62,2024_L216,2024,916.65,618.880031336108
14,CMGT-DINO,69,2024_L311,2024,805.0,569.6679909780006
14,CMGT-DINO,70,2024_L312,2024,750.0,606.350482512294
14,CMGT-DINO,73,2024_L322,2024,685.44,547.8521597749261
14,CMGT-DINO,75,2024_L411,2024,810.9,618.5348814112782
14,CMGT-DINO,91,2024_L525,2024,738.1,634.9747479302431
14,CMGT-DINO,92,2024_L526,2024,778.8,626.6758533873212
14,CMGT-DINO,95,2024_L613,2024,325.35,431.21452007549277
14,CMGT-DINO,97,2024_L615,2024,466.5,666.7981009844791
14,CMGT-DINO,98,2024_L616,2024,180.75,572.8227518663654
14,CMGT-DINO,108,2024_R124,2024,523.6,497.50462161970665
14,CMGT-DINO,124,2024_R315,2024,530.0,602.3470823370437
14,CMGT-DINO,126,2024_R324,2024,373.8,616.8990940534441
14,CMGT-DINO,134,2024_R426,2024,574.77,708.1590036796551
14,CMGT-DINO,137,2024_R519,2024,565.0,564.887325001008
14,CMGT-DINO,139,2024_R528,2024,926.52,646.4716382100873
14,CMGT-DINO,140,2024_R529,2024,630.41,609.4124446098695
14,CMGT-DINO,143,2024_R619,2024,75.0,697.8849703971186
14,CMGT-DINO,144,2024_R627,2024,613.97,657.6626041733001
14,CMGT-DINO,147,2025_CK11,2025,420.0,1167.9246211953457
14,CMGT-DINO,150,2025_CK21,2025,1412.4,1166.6381477857606
14,CMGT-DINO,152,2025_CK23,2025,1649.1,1249.5624744190627
14,CMGT-DINO,153,2025_CK24,2025,1226.05,1288.7724565549415
14,CMGT-DINO,165,2025_L214,2025,562.5,830.9491958506727
14,CMGT-DINO,168,2025_L221,2025,1403.36,869.2790836647614
14,CMGT-DINO,177,2025_L321,2025,1447.16,1042.5444368479025
14,CMGT-DINO,179,2025_L323,2025,1288.0,920.2890845623675
14,CMGT-DINO,184,2025_L422,2025,1594.54,1410.4941406414328
14,CMGT-DINO,188,2025_L513,2025,1292.5,629.3165094390423
14,CMGT-DINO,193,2025_L522,2025,1462.86,1056.067892880154
14,CMGT-DINO,203,2025_L616,2025,37.5,489.9765298748348
15,DINOv3 Static Image ExtraTrees,2,2023_123,2023,1014.8,908.3599999999902
15,DINOv3 Static Image ExtraTrees,13,2023_325,2023,1070.0,1099.2693333333302
15,DINOv3 Static Image ExtraTrees,16,2023_422,2023,1093.4,1027.7242926666624
15,DINOv3 Static Image ExtraTrees,22,2023_525,2023,1087.0,1146.2029200000034
15,DINOv3 Static Image ExtraTrees,27,2023_621,2023,1174.0,1146.2029200000034
15,DINOv3 Static Image ExtraTrees,31,2023_625,2023,1254.0,1254.10363333333
15,DINOv3 Static Image ExtraTrees,35,2023_723,2023,1093.6,1091.2914599393866
15,DINOv3 Static Image ExtraTrees,36,2023_724,2023,1070.4,1092.5591999999976
15,DINOv3 Static Image ExtraTrees,41,2024_CK13,2024,175.0,621.9444444444395
15,DINOv3 Static Image ExtraTrees,46,2024_CK22,2024,719.1,621.9444444444395
15,DINOv3 Static Image ExtraTrees,50,2024_CK26,2024,831.42,522.2061111111179
15,DINOv3 Static Image ExtraTrees,56,2024_L123,2024,270.32,452.8724999999981
15,DINOv3 Static Image ExtraTrees,58,2024_L212,2024,229.15,452.8724999999981
15,DINOv3 Static Image ExtraTrees,64,2024_L222,2024,712.8,452.8724999999981
15,DINOv3 Static Image ExtraTrees,65,2024_L223,2024,773.48,452.8724999999981
15,DINOv3 Static Image ExtraTrees,68,2024_L226,2024,687.125,704.722977818177
15,DINOv3 Static Image ExtraTrees,69,2024_L311,2024,805.0,704.722977818177
15,DINOv3 Static Image ExtraTrees,75,2024_L411,2024,810.9,621.9444444444395
15,DINOv3 Static Image ExtraTrees,84,2024_L514,2024,825.0,471.551875000003
15,DINOv3 Static Image ExtraTrees,91,2024_L525,2024,738.1,471.551875000003
15,DINOv3 Static Image ExtraTrees,94,2024_L612,2024,0.0,374.5450000000028
15,DINOv3 Static Image ExtraTrees,96,2024_L614,2024,360.5,471.551875000003
15,DINOv3 Static Image ExtraTrees,100,2024_L622,2024,267.75,374.5450000000028
15,DINOv3 Static Image ExtraTrees,102,2024_L624,2024,565.25,471.551875000003
15,DINOv3 Static Image ExtraTrees,105,2024_R114,2024,819.65,530.0224999999976
15,DINOv3 Static Image ExtraTrees,109,2024_R125,2024,784.08,530.0224999999976
15,DINOv3 Static Image ExtraTrees,128,2024_R326,2024,588.03,546.9759090909132
15,DINOv3 Static Image ExtraTrees,131,2024_R416,2024,724.15,522.2061111111179
15,DINOv3 Static Image ExtraTrees,134,2024_R426,2024,574.77,522.2061111111179
15,DINOv3 Static Image ExtraTrees,138,2024_R527,2024,487.49,666.3209090909165
15,DINOv3 Static Image ExtraTrees,150,2025_CK21,2025,1412.4,1131.3293989090835
15,DINOv3 Static Image ExtraTrees,158,2025_L113,2025,0.0,955.1371374545361
15,DINOv3 Static Image ExtraTrees,166,2025_L215,2025,899.999999999999,1028.6285342222131
15,DINOv3 Static Image ExtraTrees,169,2025_L222,2025,1425.6,955.1371374545361
15,DINOv3 Static Image ExtraTrees,175,2025_L312,2025,100.0,1028.6285342222131
15,DINOv3 Static Image ExtraTrees,176,2025_L313,2025,840.0,1028.6285342222131
15,DINOv3 Static Image ExtraTrees,184,2025_L422,2025,1594.54,1131.3293989090835
15,DINOv3 Static Image ExtraTrees,188,2025_L513,2025,1292.5,947.3545454545499
15,DINOv3 Static Image ExtraTrees,189,2025_L514,2025,1650.0,873.3699999999963
15,DINOv3 Static Image ExtraTrees,196,2025_L525,2025,1476.2,873.3699999999963
15,DINOv3 Static Image ExtraTrees,201,2025_L614,2025,721.0,873.3699999999963
15,DINOv3 Static Image ExtraTrees,203,2025_L616,2025,37.5,873.3699999999963
15,Phenotype-only ExtraTrees,2,2023_123,2023,1014.8,924.8242733333341
15,Phenotype-only ExtraTrees,13,2023_325,2023,1070.0,942.1448783333337
15,Phenotype-only ExtraTrees,16,2023_422,2023,1093.4,1048.08198
15,Phenotype-only ExtraTrees,22,2023_525,2023,1087.0,1046.8528599999997
15,Phenotype-only ExtraTrees,27,2023_621,2023,1174.0,1046.1578599999998
15,Phenotype-only ExtraTrees,31,2023_625,2023,1254.0,1094.4479549999996
15,Phenotype-only ExtraTrees,35,2023_723,2023,1093.6,1088.1745783333329
15,Phenotype-only ExtraTrees,36,2023_724,2023,1070.4,1089.5425816666668
15,Phenotype-only ExtraTrees,41,2024_CK13,2024,175.0,659.629714999999
15,Phenotype-only ExtraTrees,46,2024_CK22,2024,719.1,603.4449683333331
15,Phenotype-only ExtraTrees,50,2024_CK26,2024,831.42,546.4911899999994
15,Phenotype-only ExtraTrees,56,2024_L123,2024,270.32,591.423709166666
15,Phenotype-only ExtraTrees,58,2024_L212,2024,229.15,643.8124641666673
15,Phenotype-only ExtraTrees,64,2024_L222,2024,712.8,619.7498149999998
15,Phenotype-only ExtraTrees,65,2024_L223,2024,773.48,270.6663899999985
15,Phenotype-only ExtraTrees,68,2024_L226,2024,687.125,598.7304366666665
15,Phenotype-only ExtraTrees,69,2024_L311,2024,805.0,686.4998216666665
15,Phenotype-only ExtraTrees,75,2024_L411,2024,810.9,270.6663899999985
15,Phenotype-only ExtraTrees,84,2024_L514,2024,825.0,691.8361883333332
15,Phenotype-only ExtraTrees,91,2024_L525,2024,738.1,729.2592866666664
15,Phenotype-only ExtraTrees,94,2024_L612,2024,0.0,270.6663899999985
15,Phenotype-only ExtraTrees,96,2024_L614,2024,360.5,530.7074166666666
15,Phenotype-only ExtraTrees,100,2024_L622,2024,267.75,681.8610016666662
15,Phenotype-only ExtraTrees,102,2024_L624,2024,565.25,560.8988050476189
15,Phenotype-only ExtraTrees,105,2024_R114,2024,819.65,548.7330683333325
15,Phenotype-only ExtraTrees,109,2024_R125,2024,784.08,582.419685714286
15,Phenotype-only ExtraTrees,128,2024_R326,2024,588.03,637.390805833333
15,Phenotype-only ExtraTrees,131,2024_R416,2024,724.15,577.9720483333329
15,Phenotype-only ExtraTrees,134,2024_R426,2024,574.77,568.6283449999992
15,Phenotype-only ExtraTrees,138,2024_R527,2024,487.49,585.604625
15,Phenotype-only ExtraTrees,150,2025_CK21,2025,1412.4,896.5959000000008
15,Phenotype-only ExtraTrees,158,2025_L113,2025,0.0,1088.9213349999998
15,Phenotype-only ExtraTrees,166,2025_L215,2025,899.999999999999,743.8931350000001
15,Phenotype-only ExtraTrees,169,2025_L222,2025,1425.6,1097.0397783333347
15,Phenotype-only ExtraTrees,175,2025_L312,2025,100.0,932.8469249999995
15,Phenotype-only ExtraTrees,176,2025_L313,2025,840.0,920.2131916666677
15,Phenotype-only ExtraTrees,184,2025_L422,2025,1594.54,1275.063628333335
15,Phenotype-only ExtraTrees,188,2025_L513,2025,1292.5,728.8468966666662
15,Phenotype-only ExtraTrees,189,2025_L514,2025,1650.0,1138.210317380951
15,Phenotype-only ExtraTrees,196,2025_L525,2025,1476.2,830.9557949999988
15,Phenotype-only ExtraTrees,201,2025_L614,2025,721.0,479.74833499999943
15,Phenotype-only ExtraTrees,203,2025_L616,2025,37.5,864.1880357142851
15,Environment-only ExtraTrees,2,2023_123,2023,1014.8,1048.3880645161264
15,Environment-only ExtraTrees,13,2023_325,2023,1070.0,1048.3880645161264
15,Environment-only ExtraTrees,16,2023_422,2023,1093.4,1048.3880645161264
15,Environment-only ExtraTrees,22,2023_525,2023,1087.0,1048.3880645161264
15,Environment-only ExtraTrees,27,2023_621,2023,1174.0,1048.3880645161264
15,Environment-only ExtraTrees,31,2023_625,2023,1254.0,1048.3880645161264
15,Environment-only ExtraTrees,35,2023_723,2023,1093.6,1048.3880645161264
15,Environment-only ExtraTrees,36,2023_724,2023,1070.4,1048.3880645161264
15,Environment-only ExtraTrees,41,2024_CK13,2024,175.0,548.0338372093037
15,Environment-only ExtraTrees,46,2024_CK22,2024,719.1,548.0338372093037
15,Environment-only ExtraTrees,50,2024_CK26,2024,831.42,548.0338372093037
15,Environment-only ExtraTrees,56,2024_L123,2024,270.32,548.0338372093037
15,Environment-only ExtraTrees,58,2024_L212,2024,229.15,548.0338372093037
15,Environment-only ExtraTrees,64,2024_L222,2024,712.8,548.0338372093037
15,Environment-only ExtraTrees,65,2024_L223,2024,773.48,548.0338372093037
15,Environment-only ExtraTrees,68,2024_L226,2024,687.125,548.0338372093037
15,Environment-only ExtraTrees,69,2024_L311,2024,805.0,548.0338372093037
15,Environment-only ExtraTrees,75,2024_L411,2024,810.9,548.0338372093037
15,Environment-only ExtraTrees,84,2024_L514,2024,825.0,548.0338372093037
15,Environment-only ExtraTrees,91,2024_L525,2024,738.1,548.0338372093037
15,Environment-only ExtraTrees,94,2024_L612,2024,0.0,548.0338372093037
15,Environment-only ExtraTrees,96,2024_L614,2024,360.5,548.0338372093037
15,Environment-only ExtraTrees,100,2024_L622,2024,267.75,548.0338372093037
15,Environment-only ExtraTrees,102,2024_L624,2024,565.25,548.0338372093037
15,Environment-only ExtraTrees,105,2024_R114,2024,819.65,548.0338372093037
15,Environment-only ExtraTrees,109,2024_R125,2024,784.08,548.0338372093037
15,Environment-only ExtraTrees,128,2024_R326,2024,588.03,548.0338372093037
15,Environment-only ExtraTrees,131,2024_R416,2024,724.15,548.0338372093037
15,Environment-only ExtraTrees,134,2024_R426,2024,574.77,548.0338372093037
15,Environment-only ExtraTrees,138,2024_R527,2024,487.49,548.0338372093037
15,Environment-only ExtraTrees,150,2025_CK21,2025,1412.4,997.941333333325
15,Environment-only ExtraTrees,158,2025_L113,2025,0.0,997.941333333325
15,Environment-only ExtraTrees,166,2025_L215,2025,899.999999999999,997.941333333325
15,Environment-only ExtraTrees,169,2025_L222,2025,1425.6,997.941333333325
15,Environment-only ExtraTrees,175,2025_L312,2025,100.0,997.941333333325
15,Environment-only ExtraTrees,176,2025_L313,2025,840.0,997.941333333325
15,Environment-only ExtraTrees,184,2025_L422,2025,1594.54,997.941333333325
15,Environment-only ExtraTrees,188,2025_L513,2025,1292.5,997.941333333325
15,Environment-only ExtraTrees,189,2025_L514,2025,1650.0,997.941333333325
15,Environment-only ExtraTrees,196,2025_L525,2025,1476.2,997.941333333325
15,Environment-only ExtraTrees,201,2025_L614,2025,721.0,997.941333333325
15,Environment-only ExtraTrees,203,2025_L616,2025,37.5,997.941333333325
15,Static Early Fusion ExtraTrees,2,2023_123,2023,1014.8,909.9080333333342
15,Static Early Fusion ExtraTrees,13,2023_325,2023,1070.0,1043.9428166666678
15,Static Early Fusion ExtraTrees,16,2023_422,2023,1093.4,1053.927206666666
15,Static Early Fusion ExtraTrees,22,2023_525,2023,1087.0,1126.8460366666668
15,Static Early Fusion ExtraTrees,27,2023_621,2023,1174.0,1109.1081566666664
15,Static Early Fusion ExtraTrees,31,2023_625,2023,1254.0,1146.6719166666658
15,Static Early Fusion ExtraTrees,35,2023_723,2023,1093.6,1115.291286666666
15,Static Early Fusion ExtraTrees,36,2023_724,2023,1070.4,1093.3597866666676
15,Static Early Fusion ExtraTrees,41,2024_CK13,2024,175.0,654.1193583333325
15,Static Early Fusion ExtraTrees,46,2024_CK22,2024,719.1,555.1287299999997
15,Static Early Fusion ExtraTrees,50,2024_CK26,2024,831.42,433.8947933333334
15,Static Early Fusion ExtraTrees,56,2024_L123,2024,270.32,578.9255799999995
15,Static Early Fusion ExtraTrees,58,2024_L212,2024,229.15,517.917963333333
15,Static Early Fusion ExtraTrees,64,2024_L222,2024,712.8,509.4821233333332
15,Static Early Fusion ExtraTrees,65,2024_L223,2024,773.48,420.8775316666668
15,Static Early Fusion ExtraTrees,68,2024_L226,2024,687.125,630.2015816666665
15,Static Early Fusion ExtraTrees,69,2024_L311,2024,805.0,648.2073399999998
15,Static Early Fusion ExtraTrees,75,2024_L411,2024,810.9,606.9944349999996
15,Static Early Fusion ExtraTrees,84,2024_L514,2024,825.0,532.5952066666662
15,Static Early Fusion ExtraTrees,91,2024_L525,2024,738.1,576.2264533333333
15,Static Early Fusion ExtraTrees,94,2024_L612,2024,0.0,89.73955666666667
15,Static Early Fusion ExtraTrees,96,2024_L614,2024,360.5,471.99939666666666
15,Static Early Fusion ExtraTrees,100,2024_L622,2024,267.75,442.88630999999975
15,Static Early Fusion ExtraTrees,102,2024_L624,2024,565.25,475.6145683333334
15,Static Early Fusion ExtraTrees,105,2024_R114,2024,819.65,516.0444733333337
15,Static Early Fusion ExtraTrees,109,2024_R125,2024,784.08,579.7852566666662
15,Static Early Fusion ExtraTrees,128,2024_R326,2024,588.03,628.0686483333328
15,Static Early Fusion ExtraTrees,131,2024_R416,2024,724.15,527.2127966666669
15,Static Early Fusion ExtraTrees,134,2024_R426,2024,574.77,570.1680099999998
15,Static Early Fusion ExtraTrees,138,2024_R527,2024,487.49,652.3369283333335
15,Static Early Fusion ExtraTrees,150,2025_CK21,2025,1412.4,1317.3042700000028
15,Static Early Fusion ExtraTrees,158,2025_L113,2025,0.0,1201.0147299999996
15,Static Early Fusion ExtraTrees,166,2025_L215,2025,899.999999999999,858.7662599999996
15,Static Early Fusion ExtraTrees,169,2025_L222,2025,1425.6,958.4658899999997
15,Static Early Fusion ExtraTrees,175,2025_L312,2025,100.0,907.1090383333338
15,Static Early Fusion ExtraTrees,176,2025_L313,2025,840.0,1004.1556066666678
15,Static Early Fusion ExtraTrees,184,2025_L422,2025,1594.54,1385.4861100000012
15,Static Early Fusion ExtraTrees,188,2025_L513,2025,1292.5,760.9170083333331
15,Static Early Fusion ExtraTrees,189,2025_L514,2025,1650.0,1213.4064833333332
15,Static Early Fusion ExtraTrees,196,2025_L525,2025,1476.2,815.3518616666664
15,Static Early Fusion ExtraTrees,201,2025_L614,2025,721.0,333.1980233333335
15,Static Early Fusion ExtraTrees,203,2025_L616,2025,37.5,865.7225399999998
15,Static Early Fusion XGBoost,2,2023_123,2023,1014.8,959.0245361328125
15,Static Early Fusion XGBoost,13,2023_325,2023,1070.0,963.753662109375
15,Static Early Fusion XGBoost,16,2023_422,2023,1093.4,1153.198974609375
15,Static Early Fusion XGBoost,22,2023_525,2023,1087.0,1054.2999267578125
15,Static Early Fusion XGBoost,27,2023_621,2023,1174.0,974.632568359375
15,Static Early Fusion XGBoost,31,2023_625,2023,1254.0,1266.6075439453125
15,Static Early Fusion XGBoost,35,2023_723,2023,1093.6,1172.883544921875
15,Static Early Fusion XGBoost,36,2023_724,2023,1070.4,1105.0604248046875
15,Static Early Fusion XGBoost,41,2024_CK13,2024,175.0,728.9927368164062
15,Static Early Fusion XGBoost,46,2024_CK22,2024,719.1,652.7108154296875
15,Static Early Fusion XGBoost,50,2024_CK26,2024,831.42,516.2230224609375
15,Static Early Fusion XGBoost,56,2024_L123,2024,270.32,590.01513671875
15,Static Early Fusion XGBoost,58,2024_L212,2024,229.15,388.4675598144531
15,Static Early Fusion XGBoost,64,2024_L222,2024,712.8,433.83148193359375
15,Static Early Fusion XGBoost,65,2024_L223,2024,773.48,338.11480712890625
15,Static Early Fusion XGBoost,68,2024_L226,2024,687.125,596.7702026367188
15,Static Early Fusion XGBoost,69,2024_L311,2024,805.0,788.45166015625
15,Static Early Fusion XGBoost,75,2024_L411,2024,810.9,486.6809997558594
15,Static Early Fusion XGBoost,84,2024_L514,2024,825.0,641.8662109375
15,Static Early Fusion XGBoost,91,2024_L525,2024,738.1,538.706298828125
15,Static Early Fusion XGBoost,94,2024_L612,2024,0.0,122.61924743652344
15,Static Early Fusion XGBoost,96,2024_L614,2024,360.5,528.22216796875
15,Static Early Fusion XGBoost,100,2024_L622,2024,267.75,545.3357543945312
15,Static Early Fusion XGBoost,102,2024_L624,2024,565.25,536.42822265625
15,Static Early Fusion XGBoost,105,2024_R114,2024,819.65,556.8995361328125
15,Static Early Fusion XGBoost,109,2024_R125,2024,784.08,633.216796875
15,Static Early Fusion XGBoost,128,2024_R326,2024,588.03,652.05078125
15,Static Early Fusion XGBoost,131,2024_R416,2024,724.15,522.8108520507812
15,Static Early Fusion XGBoost,134,2024_R426,2024,574.77,520.7327880859375
15,Static Early Fusion XGBoost,138,2024_R527,2024,487.49,637.4822998046875
15,Static Early Fusion XGBoost,150,2025_CK21,2025,1412.4,1086.7025146484375
15,Static Early Fusion XGBoost,158,2025_L113,2025,0.0,1161.8778076171875
15,Static Early Fusion XGBoost,166,2025_L215,2025,899.999999999999,838.7091674804688
15,Static Early Fusion XGBoost,169,2025_L222,2025,1425.6,1142.4464111328125
15,Static Early Fusion XGBoost,175,2025_L312,2025,100.0,1003.112060546875
15,Static Early Fusion XGBoost,176,2025_L313,2025,840.0,990.2915649414062
15,Static Early Fusion XGBoost,184,2025_L422,2025,1594.54,1426.1966552734375
15,Static Early Fusion XGBoost,188,2025_L513,2025,1292.5,811.6732788085938
15,Static Early Fusion XGBoost,189,2025_L514,2025,1650.0,1204.15478515625
15,Static Early Fusion XGBoost,196,2025_L525,2025,1476.2,653.1445922851562
15,Static Early Fusion XGBoost,201,2025_L614,2025,721.0,343.1082458496094
15,Static Early Fusion XGBoost,203,2025_L616,2025,37.5,946.3452758789062
15,Static Early Fusion CatBoost,2,2023_123,2023,1014.8,882.694299576141
15,Static Early Fusion CatBoost,13,2023_325,2023,1070.0,1015.187365380358
15,Static Early Fusion CatBoost,16,2023_422,2023,1093.4,1098.826685040701
15,Static Early Fusion CatBoost,22,2023_525,2023,1087.0,1061.931626558278
15,Static Early Fusion CatBoost,27,2023_621,2023,1174.0,996.1635066840859
15,Static Early Fusion CatBoost,31,2023_625,2023,1254.0,1134.4798147023494
15,Static Early Fusion CatBoost,35,2023_723,2023,1093.6,1058.8660705890447
15,Static Early Fusion CatBoost,36,2023_724,2023,1070.4,1042.2010763730318
15,Static Early Fusion CatBoost,41,2024_CK13,2024,175.0,732.8509836698087
15,Static Early Fusion CatBoost,46,2024_CK22,2024,719.1,619.3935436738968
15,Static Early Fusion CatBoost,50,2024_CK26,2024,831.42,495.98061057944057
15,Static Early Fusion CatBoost,56,2024_L123,2024,270.32,576.6791490485923
15,Static Early Fusion CatBoost,58,2024_L212,2024,229.15,358.22194769036633
15,Static Early Fusion CatBoost,64,2024_L222,2024,712.8,495.91634374913866
15,Static Early Fusion CatBoost,65,2024_L223,2024,773.48,353.29439455608195
15,Static Early Fusion CatBoost,68,2024_L226,2024,687.125,621.4655922263468
15,Static Early Fusion CatBoost,69,2024_L311,2024,805.0,690.7343211829943
15,Static Early Fusion CatBoost,75,2024_L411,2024,810.9,508.53722447977475
15,Static Early Fusion CatBoost,84,2024_L514,2024,825.0,546.9250683550297
15,Static Early Fusion CatBoost,91,2024_L525,2024,738.1,543.4391249224136
15,Static Early Fusion CatBoost,94,2024_L612,2024,0.0,126.19236386053285
15,Static Early Fusion CatBoost,96,2024_L614,2024,360.5,558.0683829058715
15,Static Early Fusion CatBoost,100,2024_L622,2024,267.75,431.2415236612622
15,Static Early Fusion CatBoost,102,2024_L624,2024,565.25,538.5107926901675
15,Static Early Fusion CatBoost,105,2024_R114,2024,819.65,502.2535029372684
15,Static Early Fusion CatBoost,109,2024_R125,2024,784.08,691.9210823967362
15,Static Early Fusion CatBoost,128,2024_R326,2024,588.03,661.253171759889
15,Static Early Fusion CatBoost,131,2024_R416,2024,724.15,493.0569091134341
15,Static Early Fusion CatBoost,134,2024_R426,2024,574.77,443.26299998761806
15,Static Early Fusion CatBoost,138,2024_R527,2024,487.49,609.7783544672498
15,Static Early Fusion CatBoost,150,2025_CK21,2025,1412.4,984.7053066397616
15,Static Early Fusion CatBoost,158,2025_L113,2025,0.0,1254.1144261551858
15,Static Early Fusion CatBoost,166,2025_L215,2025,899.999999999999,892.4616643667289
15,Static Early Fusion CatBoost,169,2025_L222,2025,1425.6,1065.773372620199
15,Static Early Fusion CatBoost,175,2025_L312,2025,100.0,931.9723885956125
15,Static Early Fusion CatBoost,176,2025_L313,2025,840.0,997.6197025831808
15,Static Early Fusion CatBoost,184,2025_L422,2025,1594.54,1432.1025557233493
15,Static Early Fusion CatBoost,188,2025_L513,2025,1292.5,677.2672183650418
15,Static Early Fusion CatBoost,189,2025_L514,2025,1650.0,1211.6953879896298
15,Static Early Fusion CatBoost,196,2025_L525,2025,1476.2,730.4270892620303
15,Static Early Fusion CatBoost,201,2025_L614,2025,721.0,329.16679314105556
15,Static Early Fusion CatBoost,203,2025_L616,2025,37.5,935.2594342578553
15,Static Early Fusion HistGB,2,2023_123,2023,1014.8,924.907695025841
15,Static Early Fusion HistGB,13,2023_325,2023,1070.0,999.3290507639155
15,Static Early Fusion HistGB,16,2023_422,2023,1093.4,1057.2023396255097
15,Static Early Fusion HistGB,22,2023_525,2023,1087.0,1093.4672497548024
15,Static Early Fusion HistGB,27,2023_621,2023,1174.0,1073.8973889866622
15,Static Early Fusion HistGB,31,2023_625,2023,1254.0,1322.485574907063
15,Static Early Fusion HistGB,35,2023_723,2023,1093.6,1192.9021310872863
15,Static Early Fusion HistGB,36,2023_724,2023,1070.4,1196.205665478785
15,Static Early Fusion HistGB,41,2024_CK13,2024,175.0,620.8563991921308
15,Static Early Fusion HistGB,46,2024_CK22,2024,719.1,525.9107087246251
15,Static Early Fusion HistGB,50,2024_CK26,2024,831.42,404.424355900512
15,Static Early Fusion HistGB,56,2024_L123,2024,270.32,545.9968086729883
15,Static Early Fusion HistGB,58,2024_L212,2024,229.15,425.63479227746234
15,Static Early Fusion HistGB,64,2024_L222,2024,712.8,481.44119798251916
15,Static Early Fusion HistGB,65,2024_L223,2024,773.48,336.25671510988525
15,Static Early Fusion HistGB,68,2024_L226,2024,687.125,537.54356678739
15,Static Early Fusion HistGB,69,2024_L311,2024,805.0,653.4056242613023
15,Static Early Fusion HistGB,75,2024_L411,2024,810.9,447.94857468068824
15,Static Early Fusion HistGB,84,2024_L514,2024,825.0,681.4051354396655
15,Static Early Fusion HistGB,91,2024_L525,2024,738.1,564.3133483941815
15,Static Early Fusion HistGB,94,2024_L612,2024,0.0,94.65266244792666
15,Static Early Fusion HistGB,96,2024_L614,2024,360.5,473.865689264492
15,Static Early Fusion HistGB,100,2024_L622,2024,267.75,671.1195382615217
15,Static Early Fusion HistGB,102,2024_L624,2024,565.25,439.17178727013606
15,Static Early Fusion HistGB,105,2024_R114,2024,819.65,536.5796242142583
15,Static Early Fusion HistGB,109,2024_R125,2024,784.08,585.4189828124565
15,Static Early Fusion HistGB,128,2024_R326,2024,588.03,706.9026896392196
15,Static Early Fusion HistGB,131,2024_R416,2024,724.15,470.972756220724
15,Static Early Fusion HistGB,134,2024_R426,2024,574.77,531.9095750402352
15,Static Early Fusion HistGB,138,2024_R527,2024,487.49,609.1774077297881
15,Static Early Fusion HistGB,150,2025_CK21,2025,1412.4,1104.5100444856937
15,Static Early Fusion HistGB,158,2025_L113,2025,0.0,1201.5673046430454
15,Static Early Fusion HistGB,166,2025_L215,2025,899.999999999999,775.9184910017059
15,Static Early Fusion HistGB,169,2025_L222,2025,1425.6,1274.8912239905399
15,Static Early Fusion HistGB,175,2025_L312,2025,100.0,826.8193031222532
15,Static Early Fusion HistGB,176,2025_L313,2025,840.0,913.0876722573598
15,Static Early Fusion HistGB,184,2025_L422,2025,1594.54,1405.6835174526393
15,Static Early Fusion HistGB,188,2025_L513,2025,1292.5,986.4027955130965
15,Static Early Fusion HistGB,189,2025_L514,2025,1650.0,1364.0230490815147
15,Static Early Fusion HistGB,196,2025_L525,2025,1476.2,723.8865846996223
15,Static Early Fusion HistGB,201,2025_L614,2025,721.0,293.6979297328455
15,Static Early Fusion HistGB,203,2025_L616,2025,37.5,1062.573773402643
15,Trajectory Fusion ExtraTrees,2,2023_123,2023,1014.8,935.7868633333342
15,Trajectory Fusion ExtraTrees,13,2023_325,2023,1070.0,1092.5842200000013
15,Trajectory Fusion ExtraTrees,16,2023_422,2023,1093.4,1023.1332699999979
15,Trajectory Fusion ExtraTrees,22,2023_525,2023,1087.0,1140.7871166666664
15,Trajectory Fusion ExtraTrees,27,2023_621,2023,1174.0,1126.3111699999995
15,Trajectory Fusion ExtraTrees,31,2023_625,2023,1254.0,1207.6332866666658
15,Trajectory Fusion ExtraTrees,35,2023_723,2023,1093.6,1114.7320366666659
15,Trajectory Fusion ExtraTrees,36,2023_724,2023,1070.4,1114.8091766666666
15,Trajectory Fusion ExtraTrees,41,2024_CK13,2024,175.0,725.115161666667
15,Trajectory Fusion ExtraTrees,46,2024_CK22,2024,719.1,671.4667933333332
15,Trajectory Fusion ExtraTrees,50,2024_CK26,2024,831.42,513.0915366666665
15,Trajectory Fusion ExtraTrees,56,2024_L123,2024,270.32,555.480543333333
15,Trajectory Fusion ExtraTrees,58,2024_L212,2024,229.15,469.4429850000002
15,Trajectory Fusion ExtraTrees,64,2024_L222,2024,712.8,488.53428333333335
15,Trajectory Fusion ExtraTrees,65,2024_L223,2024,773.48,475.96021000000013
15,Trajectory Fusion ExtraTrees,68,2024_L226,2024,687.125,677.090696666667
15,Trajectory Fusion ExtraTrees,69,2024_L311,2024,805.0,623.8974049999999
15,Trajectory Fusion ExtraTrees,75,2024_L411,2024,810.9,632.1006066666661
15,Trajectory Fusion ExtraTrees,84,2024_L514,2024,825.0,441.92064499999987
15,Trajectory Fusion ExtraTrees,91,2024_L525,2024,738.1,546.1202350000002
15,Trajectory Fusion ExtraTrees,94,2024_L612,2024,0.0,88.695815
15,Trajectory Fusion ExtraTrees,96,2024_L614,2024,360.5,482.7599833333335
15,Trajectory Fusion ExtraTrees,100,2024_L622,2024,267.75,479.6726666666663
15,Trajectory Fusion ExtraTrees,102,2024_L624,2024,565.25,486.56514666666743
15,Trajectory Fusion ExtraTrees,105,2024_R114,2024,819.65,587.7867500000002
15,Trajectory Fusion ExtraTrees,109,2024_R125,2024,784.08,542.3222166666676
15,Trajectory Fusion ExtraTrees,128,2024_R326,2024,588.03,595.3579566666666
15,Trajectory Fusion ExtraTrees,131,2024_R416,2024,724.15,587.5938733333337
15,Trajectory Fusion ExtraTrees,134,2024_R426,2024,574.77,545.7733466666668
15,Trajectory Fusion ExtraTrees,138,2024_R527,2024,487.49,687.7299433333336
15,Trajectory Fusion ExtraTrees,150,2025_CK21,2025,1412.4,1463.1269066666673
15,Trajectory Fusion ExtraTrees,158,2025_L113,2025,0.0,1056.7161700000001
15,Trajectory Fusion ExtraTrees,166,2025_L215,2025,899.999999999999,971.997686666667
15,Trajectory Fusion ExtraTrees,169,2025_L222,2025,1425.6,1146.2829066666663
15,Trajectory Fusion ExtraTrees,175,2025_L312,2025,100.0,1049.966450000001
15,Trajectory Fusion ExtraTrees,176,2025_L313,2025,840.0,873.4129499999996
15,Trajectory Fusion ExtraTrees,184,2025_L422,2025,1594.54,1249.1844500000009
15,Trajectory Fusion ExtraTrees,188,2025_L513,2025,1292.5,923.988486666666
15,Trajectory Fusion ExtraTrees,189,2025_L514,2025,1650.0,1166.0936666666664
15,Trajectory Fusion ExtraTrees,196,2025_L525,2025,1476.2,848.3432666666656
15,Trajectory Fusion ExtraTrees,201,2025_L614,2025,721.0,667.3186333333327
15,Trajectory Fusion ExtraTrees,203,2025_L616,2025,37.5,696.348118333333
15,CMGT-DINO,2,2023_123,2023,1014.8,940.5504213433877
15,CMGT-DINO,13,2023_325,2023,1070.0,1015.7455017895454
15,CMGT-DINO,16,2023_422,2023,1093.4,1087.6120763927088
15,CMGT-DINO,22,2023_525,2023,1087.0,1164.829631419631
15,CMGT-DINO,27,2023_621,2023,1174.0,1078.8758821676938
15,CMGT-DINO,31,2023_625,2023,1254.0,1150.4454775212344
15,CMGT-DINO,35,2023_723,2023,1093.6,1142.61835885062
15,CMGT-DINO,36,2023_724,2023,1070.4,1103.3821334560116
15,CMGT-DINO,41,2024_CK13,2024,175.0,845.3114268254665
15,CMGT-DINO,46,2024_CK22,2024,719.1,733.3536368982251
15,CMGT-DINO,50,2024_CK26,2024,831.42,583.42850311643
15,CMGT-DINO,56,2024_L123,2024,270.32,704.4405544488378
15,CMGT-DINO,58,2024_L212,2024,229.15,480.8256688161953
15,CMGT-DINO,64,2024_L222,2024,712.8,522.5785693603851
15,CMGT-DINO,65,2024_L223,2024,773.48,433.0753826824008
15,CMGT-DINO,68,2024_L226,2024,687.125,652.6599058826625
15,CMGT-DINO,69,2024_L311,2024,805.0,676.5293125954004
15,CMGT-DINO,75,2024_L411,2024,810.9,541.1683176527456
15,CMGT-DINO,84,2024_L514,2024,825.0,446.46968769663806
15,CMGT-DINO,91,2024_L525,2024,738.1,555.4887433880288
15,CMGT-DINO,94,2024_L612,2024,0.0,221.4564837897299
15,CMGT-DINO,96,2024_L614,2024,360.5,503.18993814542824
15,CMGT-DINO,100,2024_L622,2024,267.75,314.8406281902154
15,CMGT-DINO,102,2024_L624,2024,565.25,568.9294582390125
15,CMGT-DINO,105,2024_R114,2024,819.65,685.6329066463375
15,CMGT-DINO,109,2024_R125,2024,784.08,704.4462908029973
15,CMGT-DINO,128,2024_R326,2024,588.03,615.8844671585395
15,CMGT-DINO,131,2024_R416,2024,724.15,635.2585935922648
15,CMGT-DINO,134,2024_R426,2024,574.77,561.12058663782
15,CMGT-DINO,138,2024_R527,2024,487.49,662.3958646897408
15,CMGT-DINO,150,2025_CK21,2025,1412.4,1216.0010791740801
15,CMGT-DINO,158,2025_L113,2025,0.0,963.4623485990084
15,CMGT-DINO,166,2025_L215,2025,899.999999999999,1051.6216440773107
15,CMGT-DINO,169,2025_L222,2025,1425.6,1149.6404211889235
15,CMGT-DINO,175,2025_L312,2025,100.0,952.656914848844
15,CMGT-DINO,176,2025_L313,2025,840.0,842.243515357141
15,CMGT-DINO,184,2025_L422,2025,1594.54,1038.623174816043
15,CMGT-DINO,188,2025_L513,2025,1292.5,818.3387071444481
15,CMGT-DINO,189,2025_L514,2025,1650.0,1310.3348223737066
15,CMGT-DINO,196,2025_L525,2025,1476.2,1096.4548029092548
15,CMGT-DINO,201,2025_L614,2025,721.0,503.37765350630093
15,CMGT-DINO,203,2025_L616,2025,37.5,583.1698754917585
16,DINOv3 Static Image ExtraTrees,8,2023_226,2023,760.8,953.24775
16,DINOv3 Static Image ExtraTrees,10,2023_322,2023,821.0,953.24775
16,DINOv3 Static Image ExtraTrees,16,2023_422,2023,1093.4,1036.5449220000069
16,DINOv3 Static Image ExtraTrees,19,2023_522,2023,991.4,1036.5449220000069
16,DINOv3 Static Image ExtraTrees,24,2023_527,2023,1451.6,1244.3840000000005
16,DINOv3 Static Image ExtraTrees,30,2023_624,2023,1096.5,1244.3840000000005
16,DINOv3 Static Image ExtraTrees,34,2023_722,2023,1065.6,1089.8715967435828
16,DINOv3 Static Image ExtraTrees,38,2023_726,2023,1081.6,1096.2415999999905
16,DINOv3 Static Image ExtraTrees,49,2024_CK25,2024,679.38,559.5494444444453
16,DINOv3 Static Image ExtraTrees,51,2024_L111,2024,540.85,397.95555555555615
16,DINOv3 Static Image ExtraTrees,64,2024_L222,2024,712.8,397.95555555555615
16,DINOv3 Static Image ExtraTrees,65,2024_L223,2024,773.48,397.95555555555615
16,DINOv3 Static Image ExtraTrees,80,2024_L423,2024,759.69,594.9949087878748
16,DINOv3 Static Image ExtraTrees,85,2024_L515,2024,102.5,557.7183333333288
16,DINOv3 Static Image ExtraTrees,88,2024_L522,2024,731.43,328.17699999999826
16,DINOv3 Static Image ExtraTrees,92,2024_L526,2024,778.8,557.7183333333288
16,DINOv3 Static Image ExtraTrees,96,2024_L614,2024,360.5,557.7183333333288
16,DINOv3 Static Image ExtraTrees,99,2024_L621,2024,0.0,328.17699999999826
16,DINOv3 Static Image ExtraTrees,105,2024_R114,2024,819.65,561.6555555555594
16,DINOv3 Static Image ExtraTrees,107,2024_R116,2024,553.35,561.6555555555594
16,DINOv3 Static Image ExtraTrees,111,2024_R2110,2024,491.25,612.4378571428587
16,DINOv3 Static Image ExtraTrees,112,2024_R2111,2024,973.5,612.4378571428587
16,DINOv3 Static Image ExtraTrees,122,2024_R229,2024,476.055,561.6555555555594
16,DINOv3 Static Image ExtraTrees,123,2024_R314,2024,112.5,612.4378571428587
16,DINOv3 Static Image ExtraTrees,125,2024_R316,2024,366.65,612.4378571428587
16,DINOv3 Static Image ExtraTrees,126,2024_R324,2024,373.8,612.4378571428587
16,DINOv3 Static Image ExtraTrees,131,2024_R416,2024,724.15,559.5494444444453
16,DINOv3 Static Image ExtraTrees,133,2024_R425,2024,390.72,559.5494444444453
16,DINOv3 Static Image ExtraTrees,137,2024_R519,2024,565.0,663.8049999999945
16,DINOv3 Static Image ExtraTrees,144,2024_R627,2024,613.97,663.8049999999945
16,DINOv3 Static Image ExtraTrees,154,2025_CK25,2025,1358.76,1444.3220366666571
16,DINOv3 Static Image ExtraTrees,159,2025_L121,2025,1367.3,884.9560000000046
16,DINOv3 Static Image ExtraTrees,162,2025_L211,2025,758.6,884.9560000000046
16,DINOv3 Static Image ExtraTrees,166,2025_L215,2025,899.999999999999,907.5028419999957
16,DINOv3 Static Image ExtraTrees,172,2025_L225,2025,1122.0,907.5028419999957
16,DINOv3 Static Image ExtraTrees,187,2025_L512,2025,1150.0,931.1072053333284
16,DINOv3 Static Image ExtraTrees,189,2025_L514,2025,1650.0,969.0375133333395
16,DINOv3 Static Image ExtraTrees,191,2025_L516,2025,105.0,969.0375133333395
16,DINOv3 Static Image ExtraTrees,194,2025_L523,2025,1384.32,931.1072053333284
16,DINOv3 Static Image ExtraTrees,198,2025_L611,2025,800.0,931.1072053333284
16,DINOv3 Static Image ExtraTrees,201,2025_L614,2025,721.0,969.0375133333395
16,DINOv3 Static Image ExtraTrees,202,2025_L615,2025,933.0,969.0375133333395
16,Phenotype-only ExtraTrees,8,2023_226,2023,760.8,1000.5288966666683
16,Phenotype-only ExtraTrees,10,2023_322,2023,821.0,1038.174323333333
16,Phenotype-only ExtraTrees,16,2023_422,2023,1093.4,1065.4536349999998
16,Phenotype-only ExtraTrees,19,2023_522,2023,991.4,1054.7556450000004
16,Phenotype-only ExtraTrees,24,2023_527,2023,1451.6,1047.9778816666674
16,Phenotype-only ExtraTrees,30,2023_624,2023,1096.5,1102.9026366666671
16,Phenotype-only ExtraTrees,34,2023_722,2023,1065.6,1064.6746466666675
16,Phenotype-only ExtraTrees,38,2023_726,2023,1081.6,998.009176666667
16,Phenotype-only ExtraTrees,49,2024_CK25,2024,679.38,694.7337766666668
16,Phenotype-only ExtraTrees,51,2024_L111,2024,540.85,554.5451766666665
16,Phenotype-only ExtraTrees,64,2024_L222,2024,712.8,659.1743341666667
16,Phenotype-only ExtraTrees,65,2024_L223,2024,773.48,332.4899130952367
16,Phenotype-only ExtraTrees,80,2024_L423,2024,759.69,621.6596549999999
16,Phenotype-only ExtraTrees,85,2024_L515,2024,102.5,742.5080350000009
16,Phenotype-only ExtraTrees,88,2024_L522,2024,731.43,642.5823600000008
16,Phenotype-only ExtraTrees,92,2024_L526,2024,778.8,561.3015216666668
16,Phenotype-only ExtraTrees,96,2024_L614,2024,360.5,776.5361483333338
16,Phenotype-only ExtraTrees,99,2024_L621,2024,0.0,875.0982716666666
16,Phenotype-only ExtraTrees,105,2024_R114,2024,819.65,585.6909250000004
16,Phenotype-only ExtraTrees,107,2024_R116,2024,553.35,819.3857533333339
16,Phenotype-only ExtraTrees,111,2024_R2110,2024,491.25,656.2147183333338
16,Phenotype-only ExtraTrees,112,2024_R2111,2024,973.5,635.95658
16,Phenotype-only ExtraTrees,122,2024_R229,2024,476.055,856.1629949999992
16,Phenotype-only ExtraTrees,123,2024_R314,2024,112.5,638.2825833333334
16,Phenotype-only ExtraTrees,125,2024_R316,2024,366.65,671.1675749999996
16,Phenotype-only ExtraTrees,126,2024_R324,2024,373.8,702.6007924999998
16,Phenotype-only ExtraTrees,131,2024_R416,2024,724.15,841.9430350000005
16,Phenotype-only ExtraTrees,133,2024_R425,2024,390.72,604.9328366666659
16,Phenotype-only ExtraTrees,137,2024_R519,2024,565.0,633.3904650000006
16,Phenotype-only ExtraTrees,144,2024_R627,2024,613.97,632.7627116666658
16,Phenotype-only ExtraTrees,154,2025_CK25,2025,1358.76,1218.9743966666679
16,Phenotype-only ExtraTrees,159,2025_L121,2025,1367.3,880.6966883333337
16,Phenotype-only ExtraTrees,162,2025_L211,2025,758.6,567.9817316666663
16,Phenotype-only ExtraTrees,166,2025_L215,2025,899.999999999999,674.7346141666671
16,Phenotype-only ExtraTrees,172,2025_L225,2025,1122.0,862.0697800000005
16,Phenotype-only ExtraTrees,187,2025_L512,2025,1150.0,741.8736283333341
16,Phenotype-only ExtraTrees,189,2025_L514,2025,1650.0,958.1353266666652
16,Phenotype-only ExtraTrees,191,2025_L516,2025,105.0,719.327250000001
16,Phenotype-only ExtraTrees,194,2025_L523,2025,1384.32,1063.075386666667
16,Phenotype-only ExtraTrees,198,2025_L611,2025,800.0,930.3994600000002
16,Phenotype-only ExtraTrees,201,2025_L614,2025,721.0,814.9153899999999
16,Phenotype-only ExtraTrees,202,2025_L615,2025,933.0,648.3312233333336
16,Environment-only ExtraTrees,8,2023_226,2023,760.8,1064.3654838709635
16,Environment-only ExtraTrees,10,2023_322,2023,821.0,1064.3654838709635
16,Environment-only ExtraTrees,16,2023_422,2023,1093.4,1064.3654838709635
16,Environment-only ExtraTrees,19,2023_522,2023,991.4,1064.3654838709635
16,Environment-only ExtraTrees,24,2023_527,2023,1451.6,1064.3654838709635
16,Environment-only ExtraTrees,30,2023_624,2023,1096.5,1064.3654838709635
16,Environment-only ExtraTrees,34,2023_722,2023,1065.6,1064.3654838709635
16,Environment-only ExtraTrees,38,2023_726,2023,1081.6,1064.3654838709635
16,Environment-only ExtraTrees,49,2024_CK25,2024,679.38,557.9063953488368
16,Environment-only ExtraTrees,51,2024_L111,2024,540.85,557.9063953488368
16,Environment-only ExtraTrees,64,2024_L222,2024,712.8,557.9063953488368
16,Environment-only ExtraTrees,65,2024_L223,2024,773.48,557.9063953488368
16,Environment-only ExtraTrees,80,2024_L423,2024,759.69,557.9063953488368
16,Environment-only ExtraTrees,85,2024_L515,2024,102.5,557.9063953488368
16,Environment-only ExtraTrees,88,2024_L522,2024,731.43,557.9063953488368
16,Environment-only ExtraTrees,92,2024_L526,2024,778.8,557.9063953488368
16,Environment-only ExtraTrees,96,2024_L614,2024,360.5,557.9063953488368
16,Environment-only ExtraTrees,99,2024_L621,2024,0.0,557.9063953488368
16,Environment-only ExtraTrees,105,2024_R114,2024,819.65,557.9063953488368
16,Environment-only ExtraTrees,107,2024_R116,2024,553.35,557.9063953488368
16,Environment-only ExtraTrees,111,2024_R2110,2024,491.25,557.9063953488368
16,Environment-only ExtraTrees,112,2024_R2111,2024,973.5,557.9063953488368
16,Environment-only ExtraTrees,122,2024_R229,2024,476.055,557.9063953488368
16,Environment-only ExtraTrees,123,2024_R314,2024,112.5,557.9063953488368
16,Environment-only ExtraTrees,125,2024_R316,2024,366.65,557.9063953488368
16,Environment-only ExtraTrees,126,2024_R324,2024,373.8,557.9063953488368
16,Environment-only ExtraTrees,131,2024_R416,2024,724.15,557.9063953488368
16,Environment-only ExtraTrees,133,2024_R425,2024,390.72,557.9063953488368
16,Environment-only ExtraTrees,137,2024_R519,2024,565.0,557.9063953488368
16,Environment-only ExtraTrees,144,2024_R627,2024,613.97,557.9063953488368
16,Environment-only ExtraTrees,154,2025_CK25,2025,1358.76,1444.4449999999902
16,Environment-only ExtraTrees,159,2025_L121,2025,1367.3,988.3886956521776
16,Environment-only ExtraTrees,162,2025_L211,2025,758.6,988.3886956521776
16,Environment-only ExtraTrees,166,2025_L215,2025,899.999999999999,988.3886956521776
16,Environment-only ExtraTrees,172,2025_L225,2025,1122.0,988.3886956521776
16,Environment-only ExtraTrees,187,2025_L512,2025,1150.0,988.3886956521776
16,Environment-only ExtraTrees,189,2025_L514,2025,1650.0,988.3886956521776
16,Environment-only ExtraTrees,191,2025_L516,2025,105.0,988.3886956521776
16,Environment-only ExtraTrees,194,2025_L523,2025,1384.32,988.3886956521776
16,Environment-only ExtraTrees,198,2025_L611,2025,800.0,988.3886956521776
16,Environment-only ExtraTrees,201,2025_L614,2025,721.0,988.3886956521776
16,Environment-only ExtraTrees,202,2025_L615,2025,933.0,988.3886956521776
16,Static Early Fusion ExtraTrees,8,2023_226,2023,760.8,1011.4312566666688
16,Static Early Fusion ExtraTrees,10,2023_322,2023,821.0,964.913033333334
16,Static Early Fusion ExtraTrees,16,2023_422,2023,1093.4,1041.2554199999995
16,Static Early Fusion ExtraTrees,19,2023_522,2023,991.4,1042.5887499999988
16,Static Early Fusion ExtraTrees,24,2023_527,2023,1451.6,1121.6498066666686
16,Static Early Fusion ExtraTrees,30,2023_624,2023,1096.5,1196.791603333333
16,Static Early Fusion ExtraTrees,34,2023_722,2023,1065.6,1069.2078733333328
16,Static Early Fusion ExtraTrees,38,2023_726,2023,1081.6,1020.3136866666672
16,Static Early Fusion ExtraTrees,49,2024_CK25,2024,679.38,630.7442816666659
16,Static Early Fusion ExtraTrees,51,2024_L111,2024,540.85,341.81856833333296
16,Static Early Fusion ExtraTrees,64,2024_L222,2024,712.8,386.6195566666669
16,Static Early Fusion ExtraTrees,65,2024_L223,2024,773.48,289.45206166666645
16,Static Early Fusion ExtraTrees,80,2024_L423,2024,759.69,662.6061508333337
16,Static Early Fusion ExtraTrees,85,2024_L515,2024,102.5,701.9665666666662
16,Static Early Fusion ExtraTrees,88,2024_L522,2024,731.43,444.14175999999946
16,Static Early Fusion ExtraTrees,92,2024_L526,2024,778.8,396.2149149999998
16,Static Early Fusion ExtraTrees,96,2024_L614,2024,360.5,505.70200666666693
16,Static Early Fusion ExtraTrees,99,2024_L621,2024,0.0,464.5582133333332
16,Static Early Fusion ExtraTrees,105,2024_R114,2024,819.65,558.1789349999996
16,Static Early Fusion ExtraTrees,107,2024_R116,2024,553.35,670.0276699999991
16,Static Early Fusion ExtraTrees,111,2024_R2110,2024,491.25,630.6309000000002
16,Static Early Fusion ExtraTrees,112,2024_R2111,2024,973.5,610.3914199999999
16,Static Early Fusion ExtraTrees,122,2024_R229,2024,476.055,637.8342016666667
16,Static Early Fusion ExtraTrees,123,2024_R314,2024,112.5,710.7586958333329
16,Static Early Fusion ExtraTrees,125,2024_R316,2024,366.65,683.622574166666
16,Static Early Fusion ExtraTrees,126,2024_R324,2024,373.8,702.5863316666661
16,Static Early Fusion ExtraTrees,131,2024_R416,2024,724.15,634.5020649999999
16,Static Early Fusion ExtraTrees,133,2024_R425,2024,390.72,618.4248383333331
16,Static Early Fusion ExtraTrees,137,2024_R519,2024,565.0,707.4034058333339
16,Static Early Fusion ExtraTrees,144,2024_R627,2024,613.97,741.9971066666675
16,Static Early Fusion ExtraTrees,154,2025_CK25,2025,1358.76,1229.0483299999994
16,Static Early Fusion ExtraTrees,159,2025_L121,2025,1367.3,913.3328083333333
16,Static Early Fusion ExtraTrees,162,2025_L211,2025,758.6,591.4176900000001
16,Static Early Fusion ExtraTrees,166,2025_L215,2025,899.999999999999,844.6911216666666
16,Static Early Fusion ExtraTrees,172,2025_L225,2025,1122.0,751.1125833333329
16,Static Early Fusion ExtraTrees,187,2025_L512,2025,1150.0,777.726533333334
16,Static Early Fusion ExtraTrees,189,2025_L514,2025,1650.0,1025.248083333333
16,Static Early Fusion ExtraTrees,191,2025_L516,2025,105.0,665.2543833333335
16,Static Early Fusion ExtraTrees,194,2025_L523,2025,1384.32,967.4947633333322
16,Static Early Fusion ExtraTrees,198,2025_L611,2025,800.0,819.5561766666667
16,Static Early Fusion ExtraTrees,201,2025_L614,2025,721.0,714.089445
16,Static Early Fusion ExtraTrees,202,2025_L615,2025,933.0,854.6884699999996
16,Static Early Fusion XGBoost,8,2023_226,2023,760.8,946.5540161132812
16,Static Early Fusion XGBoost,10,2023_322,2023,821.0,948.450927734375
16,Static Early Fusion XGBoost,16,2023_422,2023,1093.4,1091.47705078125
16,Static Early Fusion XGBoost,19,2023_522,2023,991.4,981.038818359375
16,Static Early Fusion XGBoost,24,2023_527,2023,1451.6,1138.8917236328125
16,Static Early Fusion XGBoost,30,2023_624,2023,1096.5,1232.893798828125
16,Static Early Fusion XGBoost,34,2023_722,2023,1065.6,974.5534057617188
16,Static Early Fusion XGBoost,38,2023_726,2023,1081.6,1041.04150390625
16,Static Early Fusion XGBoost,49,2024_CK25,2024,679.38,692.5143432617188
16,Static Early Fusion XGBoost,51,2024_L111,2024,540.85,371.1301574707031
16,Static Early Fusion XGBoost,64,2024_L222,2024,712.8,436.92633056640625
16,Static Early Fusion XGBoost,65,2024_L223,2024,773.48,237.89425659179688
16,Static Early Fusion XGBoost,80,2024_L423,2024,759.69,713.542724609375
16,Static Early Fusion XGBoost,85,2024_L515,2024,102.5,731.6886596679688
16,Static Early Fusion XGBoost,88,2024_L522,2024,731.43,292.8717041015625
16,Static Early Fusion XGBoost,92,2024_L526,2024,778.8,370.2355041503906
16,Static Early Fusion XGBoost,96,2024_L614,2024,360.5,701.8963012695312
16,Static Early Fusion XGBoost,99,2024_L621,2024,0.0,554.4441528320312
16,Static Early Fusion XGBoost,105,2024_R114,2024,819.65,755.5534057617188
16,Static Early Fusion XGBoost,107,2024_R116,2024,553.35,697.5068969726562
16,Static Early Fusion XGBoost,111,2024_R2110,2024,491.25,562.8413696289062
16,Static Early Fusion XGBoost,112,2024_R2111,2024,973.5,670.2236938476562
16,Static Early Fusion XGBoost,122,2024_R229,2024,476.055,848.3175659179688
16,Static Early Fusion XGBoost,123,2024_R314,2024,112.5,655.1121215820312
16,Static Early Fusion XGBoost,125,2024_R316,2024,366.65,576.7498168945312
16,Static Early Fusion XGBoost,126,2024_R324,2024,373.8,766.4452514648438
16,Static Early Fusion XGBoost,131,2024_R416,2024,724.15,690.244140625
16,Static Early Fusion XGBoost,133,2024_R425,2024,390.72,564.0596923828125
16,Static Early Fusion XGBoost,137,2024_R519,2024,565.0,809.6721801757812
16,Static Early Fusion XGBoost,144,2024_R627,2024,613.97,786.7457885742188
16,Static Early Fusion XGBoost,154,2025_CK25,2025,1358.76,1240.060546875
16,Static Early Fusion XGBoost,159,2025_L121,2025,1367.3,900.3717651367188
16,Static Early Fusion XGBoost,162,2025_L211,2025,758.6,386.1131591796875
16,Static Early Fusion XGBoost,166,2025_L215,2025,899.999999999999,756.0423583984375
16,Static Early Fusion XGBoost,172,2025_L225,2025,1122.0,981.3687744140625
16,Static Early Fusion XGBoost,187,2025_L512,2025,1150.0,768.9373779296875
16,Static Early Fusion XGBoost,189,2025_L514,2025,1650.0,947.7955322265625
16,Static Early Fusion XGBoost,191,2025_L516,2025,105.0,710.5089111328125
16,Static Early Fusion XGBoost,194,2025_L523,2025,1384.32,1347.17724609375
16,Static Early Fusion XGBoost,198,2025_L611,2025,800.0,984.2341918945312
16,Static Early Fusion XGBoost,201,2025_L614,2025,721.0,966.0428466796875
16,Static Early Fusion XGBoost,202,2025_L615,2025,933.0,616.4258422851562
16,Static Early Fusion CatBoost,8,2023_226,2023,760.8,1001.3776731900061
16,Static Early Fusion CatBoost,10,2023_322,2023,821.0,952.5451425608373
16,Static Early Fusion CatBoost,16,2023_422,2023,1093.4,1024.6143707964131
16,Static Early Fusion CatBoost,19,2023_522,2023,991.4,970.0935732336552
16,Static Early Fusion CatBoost,24,2023_527,2023,1451.6,1130.410384969714
16,Static Early Fusion CatBoost,30,2023_624,2023,1096.5,1269.288584015078
16,Static Early Fusion CatBoost,34,2023_722,2023,1065.6,1063.073253780294
16,Static Early Fusion CatBoost,38,2023_726,2023,1081.6,1106.634647453214
16,Static Early Fusion CatBoost,49,2024_CK25,2024,679.38,622.4331678367325
16,Static Early Fusion CatBoost,51,2024_L111,2024,540.85,421.4603471564792
16,Static Early Fusion CatBoost,64,2024_L222,2024,712.8,473.2336845246733
16,Static Early Fusion CatBoost,65,2024_L223,2024,773.48,354.4188144024621
16,Static Early Fusion CatBoost,80,2024_L423,2024,759.69,698.6422896975128
16,Static Early Fusion CatBoost,85,2024_L515,2024,102.5,721.4475995715018
16,Static Early Fusion CatBoost,88,2024_L522,2024,731.43,355.8333980828459
16,Static Early Fusion CatBoost,92,2024_L526,2024,778.8,463.92571305596715
16,Static Early Fusion CatBoost,96,2024_L614,2024,360.5,547.1859500508156
16,Static Early Fusion CatBoost,99,2024_L621,2024,0.0,534.0141451011903
16,Static Early Fusion CatBoost,105,2024_R114,2024,819.65,661.4738232230429
16,Static Early Fusion CatBoost,107,2024_R116,2024,553.35,687.5913082871745
16,Static Early Fusion CatBoost,111,2024_R2110,2024,491.25,606.130636574144
16,Static Early Fusion CatBoost,112,2024_R2111,2024,973.5,574.117566876797
16,Static Early Fusion CatBoost,122,2024_R229,2024,476.055,700.9808223601942
16,Static Early Fusion CatBoost,123,2024_R314,2024,112.5,639.6637762604107
16,Static Early Fusion CatBoost,125,2024_R316,2024,366.65,614.1691541595054
16,Static Early Fusion CatBoost,126,2024_R324,2024,373.8,671.6405791487762
16,Static Early Fusion CatBoost,131,2024_R416,2024,724.15,697.102286100902
16,Static Early Fusion CatBoost,133,2024_R425,2024,390.72,569.290003102301
16,Static Early Fusion CatBoost,137,2024_R519,2024,565.0,699.2199376661779
16,Static Early Fusion CatBoost,144,2024_R627,2024,613.97,674.0151150271878
16,Static Early Fusion CatBoost,154,2025_CK25,2025,1358.76,1268.8608020769193
16,Static Early Fusion CatBoost,159,2025_L121,2025,1367.3,1022.6959273560637
16,Static Early Fusion CatBoost,162,2025_L211,2025,758.6,580.7115212878277
16,Static Early Fusion CatBoost,166,2025_L215,2025,899.999999999999,857.721201458007
16,Static Early Fusion CatBoost,172,2025_L225,2025,1122.0,904.254931391831
16,Static Early Fusion CatBoost,187,2025_L512,2025,1150.0,782.4551966608404
16,Static Early Fusion CatBoost,189,2025_L514,2025,1650.0,992.1192065047145
16,Static Early Fusion CatBoost,191,2025_L516,2025,105.0,624.318133176828
16,Static Early Fusion CatBoost,194,2025_L523,2025,1384.32,1220.9569646295924
16,Static Early Fusion CatBoost,198,2025_L611,2025,800.0,948.6913944193237
16,Static Early Fusion CatBoost,201,2025_L614,2025,721.0,844.8080780329626
16,Static Early Fusion CatBoost,202,2025_L615,2025,933.0,740.5684461735452
16,Static Early Fusion HistGB,8,2023_226,2023,760.8,845.4194068728632
16,Static Early Fusion HistGB,10,2023_322,2023,821.0,989.0725469375184
16,Static Early Fusion HistGB,16,2023_422,2023,1093.4,1144.3852218015802
16,Static Early Fusion HistGB,19,2023_522,2023,991.4,1012.2122864203104
16,Static Early Fusion HistGB,24,2023_527,2023,1451.6,1202.5453779941804
16,Static Early Fusion HistGB,30,2023_624,2023,1096.5,1208.3410375854246
16,Static Early Fusion HistGB,34,2023_722,2023,1065.6,1144.394075338879
16,Static Early Fusion HistGB,38,2023_726,2023,1081.6,1040.9298422453874
16,Static Early Fusion HistGB,49,2024_CK25,2024,679.38,721.5721941772375
16,Static Early Fusion HistGB,51,2024_L111,2024,540.85,345.99408528456786
16,Static Early Fusion HistGB,64,2024_L222,2024,712.8,334.64677215353186
16,Static Early Fusion HistGB,65,2024_L223,2024,773.48,96.96973022594892
16,Static Early Fusion HistGB,80,2024_L423,2024,759.69,620.3214894848795
16,Static Early Fusion HistGB,85,2024_L515,2024,102.5,771.6713913314342
16,Static Early Fusion HistGB,88,2024_L522,2024,731.43,474.8313986370014
16,Static Early Fusion HistGB,92,2024_L526,2024,778.8,397.2747086942709
16,Static Early Fusion HistGB,96,2024_L614,2024,360.5,622.1849214256173
16,Static Early Fusion HistGB,99,2024_L621,2024,0.0,508.15392308669095
16,Static Early Fusion HistGB,105,2024_R114,2024,819.65,716.4874939270968
16,Static Early Fusion HistGB,107,2024_R116,2024,553.35,789.0746711472524
16,Static Early Fusion HistGB,111,2024_R2110,2024,491.25,636.048202912609
16,Static Early Fusion HistGB,112,2024_R2111,2024,973.5,708.0073183193514
16,Static Early Fusion HistGB,122,2024_R229,2024,476.055,741.2265902656799
16,Static Early Fusion HistGB,123,2024_R314,2024,112.5,630.8080955240758
16,Static Early Fusion HistGB,125,2024_R316,2024,366.65,610.6425111758891
16,Static Early Fusion HistGB,126,2024_R324,2024,373.8,818.214786923778
16,Static Early Fusion HistGB,131,2024_R416,2024,724.15,550.0992319413241
16,Static Early Fusion HistGB,133,2024_R425,2024,390.72,566.5566655545715
16,Static Early Fusion HistGB,137,2024_R519,2024,565.0,661.9716768472541
16,Static Early Fusion HistGB,144,2024_R627,2024,613.97,773.6747433724898
16,Static Early Fusion HistGB,154,2025_CK25,2025,1358.76,1266.7143124516788
16,Static Early Fusion HistGB,159,2025_L121,2025,1367.3,974.7798863181936
16,Static Early Fusion HistGB,162,2025_L211,2025,758.6,246.69600953549718
16,Static Early Fusion HistGB,166,2025_L215,2025,899.999999999999,809.6477063955964
16,Static Early Fusion HistGB,172,2025_L225,2025,1122.0,993.4105720993751
16,Static Early Fusion HistGB,187,2025_L512,2025,1150.0,752.8696737309745
16,Static Early Fusion HistGB,189,2025_L514,2025,1650.0,930.7097218955664
16,Static Early Fusion HistGB,191,2025_L516,2025,105.0,684.7682361169869
16,Static Early Fusion HistGB,194,2025_L523,2025,1384.32,1287.379032381986
16,Static Early Fusion HistGB,198,2025_L611,2025,800.0,895.1735010194756
16,Static Early Fusion HistGB,201,2025_L614,2025,721.0,1050.0326275641191
16,Static Early Fusion HistGB,202,2025_L615,2025,933.0,494.26155443431077
16,Trajectory Fusion ExtraTrees,8,2023_226,2023,760.8,974.8559750000011
16,Trajectory Fusion ExtraTrees,10,2023_322,2023,821.0,929.8729733333327
16,Trajectory Fusion ExtraTrees,16,2023_422,2023,1093.4,982.2248566666655
16,Trajectory Fusion ExtraTrees,19,2023_522,2023,991.4,975.8789566666649
16,Trajectory Fusion ExtraTrees,24,2023_527,2023,1451.6,1199.6177499999974
16,Trajectory Fusion ExtraTrees,30,2023_624,2023,1096.5,1207.7064933333288
16,Trajectory Fusion ExtraTrees,34,2023_722,2023,1065.6,1107.4043233333339
16,Trajectory Fusion ExtraTrees,38,2023_726,2023,1081.6,1099.6822700000002
16,Trajectory Fusion ExtraTrees,49,2024_CK25,2024,679.38,632.932273333334
16,Trajectory Fusion ExtraTrees,51,2024_L111,2024,540.85,407.063533333334
16,Trajectory Fusion ExtraTrees,64,2024_L222,2024,712.8,336.1149049999999
16,Trajectory Fusion ExtraTrees,65,2024_L223,2024,773.48,437.68122666666676
16,Trajectory Fusion ExtraTrees,80,2024_L423,2024,759.69,531.9123266666669
16,Trajectory Fusion ExtraTrees,85,2024_L515,2024,102.5,640.0310666666661
16,Trajectory Fusion ExtraTrees,88,2024_L522,2024,731.43,509.69627666666486
16,Trajectory Fusion ExtraTrees,92,2024_L526,2024,778.8,580.2601683333334
16,Trajectory Fusion ExtraTrees,96,2024_L614,2024,360.5,610.68514
16,Trajectory Fusion ExtraTrees,99,2024_L621,2024,0.0,380.319871666666
16,Trajectory Fusion ExtraTrees,105,2024_R114,2024,819.65,662.9439999999998
16,Trajectory Fusion ExtraTrees,107,2024_R116,2024,553.35,623.933869999999
16,Trajectory Fusion ExtraTrees,111,2024_R2110,2024,491.25,593.0228566666664
16,Trajectory Fusion ExtraTrees,112,2024_R2111,2024,973.5,666.5885966666661
16,Trajectory Fusion ExtraTrees,122,2024_R229,2024,476.055,578.7919833333331
16,Trajectory Fusion ExtraTrees,123,2024_R314,2024,112.5,689.6990283333333
16,Trajectory Fusion ExtraTrees,125,2024_R316,2024,366.65,611.1698066666668
16,Trajectory Fusion ExtraTrees,126,2024_R324,2024,373.8,664.7223866666671
16,Trajectory Fusion ExtraTrees,131,2024_R416,2024,724.15,660.6925433333328
16,Trajectory Fusion ExtraTrees,133,2024_R425,2024,390.72,618.2399766666666
16,Trajectory Fusion ExtraTrees,137,2024_R519,2024,565.0,562.6378066666666
16,Trajectory Fusion ExtraTrees,144,2024_R627,2024,613.97,716.9096450000003
16,Trajectory Fusion ExtraTrees,154,2025_CK25,2025,1358.76,1351.492543333331
16,Trajectory Fusion ExtraTrees,159,2025_L121,2025,1367.3,940.412445
16,Trajectory Fusion ExtraTrees,162,2025_L211,2025,758.6,954.961493333333
16,Trajectory Fusion ExtraTrees,166,2025_L215,2025,899.999999999999,1068.1305933333329
16,Trajectory Fusion ExtraTrees,172,2025_L225,2025,1122.0,937.039469999999
16,Trajectory Fusion ExtraTrees,187,2025_L512,2025,1150.0,939.2928599999999
16,Trajectory Fusion ExtraTrees,189,2025_L514,2025,1650.0,1154.2198816666673
16,Trajectory Fusion ExtraTrees,191,2025_L516,2025,105.0,488.15111166666685
16,Trajectory Fusion ExtraTrees,194,2025_L523,2025,1384.32,993.1819033333339
16,Trajectory Fusion ExtraTrees,198,2025_L611,2025,800.0,958.5932666666678
16,Trajectory Fusion ExtraTrees,201,2025_L614,2025,721.0,714.4731833333335
16,Trajectory Fusion ExtraTrees,202,2025_L615,2025,933.0,815.637185
16,CMGT-DINO,8,2023_226,2023,760.8,950.4084551493477
16,CMGT-DINO,10,2023_322,2023,821.0,897.74907730799
16,CMGT-DINO,16,2023_422,2023,1093.4,959.0676278008478
16,CMGT-DINO,19,2023_522,2023,991.4,992.9220239729037
16,CMGT-DINO,24,2023_527,2023,1451.6,1141.909434004805
16,CMGT-DINO,30,2023_624,2023,1096.5,1163.0443848987575
16,CMGT-DINO,34,2023_722,2023,1065.6,1066.637592150258
16,CMGT-DINO,38,2023_726,2023,1081.6,1060.1835859480097
16,CMGT-DINO,49,2024_CK25,2024,679.38,644.3208351995718
16,CMGT-DINO,51,2024_L111,2024,540.85,493.15925075253415
16,CMGT-DINO,64,2024_L222,2024,712.8,489.8002598733814
16,CMGT-DINO,65,2024_L223,2024,773.48,521.8734544672739
16,CMGT-DINO,80,2024_L423,2024,759.69,665.9194935847436
16,CMGT-DINO,85,2024_L515,2024,102.5,691.8004063305974
16,CMGT-DINO,88,2024_L522,2024,731.43,538.1091547723406
16,CMGT-DINO,92,2024_L526,2024,778.8,681.2774499218802
16,CMGT-DINO,96,2024_L614,2024,360.5,586.8435141012068
16,CMGT-DINO,99,2024_L621,2024,0.0,449.7845229199603
16,CMGT-DINO,105,2024_R114,2024,819.65,709.2414691604248
16,CMGT-DINO,107,2024_R116,2024,553.35,660.0579784835452
16,CMGT-DINO,111,2024_R2110,2024,491.25,594.7115001520905
16,CMGT-DINO,112,2024_R2111,2024,973.5,646.8680436203512
16,CMGT-DINO,122,2024_R229,2024,476.055,610.1276532757909
16,CMGT-DINO,123,2024_R314,2024,112.5,712.3811688347384
16,CMGT-DINO,125,2024_R316,2024,366.65,652.9406952223799
16,CMGT-DINO,126,2024_R324,2024,373.8,643.5447162065524
16,CMGT-DINO,131,2024_R416,2024,724.15,627.8410675966292
16,CMGT-DINO,133,2024_R425,2024,390.72,603.2056237237017
16,CMGT-DINO,137,2024_R519,2024,565.0,557.1034998954727
16,CMGT-DINO,144,2024_R627,2024,613.97,681.3697319289276
16,CMGT-DINO,154,2025_CK25,2025,1358.76,1226.497174993589
16,CMGT-DINO,159,2025_L121,2025,1367.3,890.7156897764032
16,CMGT-DINO,162,2025_L211,2025,758.6,760.5566406945253
16,CMGT-DINO,166,2025_L215,2025,899.999999999999,905.6193115882818
16,CMGT-DINO,172,2025_L225,2025,1122.0,820.4815533764378
16,CMGT-DINO,187,2025_L512,2025,1150.0,990.1959250937092
16,CMGT-DINO,189,2025_L514,2025,1650.0,1275.8671891390409
16,CMGT-DINO,191,2025_L516,2025,105.0,404.54186668585976
16,CMGT-DINO,194,2025_L523,2025,1384.32,815.2485268128695
16,CMGT-DINO,198,2025_L611,2025,800.0,962.0430705442217
16,CMGT-DINO,201,2025_L614,2025,721.0,546.3757895742731
16,CMGT-DINO,202,2025_L615,2025,933.0,1003.3830924049472
17,DINOv3 Static Image ExtraTrees,4,2023_222,2023,933.4,924.7517866666765
17,DINOv3 Static Image ExtraTrees,14,2023_326,2023,1134.6,1055.5999999999904
17,DINOv3 Static Image ExtraTrees,19,2023_522,2023,991.4,1047.9999233333383
17,DINOv3 Static Image ExtraTrees,22,2023_525,2023,1087.0,1161.2918799999893
17,DINOv3 Static Image ExtraTrees,25,2023_528,2023,1306.8,1282.3885666666663
17,DINOv3 Static Image ExtraTrees,28,2023_622,2023,1112.9,1161.2918799999893
17,DINOv3 Static Image ExtraTrees,30,2023_624,2023,1096.5,1282.3885666666663
17,DINOv3 Static Image ExtraTrees,33,2023_721,2023,1128.0,1055.5999999999904
17,DINOv3 Static Image ExtraTrees,39,2024_CK11,2024,210.0,666.3177777777838
17,DINOv3 Static Image ExtraTrees,41,2024_CK13,2024,175.0,666.3177777777838
17,DINOv3 Static Image ExtraTrees,48,2024_CK24,2024,613.025,513.0714285714259
17,DINOv3 Static Image ExtraTrees,49,2024_CK25,2024,679.38,513.0714285714259
17,DINOv3 Static Image ExtraTrees,50,2024_CK26,2024,831.42,513.0714285714259
17,DINOv3 Static Image ExtraTrees,60,2024_L214,2024,881.25,696.1935288636388
17,DINOv3 Static Image ExtraTrees,64,2024_L222,2024,712.8,412.2449999999972
17,DINOv3 Static Image ExtraTrees,65,2024_L223,2024,773.48,412.2449999999972
17,DINOv3 Static Image ExtraTrees,78,2024_L421,2024,920.64,666.3177777777838
17,DINOv3 Static Image ExtraTrees,81,2024_L511,2024,150.0,317.1040000000012
17,DINOv3 Static Image ExtraTrees,89,2024_L523,2024,692.16,317.1040000000012
17,DINOv3 Static Image ExtraTrees,97,2024_L615,2024,466.5,526.7968181818155
17,DINOv3 Static Image ExtraTrees,106,2024_R115,2024,648.75,563.6755000000057
17,DINOv3 Static Image ExtraTrees,113,2024_R2112,2024,765.0,577.4738888888919
17,DINOv3 Static Image ExtraTrees,120,2024_R227,2024,618.45,563.6755000000057
17,DINOv3 Static Image ExtraTrees,123,2024_R314,2024,112.5,577.4738888888919
17,DINOv3 Static Image ExtraTrees,124,2024_R315,2024,530.0,577.4738888888919
17,DINOv3 Static Image ExtraTrees,131,2024_R416,2024,724.15,513.0714285714259
17,DINOv3 Static Image ExtraTrees,133,2024_R425,2024,390.72,513.0714285714259
17,DINOv3 Static Image ExtraTrees,139,2024_R528,2024,926.52,582.0933333333286
17,DINOv3 Static Image ExtraTrees,140,2024_R529,2024,630.41,582.0933333333286
17,DINOv3 Static Image ExtraTrees,141,2024_R617,2024,1021.25,582.0933333333286
17,DINOv3 Static Image ExtraTrees,148,2025_CK12,2025,333.3,1271.3588469697027
17,DINOv3 Static Image ExtraTrees,160,2025_L122,2025,1323.0,954.2459999999966
17,DINOv3 Static Image ExtraTrees,164,2025_L213,2025,110.0,954.2459999999966
17,DINOv3 Static Image ExtraTrees,172,2025_L225,2025,1122.0,906.7899999999927
17,DINOv3 Static Image ExtraTrees,187,2025_L512,2025,1150.0,1061.242274666658
17,DINOv3 Static Image ExtraTrees,191,2025_L516,2025,105.0,1018.4261638888797
17,DINOv3 Static Image ExtraTrees,194,2025_L523,2025,1384.32,1061.242274666658
17,DINOv3 Static Image ExtraTrees,198,2025_L611,2025,800.0,1061.242274666658
17,DINOv3 Static Image ExtraTrees,199,2025_L612,2025,666.6,1061.242274666658
17,DINOv3 Static Image ExtraTrees,200,2025_L613,2025,650.7,1061.242274666658
17,DINOv3 Static Image ExtraTrees,204,2025_L621,2025,1220.4,1061.242274666658
17,DINOv3 Static Image ExtraTrees,205,2025_L622,2025,535.5,1061.242274666658
17,Phenotype-only ExtraTrees,4,2023_222,2023,933.4,942.4040183333348
17,Phenotype-only ExtraTrees,14,2023_326,2023,1134.6,1004.7124366666668
17,Phenotype-only ExtraTrees,19,2023_522,2023,991.4,975.4738716666676
17,Phenotype-only ExtraTrees,22,2023_525,2023,1087.0,1057.5109916666665
17,Phenotype-only ExtraTrees,25,2023_528,2023,1306.8,982.4815683333336
17,Phenotype-only ExtraTrees,28,2023_622,2023,1112.9,1133.42801
17,Phenotype-only ExtraTrees,30,2023_624,2023,1096.5,1080.9583849999992
17,Phenotype-only ExtraTrees,33,2023_721,2023,1128.0,1034.9471516666665
17,Phenotype-only ExtraTrees,39,2024_CK11,2024,210.0,807.7042899999997
17,Phenotype-only ExtraTrees,41,2024_CK13,2024,175.0,626.902848333333
17,Phenotype-only ExtraTrees,48,2024_CK24,2024,613.025,626.0730683333325
17,Phenotype-only ExtraTrees,49,2024_CK25,2024,679.38,876.9611933333326
17,Phenotype-only ExtraTrees,50,2024_CK26,2024,831.42,630.3877133333325
17,Phenotype-only ExtraTrees,60,2024_L214,2024,881.25,678.1740466666663
17,Phenotype-only ExtraTrees,64,2024_L222,2024,712.8,558.5828866666658
17,Phenotype-only ExtraTrees,65,2024_L223,2024,773.48,286.470725000001
17,Phenotype-only ExtraTrees,78,2024_L421,2024,920.64,597.8767050000005
17,Phenotype-only ExtraTrees,81,2024_L511,2024,150.0,286.470725000001
17,Phenotype-only ExtraTrees,89,2024_L523,2024,692.16,736.8113300000001
17,Phenotype-only ExtraTrees,97,2024_L615,2024,466.5,731.2618533333332
17,Phenotype-only ExtraTrees,106,2024_R115,2024,648.75,628.5919366666662
17,Phenotype-only ExtraTrees,113,2024_R2112,2024,765.0,439.4304699999992
17,Phenotype-only ExtraTrees,120,2024_R227,2024,618.45,286.470725000001
17,Phenotype-only ExtraTrees,123,2024_R314,2024,112.5,527.0614408333329
17,Phenotype-only ExtraTrees,124,2024_R315,2024,530.0,602.4337516666665
17,Phenotype-only ExtraTrees,131,2024_R416,2024,724.15,616.7716166666664
17,Phenotype-only ExtraTrees,133,2024_R425,2024,390.72,725.4830166666662
17,Phenotype-only ExtraTrees,139,2024_R528,2024,926.52,585.2176316666659
17,Phenotype-only ExtraTrees,140,2024_R529,2024,630.41,610.4658383333335
17,Phenotype-only ExtraTrees,141,2024_R617,2024,1021.25,725.1295783333337
17,Phenotype-only ExtraTrees,148,2025_CK12,2025,333.3,1130.1765683333347
17,Phenotype-only ExtraTrees,160,2025_L122,2025,1323.0,1071.6920966666664
17,Phenotype-only ExtraTrees,164,2025_L213,2025,110.0,1079.7057749999997
17,Phenotype-only ExtraTrees,172,2025_L225,2025,1122.0,828.8734499999999
17,Phenotype-only ExtraTrees,187,2025_L512,2025,1150.0,971.8759633333336
17,Phenotype-only ExtraTrees,191,2025_L516,2025,105.0,784.2188399999997
17,Phenotype-only ExtraTrees,194,2025_L523,2025,1384.32,1258.1986858333332
17,Phenotype-only ExtraTrees,198,2025_L611,2025,800.0,975.2805333333339
17,Phenotype-only ExtraTrees,199,2025_L612,2025,666.6,945.4639749999999
17,Phenotype-only ExtraTrees,200,2025_L613,2025,650.7,816.6587933333325
17,Phenotype-only ExtraTrees,204,2025_L621,2025,1220.4,1144.4591966666676
17,Phenotype-only ExtraTrees,205,2025_L622,2025,535.5,903.5382299999999
17,Environment-only ExtraTrees,4,2023_222,2023,933.4,1050.5364516128939
17,Environment-only ExtraTrees,14,2023_326,2023,1134.6,1050.5364516128939
17,Environment-only ExtraTrees,19,2023_522,2023,991.4,1050.5364516128939
17,Environment-only ExtraTrees,22,2023_525,2023,1087.0,1050.5364516128939
17,Environment-only ExtraTrees,25,2023_528,2023,1306.8,1050.5364516128939
17,Environment-only ExtraTrees,28,2023_622,2023,1112.9,1050.5364516128939
17,Environment-only ExtraTrees,30,2023_624,2023,1096.5,1050.5364516128939
17,Environment-only ExtraTrees,33,2023_721,2023,1128.0,1050.5364516128939
17,Environment-only ExtraTrees,39,2024_CK11,2024,210.0,539.6112790697671
17,Environment-only ExtraTrees,41,2024_CK13,2024,175.0,539.6112790697671
17,Environment-only ExtraTrees,48,2024_CK24,2024,613.025,539.6112790697671
17,Environment-only ExtraTrees,49,2024_CK25,2024,679.38,539.6112790697671
17,Environment-only ExtraTrees,50,2024_CK26,2024,831.42,539.6112790697671
17,Environment-only ExtraTrees,60,2024_L214,2024,881.25,539.6112790697671
17,Environment-only ExtraTrees,64,2024_L222,2024,712.8,539.6112790697671
17,Environment-only ExtraTrees,65,2024_L223,2024,773.48,539.6112790697671
17,Environment-only ExtraTrees,78,2024_L421,2024,920.64,539.6112790697671
17,Environment-only ExtraTrees,81,2024_L511,2024,150.0,539.6112790697671
17,Environment-only ExtraTrees,89,2024_L523,2024,692.16,539.6112790697671
17,Environment-only ExtraTrees,97,2024_L615,2024,466.5,539.6112790697671
17,Environment-only ExtraTrees,106,2024_R115,2024,648.75,539.6112790697671
17,Environment-only ExtraTrees,113,2024_R2112,2024,765.0,539.6112790697671
17,Environment-only ExtraTrees,120,2024_R227,2024,618.45,539.6112790697671
17,Environment-only ExtraTrees,123,2024_R314,2024,112.5,539.6112790697671
17,Environment-only ExtraTrees,124,2024_R315,2024,530.0,539.6112790697671
17,Environment-only ExtraTrees,131,2024_R416,2024,724.15,539.6112790697671
17,Environment-only ExtraTrees,133,2024_R425,2024,390.72,539.6112790697671
17,Environment-only ExtraTrees,139,2024_R528,2024,926.52,539.6112790697671
17,Environment-only ExtraTrees,140,2024_R529,2024,630.41,539.6112790697671
17,Environment-only ExtraTrees,141,2024_R617,2024,1021.25,539.6112790697671
17,Environment-only ExtraTrees,148,2025_CK12,2025,333.3,1043.472888888896
17,Environment-only ExtraTrees,160,2025_L122,2025,1323.0,1043.472888888896
17,Environment-only ExtraTrees,164,2025_L213,2025,110.0,1043.472888888896
17,Environment-only ExtraTrees,172,2025_L225,2025,1122.0,1043.472888888896
17,Environment-only ExtraTrees,187,2025_L512,2025,1150.0,1043.472888888896
17,Environment-only ExtraTrees,191,2025_L516,2025,105.0,1043.472888888896
17,Environment-only ExtraTrees,194,2025_L523,2025,1384.32,1043.472888888896
17,Environment-only ExtraTrees,198,2025_L611,2025,800.0,1043.472888888896
17,Environment-only ExtraTrees,199,2025_L612,2025,666.6,1043.472888888896
17,Environment-only ExtraTrees,200,2025_L613,2025,650.7,1043.472888888896
17,Environment-only ExtraTrees,204,2025_L621,2025,1220.4,1043.472888888896
17,Environment-only ExtraTrees,205,2025_L622,2025,535.5,1043.472888888896
17,Static Early Fusion ExtraTrees,4,2023_222,2023,933.4,963.6783400000024
17,Static Early Fusion ExtraTrees,14,2023_326,2023,1134.6,1056.5108100000011
17,Static Early Fusion ExtraTrees,19,2023_522,2023,991.4,995.5233133333339
17,Static Early Fusion ExtraTrees,22,2023_525,2023,1087.0,1143.6309199999976
17,Static Early Fusion ExtraTrees,25,2023_528,2023,1306.8,1253.834246666668
17,Static Early Fusion ExtraTrees,28,2023_622,2023,1112.9,1172.320709999995
17,Static Early Fusion ExtraTrees,30,2023_624,2023,1096.5,1221.5401266666659
17,Static Early Fusion ExtraTrees,33,2023_721,2023,1128.0,1042.5914900000016
17,Static Early Fusion ExtraTrees,39,2024_CK11,2024,210.0,681.0357683333336
17,Static Early Fusion ExtraTrees,41,2024_CK13,2024,175.0,704.6691433333333
17,Static Early Fusion ExtraTrees,48,2024_CK24,2024,613.025,637.30213
17,Static Early Fusion ExtraTrees,49,2024_CK25,2024,679.38,591.2600549999994
17,Static Early Fusion ExtraTrees,50,2024_CK26,2024,831.42,498.22409166666665
17,Static Early Fusion ExtraTrees,60,2024_L214,2024,881.25,676.8826266666667
17,Static Early Fusion ExtraTrees,64,2024_L222,2024,712.8,479.18939333333253
17,Static Early Fusion ExtraTrees,65,2024_L223,2024,773.48,268.02595166666646
17,Static Early Fusion ExtraTrees,78,2024_L421,2024,920.64,687.1432966666675
17,Static Early Fusion ExtraTrees,81,2024_L511,2024,150.0,6.558366666666666
17,Static Early Fusion ExtraTrees,89,2024_L523,2024,692.16,372.95462166666584
17,Static Early Fusion ExtraTrees,97,2024_L615,2024,466.5,576.221775
17,Static Early Fusion ExtraTrees,106,2024_R115,2024,648.75,442.4791750000001
17,Static Early Fusion ExtraTrees,113,2024_R2112,2024,765.0,487.6265283333331
17,Static Early Fusion ExtraTrees,120,2024_R227,2024,618.45,554.9913083333337
17,Static Early Fusion ExtraTrees,123,2024_R314,2024,112.5,558.5260083333335
17,Static Early Fusion ExtraTrees,124,2024_R315,2024,530.0,555.2210450000002
17,Static Early Fusion ExtraTrees,131,2024_R416,2024,724.15,523.0988866666673
17,Static Early Fusion ExtraTrees,133,2024_R425,2024,390.72,583.1222566666662
17,Static Early Fusion ExtraTrees,139,2024_R528,2024,926.52,549.0800049999999
17,Static Early Fusion ExtraTrees,140,2024_R529,2024,630.41,621.2140116666668
17,Static Early Fusion ExtraTrees,141,2024_R617,2024,1021.25,661.6818349999994
17,Static Early Fusion ExtraTrees,148,2025_CK12,2025,333.3,1262.2207700000026
17,Static Early Fusion ExtraTrees,160,2025_L122,2025,1323.0,1139.9140733333338
17,Static Early Fusion ExtraTrees,164,2025_L213,2025,110.0,974.2145100000007
17,Static Early Fusion ExtraTrees,172,2025_L225,2025,1122.0,795.9751733333339
17,Static Early Fusion ExtraTrees,187,2025_L512,2025,1150.0,849.6859533333327
17,Static Early Fusion ExtraTrees,191,2025_L516,2025,105.0,792.2523366666663
17,Static Early Fusion ExtraTrees,194,2025_L523,2025,1384.32,1195.1055266666667
17,Static Early Fusion ExtraTrees,198,2025_L611,2025,800.0,905.0307299999997
17,Static Early Fusion ExtraTrees,199,2025_L612,2025,666.6,1008.9210666666658
17,Static Early Fusion ExtraTrees,200,2025_L613,2025,650.7,865.37578
17,Static Early Fusion ExtraTrees,204,2025_L621,2025,1220.4,1117.566011666667
17,Static Early Fusion ExtraTrees,205,2025_L622,2025,535.5,1166.1445366666662
17,Static Early Fusion XGBoost,4,2023_222,2023,933.4,1033.3297119140625
17,Static Early Fusion XGBoost,14,2023_326,2023,1134.6,1082.510009765625
17,Static Early Fusion XGBoost,19,2023_522,2023,991.4,1028.9249267578125
17,Static Early Fusion XGBoost,22,2023_525,2023,1087.0,1145.857666015625
17,Static Early Fusion XGBoost,25,2023_528,2023,1306.8,1275.4605712890625
17,Static Early Fusion XGBoost,28,2023_622,2023,1112.9,1159.027587890625
17,Static Early Fusion XGBoost,30,2023_624,2023,1096.5,1186.2523193359375
17,Static Early Fusion XGBoost,33,2023_721,2023,1128.0,793.151123046875
17,Static Early Fusion XGBoost,39,2024_CK11,2024,210.0,793.5659790039062
17,Static Early Fusion XGBoost,41,2024_CK13,2024,175.0,665.6868896484375
17,Static Early Fusion XGBoost,48,2024_CK24,2024,613.025,696.8135986328125
17,Static Early Fusion XGBoost,49,2024_CK25,2024,679.38,573.5616455078125
17,Static Early Fusion XGBoost,50,2024_CK26,2024,831.42,491.4918212890625
17,Static Early Fusion XGBoost,60,2024_L214,2024,881.25,724.2603759765625
17,Static Early Fusion XGBoost,64,2024_L222,2024,712.8,557.6843872070312
17,Static Early Fusion XGBoost,65,2024_L223,2024,773.48,270.77667236328125
17,Static Early Fusion XGBoost,78,2024_L421,2024,920.64,714.7998046875
17,Static Early Fusion XGBoost,81,2024_L511,2024,150.0,65.92884826660156
17,Static Early Fusion XGBoost,89,2024_L523,2024,692.16,416.9698791503906
17,Static Early Fusion XGBoost,97,2024_L615,2024,466.5,638.9744873046875
17,Static Early Fusion XGBoost,106,2024_R115,2024,648.75,456.1357421875
17,Static Early Fusion XGBoost,113,2024_R2112,2024,765.0,421.6978759765625
17,Static Early Fusion XGBoost,120,2024_R227,2024,618.45,497.1833801269531
17,Static Early Fusion XGBoost,123,2024_R314,2024,112.5,421.2075500488281
17,Static Early Fusion XGBoost,124,2024_R315,2024,530.0,555.9280395507812
17,Static Early Fusion XGBoost,131,2024_R416,2024,724.15,521.718017578125
17,Static Early Fusion XGBoost,133,2024_R425,2024,390.72,526.8952026367188
17,Static Early Fusion XGBoost,139,2024_R528,2024,926.52,465.44573974609375
17,Static Early Fusion XGBoost,140,2024_R529,2024,630.41,627.2426147460938
17,Static Early Fusion XGBoost,141,2024_R617,2024,1021.25,773.82080078125
17,Static Early Fusion XGBoost,148,2025_CK12,2025,333.3,1523.699951171875
17,Static Early Fusion XGBoost,160,2025_L122,2025,1323.0,1140.7275390625
17,Static Early Fusion XGBoost,164,2025_L213,2025,110.0,1085.322265625
17,Static Early Fusion XGBoost,172,2025_L225,2025,1122.0,702.254150390625
17,Static Early Fusion XGBoost,187,2025_L512,2025,1150.0,992.0780029296875
17,Static Early Fusion XGBoost,191,2025_L516,2025,105.0,797.94677734375
17,Static Early Fusion XGBoost,194,2025_L523,2025,1384.32,1385.2261962890625
17,Static Early Fusion XGBoost,198,2025_L611,2025,800.0,989.8358154296875
17,Static Early Fusion XGBoost,199,2025_L612,2025,666.6,1015.5046997070312
17,Static Early Fusion XGBoost,200,2025_L613,2025,650.7,933.5408325195312
17,Static Early Fusion XGBoost,204,2025_L621,2025,1220.4,1286.8629150390625
17,Static Early Fusion XGBoost,205,2025_L622,2025,535.5,1045.2283935546875
17,Static Early Fusion CatBoost,4,2023_222,2023,933.4,1000.2142047334844
17,Static Early Fusion CatBoost,14,2023_326,2023,1134.6,1028.9870508763167
17,Static Early Fusion CatBoost,19,2023_522,2023,991.4,1057.763027609665
17,Static Early Fusion CatBoost,22,2023_525,2023,1087.0,1132.0611171813127
17,Static Early Fusion CatBoost,25,2023_528,2023,1306.8,1225.5993083160286
17,Static Early Fusion CatBoost,28,2023_622,2023,1112.9,1188.4506104718564
17,Static Early Fusion CatBoost,30,2023_624,2023,1096.5,1165.7618818005596
17,Static Early Fusion CatBoost,33,2023_721,2023,1128.0,1016.6925873438931
17,Static Early Fusion CatBoost,39,2024_CK11,2024,210.0,726.6808999285872
17,Static Early Fusion CatBoost,41,2024_CK13,2024,175.0,758.6111901554931
17,Static Early Fusion CatBoost,48,2024_CK24,2024,613.025,600.2292225388483
17,Static Early Fusion CatBoost,49,2024_CK25,2024,679.38,617.4612427914288
17,Static Early Fusion CatBoost,50,2024_CK26,2024,831.42,570.4886252295139
17,Static Early Fusion CatBoost,60,2024_L214,2024,881.25,590.0725371135973
17,Static Early Fusion CatBoost,64,2024_L222,2024,712.8,440.4645256758353
17,Static Early Fusion CatBoost,65,2024_L223,2024,773.48,389.7429026264686
17,Static Early Fusion CatBoost,78,2024_L421,2024,920.64,670.520720668719
17,Static Early Fusion CatBoost,81,2024_L511,2024,150.0,55.22020207418734
17,Static Early Fusion CatBoost,89,2024_L523,2024,692.16,455.30254588109506
17,Static Early Fusion CatBoost,97,2024_L615,2024,466.5,617.3896564809684
17,Static Early Fusion CatBoost,106,2024_R115,2024,648.75,422.3179827767218
17,Static Early Fusion CatBoost,113,2024_R2112,2024,765.0,449.01501401382654
17,Static Early Fusion CatBoost,120,2024_R227,2024,618.45,483.550162227269
17,Static Early Fusion CatBoost,123,2024_R314,2024,112.5,478.89659559382665
17,Static Early Fusion CatBoost,124,2024_R315,2024,530.0,542.1733765434815
17,Static Early Fusion CatBoost,131,2024_R416,2024,724.15,580.6761120553242
17,Static Early Fusion CatBoost,133,2024_R425,2024,390.72,574.4927768028631
17,Static Early Fusion CatBoost,139,2024_R528,2024,926.52,483.79105695132745
17,Static Early Fusion CatBoost,140,2024_R529,2024,630.41,671.2954879260654
17,Static Early Fusion CatBoost,141,2024_R617,2024,1021.25,603.656604850523
17,Static Early Fusion CatBoost,148,2025_CK12,2025,333.3,1480.3436862438907
17,Static Early Fusion CatBoost,160,2025_L122,2025,1323.0,1142.7945879011272
17,Static Early Fusion CatBoost,164,2025_L213,2025,110.0,1032.9716408148229
17,Static Early Fusion CatBoost,172,2025_L225,2025,1122.0,663.3118160096775
17,Static Early Fusion CatBoost,187,2025_L512,2025,1150.0,807.3298903464864
17,Static Early Fusion CatBoost,191,2025_L516,2025,105.0,820.2899805175454
17,Static Early Fusion CatBoost,194,2025_L523,2025,1384.32,1301.6117984848102
17,Static Early Fusion CatBoost,198,2025_L611,2025,800.0,1042.7728747920037
17,Static Early Fusion CatBoost,199,2025_L612,2025,666.6,959.7686806237161
17,Static Early Fusion CatBoost,200,2025_L613,2025,650.7,857.6939730797874
17,Static Early Fusion CatBoost,204,2025_L621,2025,1220.4,977.1370634059348
17,Static Early Fusion CatBoost,205,2025_L622,2025,535.5,1145.8128072309034
17,Static Early Fusion HistGB,4,2023_222,2023,933.4,922.088829625591
17,Static Early Fusion HistGB,14,2023_326,2023,1134.6,1217.9879925629439
17,Static Early Fusion HistGB,19,2023_522,2023,991.4,1152.891660959155
17,Static Early Fusion HistGB,22,2023_525,2023,1087.0,1135.4026997795502
17,Static Early Fusion HistGB,25,2023_528,2023,1306.8,1222.0837699116282
17,Static Early Fusion HistGB,28,2023_622,2023,1112.9,1190.0871723053478
17,Static Early Fusion HistGB,30,2023_624,2023,1096.5,1098.0099776988002
17,Static Early Fusion HistGB,33,2023_721,2023,1128.0,863.8633373540362
17,Static Early Fusion HistGB,39,2024_CK11,2024,210.0,754.2381635668645
17,Static Early Fusion HistGB,41,2024_CK13,2024,175.0,768.1148357701168
17,Static Early Fusion HistGB,48,2024_CK24,2024,613.025,591.6009211461778
17,Static Early Fusion HistGB,49,2024_CK25,2024,679.38,603.2513601863038
17,Static Early Fusion HistGB,50,2024_CK26,2024,831.42,363.4966279644088
17,Static Early Fusion HistGB,60,2024_L214,2024,881.25,641.1318786887814
17,Static Early Fusion HistGB,64,2024_L222,2024,712.8,667.2802527860554
17,Static Early Fusion HistGB,65,2024_L223,2024,773.48,271.5400565408455
17,Static Early Fusion HistGB,78,2024_L421,2024,920.64,797.3233728326297
17,Static Early Fusion HistGB,81,2024_L511,2024,150.0,8.494668569572571
17,Static Early Fusion HistGB,89,2024_L523,2024,692.16,220.25933726353406
17,Static Early Fusion HistGB,97,2024_L615,2024,466.5,607.5863462582895
17,Static Early Fusion HistGB,106,2024_R115,2024,648.75,481.6757363640193
17,Static Early Fusion HistGB,113,2024_R2112,2024,765.0,494.88590398427704
17,Static Early Fusion HistGB,120,2024_R227,2024,618.45,615.3156024185276
17,Static Early Fusion HistGB,123,2024_R314,2024,112.5,507.036260987635
17,Static Early Fusion HistGB,124,2024_R315,2024,530.0,592.3138106736538
17,Static Early Fusion HistGB,131,2024_R416,2024,724.15,452.13369447976385
17,Static Early Fusion HistGB,133,2024_R425,2024,390.72,573.7401003041135
17,Static Early Fusion HistGB,139,2024_R528,2024,926.52,328.81069130019796
17,Static Early Fusion HistGB,140,2024_R529,2024,630.41,703.9174530927016
17,Static Early Fusion HistGB,141,2024_R617,2024,1021.25,832.1458753619529
17,Static Early Fusion HistGB,148,2025_CK12,2025,333.3,1534.5927954347278
17,Static Early Fusion HistGB,160,2025_L122,2025,1323.0,1150.363640897496
17,Static Early Fusion HistGB,164,2025_L213,2025,110.0,1060.2819743735665
17,Static Early Fusion HistGB,172,2025_L225,2025,1122.0,974.9752888575453
17,Static Early Fusion HistGB,187,2025_L512,2025,1150.0,914.1501756331127
17,Static Early Fusion HistGB,191,2025_L516,2025,105.0,810.4770605454507
17,Static Early Fusion HistGB,194,2025_L523,2025,1384.32,1351.502258449986
17,Static Early Fusion HistGB,198,2025_L611,2025,800.0,822.2441931984124
17,Static Early Fusion HistGB,199,2025_L612,2025,666.6,948.4734333703855
17,Static Early Fusion HistGB,200,2025_L613,2025,650.7,759.5426154466278
17,Static Early Fusion HistGB,204,2025_L621,2025,1220.4,1379.3470886761368
17,Static Early Fusion HistGB,205,2025_L622,2025,535.5,1234.5980044131888
17,Trajectory Fusion ExtraTrees,4,2023_222,2023,933.4,922.7121133333374
17,Trajectory Fusion ExtraTrees,14,2023_326,2023,1134.6,1071.7600666666656
17,Trajectory Fusion ExtraTrees,19,2023_522,2023,991.4,1032.4698933333316
17,Trajectory Fusion ExtraTrees,22,2023_525,2023,1087.0,1177.2427699999946
17,Trajectory Fusion ExtraTrees,25,2023_528,2023,1306.8,1285.999969999998
17,Trajectory Fusion ExtraTrees,28,2023_622,2023,1112.9,1185.6929266666612
17,Trajectory Fusion ExtraTrees,30,2023_624,2023,1096.5,1251.3469033333315
17,Trajectory Fusion ExtraTrees,33,2023_721,2023,1128.0,1069.2899366666672
17,Trajectory Fusion ExtraTrees,39,2024_CK11,2024,210.0,571.9257916666667
17,Trajectory Fusion ExtraTrees,41,2024_CK13,2024,175.0,716.4134250000006
17,Trajectory Fusion ExtraTrees,48,2024_CK24,2024,613.025,545.4128016666664
17,Trajectory Fusion ExtraTrees,49,2024_CK25,2024,679.38,539.7869116666662
17,Trajectory Fusion ExtraTrees,50,2024_CK26,2024,831.42,517.5761249999999
17,Trajectory Fusion ExtraTrees,60,2024_L214,2024,881.25,563.1045783333329
17,Trajectory Fusion ExtraTrees,64,2024_L222,2024,712.8,422.4642616666668
17,Trajectory Fusion ExtraTrees,65,2024_L223,2024,773.48,440.413356666667
17,Trajectory Fusion ExtraTrees,78,2024_L421,2024,920.64,718.421075
17,Trajectory Fusion ExtraTrees,81,2024_L511,2024,150.0,12.020599999999986
17,Trajectory Fusion ExtraTrees,89,2024_L523,2024,692.16,426.76126166666637
17,Trajectory Fusion ExtraTrees,97,2024_L615,2024,466.5,494.0916133333334
17,Trajectory Fusion ExtraTrees,106,2024_R115,2024,648.75,709.8121833333348
17,Trajectory Fusion ExtraTrees,113,2024_R2112,2024,765.0,492.6873566666661
17,Trajectory Fusion ExtraTrees,120,2024_R227,2024,618.45,585.6289583333338
17,Trajectory Fusion ExtraTrees,123,2024_R314,2024,112.5,629.6161000000004
17,Trajectory Fusion ExtraTrees,124,2024_R315,2024,530.0,576.5289166666671
17,Trajectory Fusion ExtraTrees,131,2024_R416,2024,724.15,623.1051549999996
17,Trajectory Fusion ExtraTrees,133,2024_R425,2024,390.72,523.2062483333331
17,Trajectory Fusion ExtraTrees,139,2024_R528,2024,926.52,625.4951483333332
17,Trajectory Fusion ExtraTrees,140,2024_R529,2024,630.41,617.2522149999998
17,Trajectory Fusion ExtraTrees,141,2024_R617,2024,1021.25,559.1539399999999
17,Trajectory Fusion ExtraTrees,148,2025_CK12,2025,333.3,1397.7407566666682
17,Trajectory Fusion ExtraTrees,160,2025_L122,2025,1323.0,1044.5265933333328
17,Trajectory Fusion ExtraTrees,164,2025_L213,2025,110.0,1219.2737133333337
17,Trajectory Fusion ExtraTrees,172,2025_L225,2025,1122.0,897.6177533333331
17,Trajectory Fusion ExtraTrees,187,2025_L512,2025,1150.0,1175.6031866666667
17,Trajectory Fusion ExtraTrees,191,2025_L516,2025,105.0,617.9223366666664
17,Trajectory Fusion ExtraTrees,194,2025_L523,2025,1384.32,1123.4325966666652
17,Trajectory Fusion ExtraTrees,198,2025_L611,2025,800.0,1141.9023833333335
17,Trajectory Fusion ExtraTrees,199,2025_L612,2025,666.6,802.8495866666661
17,Trajectory Fusion ExtraTrees,200,2025_L613,2025,650.7,776.9265066666659
17,Trajectory Fusion ExtraTrees,204,2025_L621,2025,1220.4,1121.9566133333324
17,Trajectory Fusion ExtraTrees,205,2025_L622,2025,535.5,1020.4424899999987
17,CMGT-DINO,4,2023_222,2023,933.4,921.8207780356802
17,CMGT-DINO,14,2023_326,2023,1134.6,1067.937880702045
17,CMGT-DINO,19,2023_522,2023,991.4,955.2627053671356
17,CMGT-DINO,22,2023_525,2023,1087.0,1119.858580040247
17,CMGT-DINO,25,2023_528,2023,1306.8,1231.9319493110816
17,CMGT-DINO,28,2023_622,2023,1112.9,1116.669472442326
17,CMGT-DINO,30,2023_624,2023,1096.5,1202.6356789395852
17,CMGT-DINO,33,2023_721,2023,1128.0,1061.4846620522283
17,CMGT-DINO,39,2024_CK11,2024,210.0,697.7930082108246
17,CMGT-DINO,41,2024_CK13,2024,175.0,842.3140593776085
17,CMGT-DINO,48,2024_CK24,2024,613.025,544.1266661370927
17,CMGT-DINO,49,2024_CK25,2024,679.38,605.5716777948275
17,CMGT-DINO,50,2024_CK26,2024,831.42,469.12503805807046
17,CMGT-DINO,60,2024_L214,2024,881.25,688.1228602172705
17,CMGT-DINO,64,2024_L222,2024,712.8,459.5660450209577
17,CMGT-DINO,65,2024_L223,2024,773.48,390.5280578201316
17,CMGT-DINO,78,2024_L421,2024,920.64,749.3693881008444
17,CMGT-DINO,81,2024_L511,2024,150.0,114.36737398069292
17,CMGT-DINO,89,2024_L523,2024,692.16,675.6148265764981
17,CMGT-DINO,97,2024_L615,2024,466.5,517.8786182444645
17,CMGT-DINO,106,2024_R115,2024,648.75,674.003313283257
17,CMGT-DINO,113,2024_R2112,2024,765.0,469.0425536298601
17,CMGT-DINO,120,2024_R227,2024,618.45,482.5694665265607
17,CMGT-DINO,123,2024_R314,2024,112.5,609.2036128415081
17,CMGT-DINO,124,2024_R315,2024,530.0,566.4640581284182
17,CMGT-DINO,131,2024_R416,2024,724.15,717.4039875732467
17,CMGT-DINO,133,2024_R425,2024,390.72,410.1359340623549
17,CMGT-DINO,139,2024_R528,2024,926.52,643.9355451703494
17,CMGT-DINO,140,2024_R529,2024,630.41,688.4023698522633
17,CMGT-DINO,141,2024_R617,2024,1021.25,470.76317105505103
17,CMGT-DINO,148,2025_CK12,2025,333.3,1015.2642377137958
17,CMGT-DINO,160,2025_L122,2025,1323.0,1232.3283394427099
17,CMGT-DINO,164,2025_L213,2025,110.0,1388.6933739110486
17,CMGT-DINO,172,2025_L225,2025,1122.0,804.0394722036543
17,CMGT-DINO,187,2025_L512,2025,1150.0,1223.1517020723184
17,CMGT-DINO,191,2025_L516,2025,105.0,526.8509361686881
17,CMGT-DINO,194,2025_L523,2025,1384.32,855.889807800281
17,CMGT-DINO,198,2025_L611,2025,800.0,1156.1923068519557
17,CMGT-DINO,199,2025_L612,2025,666.6,961.7177889880159
17,CMGT-DINO,200,2025_L613,2025,650.7,889.4452651136255
17,CMGT-DINO,204,2025_L621,2025,1220.4,1277.6323931456016
17,CMGT-DINO,205,2025_L622,2025,535.5,835.7559936105847
18,DINOv3 Static Image ExtraTrees,0,2023_121,2023,910.0,895.7381000000073
18,DINOv3 Static Image ExtraTrees,2,2023_123,2023,1014.8,895.7381000000073
18,DINOv3 Static Image ExtraTrees,5,2023_223,2023,945.6,895.7381000000073
18,DINOv3 Static Image ExtraTrees,10,2023_322,2023,821.0,915.7226133333241
18,DINOv3 Static Image ExtraTrees,13,2023_325,2023,1070.0,1096.1401199999932
18,DINOv3 Static Image ExtraTrees,35,2023_723,2023,1093.6,1092.2634415714244
18,DINOv3 Static Image ExtraTrees,36,2023_724,2023,1070.4,1107.0979350000002
18,DINOv3 Static Image ExtraTrees,38,2023_726,2023,1081.6,1107.0979350000002
18,DINOv3 Static Image ExtraTrees,40,2024_CK12,2024,166.65,687.7066359999965
18,DINOv3 Static Image ExtraTrees,43,2024_CK15,2024,464.25,568.7821988181851
18,DINOv3 Static Image ExtraTrees,49,2024_CK25,2024,679.38,568.7821988181851
18,DINOv3 Static Image ExtraTrees,61,2024_L215,2024,740.0,714.0458804444389
18,DINOv3 Static Image ExtraTrees,68,2024_L226,2024,687.125,714.0458804444389
18,DINOv3 Static Image ExtraTrees,73,2024_L322,2024,685.44,714.0458804444389
18,DINOv3 Static Image ExtraTrees,76,2024_L412,2024,150.0,687.7066359999965
18,DINOv3 Static Image ExtraTrees,79,2024_L422,2024,797.27,687.7066359999965
18,DINOv3 Static Image ExtraTrees,82,2024_L512,2024,575.0,429.7749999999963
18,DINOv3 Static Image ExtraTrees,85,2024_L515,2024,102.5,569.7785596666681
18,DINOv3 Static Image ExtraTrees,93,2024_L611,2024,0.0,429.7749999999963
18,DINOv3 Static Image ExtraTrees,94,2024_L612,2024,0.0,429.7749999999963
18,DINOv3 Static Image ExtraTrees,97,2024_L615,2024,466.5,569.7785596666681
18,DINOv3 Static Image ExtraTrees,99,2024_L621,2024,0.0,429.7749999999963
18,DINOv3 Static Image ExtraTrees,102,2024_L624,2024,565.25,569.7785596666681
18,DINOv3 Static Image ExtraTrees,116,2024_R219,2024,125.4,616.2322727272742
18,DINOv3 Static Image ExtraTrees,125,2024_R316,2024,366.65,586.4315000000045
18,DINOv3 Static Image ExtraTrees,126,2024_R324,2024,373.8,586.4315000000045
18,DINOv3 Static Image ExtraTrees,142,2024_R618,2024,1031.25,703.375
18,DINOv3 Static Image ExtraTrees,143,2024_R619,2024,75.0,703.375
18,DINOv3 Static Image ExtraTrees,144,2024_R627,2024,613.97,703.375
18,DINOv3 Static Image ExtraTrees,145,2024_R628,2024,469.8,703.375
18,DINOv3 Static Image ExtraTrees,148,2025_CK12,2025,333.3,1227.6919680000062
18,DINOv3 Static Image ExtraTrees,150,2025_CK21,2025,1412.4,1227.6919680000062
18,DINOv3 Static Image ExtraTrees,157,2025_L112,2025,160.0,1113.2008857142848
18,DINOv3 Static Image ExtraTrees,158,2025_L113,2025,0.0,1113.2008857142848
18,DINOv3 Static Image ExtraTrees,159,2025_L121,2025,1367.3,1113.2008857142848
18,DINOv3 Static Image ExtraTrees,164,2025_L213,2025,110.0,1113.2008857142848
18,DINOv3 Static Image ExtraTrees,170,2025_L223,2025,1546.96,1113.2008857142848
18,DINOv3 Static Image ExtraTrees,173,2025_L226,2025,1374.25,1023.6769191111225
18,DINOv3 Static Image ExtraTrees,174,2025_L311,2025,410.0,1023.6769191111225
18,DINOv3 Static Image ExtraTrees,175,2025_L312,2025,100.0,1023.6769191111225
18,DINOv3 Static Image ExtraTrees,185,2025_L423,2025,1519.38,1227.6919680000062
18,DINOv3 Static Image ExtraTrees,200,2025_L613,2025,650.7,1005.7191833333413
18,Phenotype-only ExtraTrees,0,2023_121,2023,910.0,932.7211499999999
18,Phenotype-only ExtraTrees,2,2023_123,2023,1014.8,919.4053856666663
18,Phenotype-only ExtraTrees,5,2023_223,2023,945.6,905.7984219999993
18,Phenotype-only ExtraTrees,10,2023_322,2023,821.0,1009.0767690000006
18,Phenotype-only ExtraTrees,13,2023_325,2023,1070.0,929.6293573333343
18,Phenotype-only ExtraTrees,35,2023_723,2023,1093.6,1152.6659149999982
18,Phenotype-only ExtraTrees,36,2023_724,2023,1070.4,1120.7704020000003
18,Phenotype-only ExtraTrees,38,2023_726,2023,1081.6,1104.3150636666658
18,Phenotype-only ExtraTrees,40,2024_CK12,2024,166.65,563.1199896666665
18,Phenotype-only ExtraTrees,43,2024_CK15,2024,464.25,600.3332599999999
18,Phenotype-only ExtraTrees,49,2024_CK25,2024,679.38,771.531841333333
18,Phenotype-only ExtraTrees,61,2024_L215,2024,740.0,742.633243666667
18,Phenotype-only ExtraTrees,68,2024_L226,2024,687.125,608.0443319999996
18,Phenotype-only ExtraTrees,73,2024_L322,2024,685.44,572.8435950000006
18,Phenotype-only ExtraTrees,76,2024_L412,2024,150.0,600.9258303333337
18,Phenotype-only ExtraTrees,79,2024_L422,2024,797.27,539.314810666667
18,Phenotype-only ExtraTrees,82,2024_L512,2024,575.0,551.8117750000002
18,Phenotype-only ExtraTrees,85,2024_L515,2024,102.5,673.6398616666662
18,Phenotype-only ExtraTrees,93,2024_L611,2024,0.0,593.0375879999986
18,Phenotype-only ExtraTrees,94,2024_L612,2024,0.0,593.0375879999986
18,Phenotype-only ExtraTrees,97,2024_L615,2024,466.5,727.3502136666666
18,Phenotype-only ExtraTrees,99,2024_L621,2024,0.0,736.5777216666672
18,Phenotype-only ExtraTrees,102,2024_L624,2024,565.25,567.3143153333333
18,Phenotype-only ExtraTrees,116,2024_R219,2024,125.4,662.8535466666665
18,Phenotype-only ExtraTrees,125,2024_R316,2024,366.65,590.632708
18,Phenotype-only ExtraTrees,126,2024_R324,2024,373.8,680.3137066666668
18,Phenotype-only ExtraTrees,142,2024_R618,2024,1031.25,684.1011316666659
18,Phenotype-only ExtraTrees,143,2024_R619,2024,75.0,680.2230320000002
18,Phenotype-only ExtraTrees,144,2024_R627,2024,613.97,616.2969549999991
18,Phenotype-only ExtraTrees,145,2024_R628,2024,469.8,620.4088469999992
18,Phenotype-only ExtraTrees,148,2025_CK12,2025,333.3,1068.9710419999997
18,Phenotype-only ExtraTrees,150,2025_CK21,2025,1412.4,1235.429980333334
18,Phenotype-only ExtraTrees,157,2025_L112,2025,160.0,1007.8480586666669
18,Phenotype-only ExtraTrees,158,2025_L113,2025,0.0,1176.2399816666666
18,Phenotype-only ExtraTrees,159,2025_L121,2025,1367.3,989.4036403333334
18,Phenotype-only ExtraTrees,164,2025_L213,2025,110.0,997.3941219999995
18,Phenotype-only ExtraTrees,170,2025_L223,2025,1546.96,1144.8711203333326
18,Phenotype-only ExtraTrees,173,2025_L226,2025,1374.25,1342.7319083333332
18,Phenotype-only ExtraTrees,174,2025_L311,2025,410.0,754.0276789999991
18,Phenotype-only ExtraTrees,175,2025_L312,2025,100.0,1278.8437916666674
18,Phenotype-only ExtraTrees,185,2025_L423,2025,1519.38,1207.3634133333335
18,Phenotype-only ExtraTrees,200,2025_L613,2025,650.7,875.2200623333325
18,Environment-only ExtraTrees,0,2023_121,2023,910.0,1075.813870967729
18,Environment-only ExtraTrees,2,2023_123,2023,1014.8,1075.813870967729
18,Environment-only ExtraTrees,5,2023_223,2023,945.6,1075.813870967729
18,Environment-only ExtraTrees,10,2023_322,2023,821.0,1075.813870967729
18,Environment-only ExtraTrees,13,2023_325,2023,1070.0,1075.813870967729
18,Environment-only ExtraTrees,35,2023_723,2023,1093.6,1075.813870967729
18,Environment-only ExtraTrees,36,2023_724,2023,1070.4,1075.813870967729
18,Environment-only ExtraTrees,38,2023_726,2023,1081.6,1075.813870967729
18,Environment-only ExtraTrees,40,2024_CK12,2024,166.65,590.0551162790714
18,Environment-only ExtraTrees,43,2024_CK15,2024,464.25,590.0551162790714
18,Environment-only ExtraTrees,49,2024_CK25,2024,679.38,590.0551162790714
18,Environment-only ExtraTrees,61,2024_L215,2024,740.0,590.0551162790714
18,Environment-only ExtraTrees,68,2024_L226,2024,687.125,590.0551162790714
18,Environment-only ExtraTrees,73,2024_L322,2024,685.44,590.0551162790714
18,Environment-only ExtraTrees,76,2024_L412,2024,150.0,590.0551162790714
18,Environment-only ExtraTrees,79,2024_L422,2024,797.27,590.0551162790714
18,Environment-only ExtraTrees,82,2024_L512,2024,575.0,590.0551162790714
18,Environment-only ExtraTrees,85,2024_L515,2024,102.5,590.0551162790714
18,Environment-only ExtraTrees,93,2024_L611,2024,0.0,590.0551162790714
18,Environment-only ExtraTrees,94,2024_L612,2024,0.0,590.0551162790714
18,Environment-only ExtraTrees,97,2024_L615,2024,466.5,590.0551162790714
18,Environment-only ExtraTrees,99,2024_L621,2024,0.0,590.0551162790714
18,Environment-only ExtraTrees,102,2024_L624,2024,565.25,590.0551162790714
18,Environment-only ExtraTrees,116,2024_R219,2024,125.4,590.0551162790714
18,Environment-only ExtraTrees,125,2024_R316,2024,366.65,590.0551162790714
18,Environment-only ExtraTrees,126,2024_R324,2024,373.8,590.0551162790714
18,Environment-only ExtraTrees,142,2024_R618,2024,1031.25,590.0551162790714
18,Environment-only ExtraTrees,143,2024_R619,2024,75.0,590.0551162790714
18,Environment-only ExtraTrees,144,2024_R627,2024,613.97,590.0551162790714
18,Environment-only ExtraTrees,145,2024_R628,2024,469.8,590.0551162790714
18,Environment-only ExtraTrees,148,2025_CK12,2025,333.3,1052.7291111110974
18,Environment-only ExtraTrees,150,2025_CK21,2025,1412.4,1052.7291111110974
18,Environment-only ExtraTrees,157,2025_L112,2025,160.0,1052.7291111110974
18,Environment-only ExtraTrees,158,2025_L113,2025,0.0,1052.7291111110974
18,Environment-only ExtraTrees,159,2025_L121,2025,1367.3,1052.7291111110974
18,Environment-only ExtraTrees,164,2025_L213,2025,110.0,1052.7291111110974
18,Environment-only ExtraTrees,170,2025_L223,2025,1546.96,1052.7291111110974
18,Environment-only ExtraTrees,173,2025_L226,2025,1374.25,1052.7291111110974
18,Environment-only ExtraTrees,174,2025_L311,2025,410.0,1052.7291111110974
18,Environment-only ExtraTrees,175,2025_L312,2025,100.0,1052.7291111110974
18,Environment-only ExtraTrees,185,2025_L423,2025,1519.38,1052.7291111110974
18,Environment-only ExtraTrees,200,2025_L613,2025,650.7,1052.7291111110974
18,Static Early Fusion ExtraTrees,0,2023_121,2023,910.0,916.405340000001
18,Static Early Fusion ExtraTrees,2,2023_123,2023,1014.8,904.7398233333334
18,Static Early Fusion ExtraTrees,5,2023_223,2023,945.6,902.4013599999993
18,Static Early Fusion ExtraTrees,10,2023_322,2023,821.0,915.351393333334
18,Static Early Fusion ExtraTrees,13,2023_325,2023,1070.0,1031.7190866666676
18,Static Early Fusion ExtraTrees,35,2023_723,2023,1093.6,1137.102696666667
18,Static Early Fusion ExtraTrees,36,2023_724,2023,1070.4,1109.5242533333326
18,Static Early Fusion ExtraTrees,38,2023_726,2023,1081.6,1088.2456966666662
18,Static Early Fusion ExtraTrees,40,2024_CK12,2024,166.65,759.6728066666673
18,Static Early Fusion ExtraTrees,43,2024_CK15,2024,464.25,546.543578333333
18,Static Early Fusion ExtraTrees,49,2024_CK25,2024,679.38,598.9495866666671
18,Static Early Fusion ExtraTrees,61,2024_L215,2024,740.0,658.8302600000005
18,Static Early Fusion ExtraTrees,68,2024_L226,2024,687.125,638.3197266666663
18,Static Early Fusion ExtraTrees,73,2024_L322,2024,685.44,590.8231416666665
18,Static Early Fusion ExtraTrees,76,2024_L412,2024,150.0,610.4621183333333
18,Static Early Fusion ExtraTrees,79,2024_L422,2024,797.27,572.39722
18,Static Early Fusion ExtraTrees,82,2024_L512,2024,575.0,539.6937349999998
18,Static Early Fusion ExtraTrees,85,2024_L515,2024,102.5,514.3088933333328
18,Static Early Fusion ExtraTrees,93,2024_L611,2024,0.0,276.8344633333336
18,Static Early Fusion ExtraTrees,94,2024_L612,2024,0.0,276.8344633333336
18,Static Early Fusion ExtraTrees,97,2024_L615,2024,466.5,547.1037150000005
18,Static Early Fusion ExtraTrees,99,2024_L621,2024,0.0,418.07989166666624
18,Static Early Fusion ExtraTrees,102,2024_L624,2024,565.25,517.9390116666669
18,Static Early Fusion ExtraTrees,116,2024_R219,2024,125.4,584.3410858333332
18,Static Early Fusion ExtraTrees,125,2024_R316,2024,366.65,489.27927499999953
18,Static Early Fusion ExtraTrees,126,2024_R324,2024,373.8,662.0902175
18,Static Early Fusion ExtraTrees,142,2024_R618,2024,1031.25,677.4200400000004
18,Static Early Fusion ExtraTrees,143,2024_R619,2024,75.0,696.5866283333337
18,Static Early Fusion ExtraTrees,144,2024_R627,2024,613.97,716.9703283333334
18,Static Early Fusion ExtraTrees,145,2024_R628,2024,469.8,666.1930133333327
18,Static Early Fusion ExtraTrees,148,2025_CK12,2025,333.3,1212.9010566666677
18,Static Early Fusion ExtraTrees,150,2025_CK21,2025,1412.4,1525.2507633333341
18,Static Early Fusion ExtraTrees,157,2025_L112,2025,160.0,1044.1639200000009
18,Static Early Fusion ExtraTrees,158,2025_L113,2025,0.0,1168.1663500000013
18,Static Early Fusion ExtraTrees,159,2025_L121,2025,1367.3,1049.7080800000008
18,Static Early Fusion ExtraTrees,164,2025_L213,2025,110.0,1122.947289999998
18,Static Early Fusion ExtraTrees,170,2025_L223,2025,1546.96,1137.6293766666681
18,Static Early Fusion ExtraTrees,173,2025_L226,2025,1374.25,1191.658953333333
18,Static Early Fusion ExtraTrees,174,2025_L311,2025,410.0,955.6990733333322
18,Static Early Fusion ExtraTrees,175,2025_L312,2025,100.0,1103.801940000001
18,Static Early Fusion ExtraTrees,185,2025_L423,2025,1519.38,1485.3158800000017
18,Static Early Fusion ExtraTrees,200,2025_L613,2025,650.7,966.1698133333321
18,Static Early Fusion XGBoost,0,2023_121,2023,910.0,905.5497436523438
18,Static Early Fusion XGBoost,2,2023_123,2023,1014.8,860.226806640625
18,Static Early Fusion XGBoost,5,2023_223,2023,945.6,878.4613647460938
18,Static Early Fusion XGBoost,10,2023_322,2023,821.0,846.822265625
18,Static Early Fusion XGBoost,13,2023_325,2023,1070.0,830.5919189453125
18,Static Early Fusion XGBoost,35,2023_723,2023,1093.6,1202.4361572265625
18,Static Early Fusion XGBoost,36,2023_724,2023,1070.4,1138.666748046875
18,Static Early Fusion XGBoost,38,2023_726,2023,1081.6,1123.640380859375
18,Static Early Fusion XGBoost,40,2024_CK12,2024,166.65,747.975830078125
18,Static Early Fusion XGBoost,43,2024_CK15,2024,464.25,576.6622924804688
18,Static Early Fusion XGBoost,49,2024_CK25,2024,679.38,581.0715942382812
18,Static Early Fusion XGBoost,61,2024_L215,2024,740.0,689.7850952148438
18,Static Early Fusion XGBoost,68,2024_L226,2024,687.125,502.1539306640625
18,Static Early Fusion XGBoost,73,2024_L322,2024,685.44,665.5515747070312
18,Static Early Fusion XGBoost,76,2024_L412,2024,150.0,680.4068603515625
18,Static Early Fusion XGBoost,79,2024_L422,2024,797.27,569.1786499023438
18,Static Early Fusion XGBoost,82,2024_L512,2024,575.0,429.46221923828125
18,Static Early Fusion XGBoost,85,2024_L515,2024,102.5,544.8419189453125
18,Static Early Fusion XGBoost,93,2024_L611,2024,0.0,284.8743591308594
18,Static Early Fusion XGBoost,94,2024_L612,2024,0.0,284.8743591308594
18,Static Early Fusion XGBoost,97,2024_L615,2024,466.5,608.8504638671875
18,Static Early Fusion XGBoost,99,2024_L621,2024,0.0,471.9200439453125
18,Static Early Fusion XGBoost,102,2024_L624,2024,565.25,503.4992370605469
18,Static Early Fusion XGBoost,116,2024_R219,2024,125.4,502.6453552246094
18,Static Early Fusion XGBoost,125,2024_R316,2024,366.65,336.67108154296875
18,Static Early Fusion XGBoost,126,2024_R324,2024,373.8,779.9165649414062
18,Static Early Fusion XGBoost,142,2024_R618,2024,1031.25,714.9697875976562
18,Static Early Fusion XGBoost,143,2024_R619,2024,75.0,696.2570190429688
18,Static Early Fusion XGBoost,144,2024_R627,2024,613.97,652.7020263671875
18,Static Early Fusion XGBoost,145,2024_R628,2024,469.8,643.4724731445312
18,Static Early Fusion XGBoost,148,2025_CK12,2025,333.3,1220.259765625
18,Static Early Fusion XGBoost,150,2025_CK21,2025,1412.4,1570.00537109375
18,Static Early Fusion XGBoost,157,2025_L112,2025,160.0,920.1668701171875
18,Static Early Fusion XGBoost,158,2025_L113,2025,0.0,1199.706298828125
18,Static Early Fusion XGBoost,159,2025_L121,2025,1367.3,953.76513671875
18,Static Early Fusion XGBoost,164,2025_L213,2025,110.0,1263.997314453125
18,Static Early Fusion XGBoost,170,2025_L223,2025,1546.96,1096.609375
18,Static Early Fusion XGBoost,173,2025_L226,2025,1374.25,1197.385498046875
18,Static Early Fusion XGBoost,174,2025_L311,2025,410.0,1039.4755859375
18,Static Early Fusion XGBoost,175,2025_L312,2025,100.0,1165.10546875
18,Static Early Fusion XGBoost,185,2025_L423,2025,1519.38,1291.9466552734375
18,Static Early Fusion XGBoost,200,2025_L613,2025,650.7,766.7327880859375
18,Static Early Fusion CatBoost,0,2023_121,2023,910.0,854.3717962716241
18,Static Early Fusion CatBoost,2,2023_123,2023,1014.8,913.092577719866
18,Static Early Fusion CatBoost,5,2023_223,2023,945.6,882.5256825322566
18,Static Early Fusion CatBoost,10,2023_322,2023,821.0,946.0818226634353
18,Static Early Fusion CatBoost,13,2023_325,2023,1070.0,920.7387500109523
18,Static Early Fusion CatBoost,35,2023_723,2023,1093.6,1127.7384793209953
18,Static Early Fusion CatBoost,36,2023_724,2023,1070.4,1101.969312889436
18,Static Early Fusion CatBoost,38,2023_726,2023,1081.6,1101.9189815210864
18,Static Early Fusion CatBoost,40,2024_CK12,2024,166.65,704.0369461668602
18,Static Early Fusion CatBoost,43,2024_CK15,2024,464.25,648.020484773813
18,Static Early Fusion CatBoost,49,2024_CK25,2024,679.38,638.3980020497518
18,Static Early Fusion CatBoost,61,2024_L215,2024,740.0,735.7532227914598
18,Static Early Fusion CatBoost,68,2024_L226,2024,687.125,532.8888581704331
18,Static Early Fusion CatBoost,73,2024_L322,2024,685.44,728.1111114540631
18,Static Early Fusion CatBoost,76,2024_L412,2024,150.0,651.863656502962
18,Static Early Fusion CatBoost,79,2024_L422,2024,797.27,557.024563167339
18,Static Early Fusion CatBoost,82,2024_L512,2024,575.0,524.6968231935848
18,Static Early Fusion CatBoost,85,2024_L515,2024,102.5,575.5958283928505
18,Static Early Fusion CatBoost,93,2024_L611,2024,0.0,290.8644631600448
18,Static Early Fusion CatBoost,94,2024_L612,2024,0.0,290.8644631600448
18,Static Early Fusion CatBoost,97,2024_L615,2024,466.5,564.3495461349315
18,Static Early Fusion CatBoost,99,2024_L621,2024,0.0,496.13850278280444
18,Static Early Fusion CatBoost,102,2024_L624,2024,565.25,542.4657424005374
18,Static Early Fusion CatBoost,116,2024_R219,2024,125.4,591.1184688596513
18,Static Early Fusion CatBoost,125,2024_R316,2024,366.65,419.83265906268286
18,Static Early Fusion CatBoost,126,2024_R324,2024,373.8,729.3458229038933
18,Static Early Fusion CatBoost,142,2024_R618,2024,1031.25,701.2422356597153
18,Static Early Fusion CatBoost,143,2024_R619,2024,75.0,668.6792477050448
18,Static Early Fusion CatBoost,144,2024_R627,2024,613.97,711.1345985498439
18,Static Early Fusion CatBoost,145,2024_R628,2024,469.8,669.9501005025617
18,Static Early Fusion CatBoost,148,2025_CK12,2025,333.3,1307.3191800112559
18,Static Early Fusion CatBoost,150,2025_CK21,2025,1412.4,1517.623432507979
18,Static Early Fusion CatBoost,157,2025_L112,2025,160.0,970.7478399624599
18,Static Early Fusion CatBoost,158,2025_L113,2025,0.0,1134.288985606499
18,Static Early Fusion CatBoost,159,2025_L121,2025,1367.3,955.9890909353923
18,Static Early Fusion CatBoost,164,2025_L213,2025,110.0,1140.7223333197976
18,Static Early Fusion CatBoost,170,2025_L223,2025,1546.96,1103.480321711713
18,Static Early Fusion CatBoost,173,2025_L226,2025,1374.25,1245.2032953050157
18,Static Early Fusion CatBoost,174,2025_L311,2025,410.0,1094.1012216386832
18,Static Early Fusion CatBoost,175,2025_L312,2025,100.0,1070.86120063229
18,Static Early Fusion CatBoost,185,2025_L423,2025,1519.38,1421.3716356997807
18,Static Early Fusion CatBoost,200,2025_L613,2025,650.7,901.7272363351493
18,Static Early Fusion HistGB,0,2023_121,2023,910.0,902.8541330651058
18,Static Early Fusion HistGB,2,2023_123,2023,1014.8,871.9547309251401
18,Static Early Fusion HistGB,5,2023_223,2023,945.6,891.2969468052336
18,Static Early Fusion HistGB,10,2023_322,2023,821.0,886.3608309789133
18,Static Early Fusion HistGB,13,2023_325,2023,1070.0,902.2303159999374
18,Static Early Fusion HistGB,35,2023_723,2023,1093.6,1199.1579531482785
18,Static Early Fusion HistGB,36,2023_724,2023,1070.4,1033.3237187932252
18,Static Early Fusion HistGB,38,2023_726,2023,1081.6,1024.1966339542357
18,Static Early Fusion HistGB,40,2024_CK12,2024,166.65,688.5817071855101
18,Static Early Fusion HistGB,43,2024_CK15,2024,464.25,452.86165452315606
18,Static Early Fusion HistGB,49,2024_CK25,2024,679.38,629.8592427049451
18,Static Early Fusion HistGB,61,2024_L215,2024,740.0,730.6285747529151
18,Static Early Fusion HistGB,68,2024_L226,2024,687.125,519.9754503677441
18,Static Early Fusion HistGB,73,2024_L322,2024,685.44,728.0985275394529
18,Static Early Fusion HistGB,76,2024_L412,2024,150.0,649.3780888309585
18,Static Early Fusion HistGB,79,2024_L422,2024,797.27,536.6356655260491
18,Static Early Fusion HistGB,82,2024_L512,2024,575.0,419.2861490304559
18,Static Early Fusion HistGB,85,2024_L515,2024,102.5,462.85369150974634
18,Static Early Fusion HistGB,93,2024_L611,2024,0.0,206.0581131072323
18,Static Early Fusion HistGB,94,2024_L612,2024,0.0,206.0581131072323
18,Static Early Fusion HistGB,97,2024_L615,2024,466.5,674.5057870766933
18,Static Early Fusion HistGB,99,2024_L621,2024,0.0,352.0342734924285
18,Static Early Fusion HistGB,102,2024_L624,2024,565.25,482.19376849585734
18,Static Early Fusion HistGB,116,2024_R219,2024,125.4,600.1698410538901
18,Static Early Fusion HistGB,125,2024_R316,2024,366.65,256.60496985135643
18,Static Early Fusion HistGB,126,2024_R324,2024,373.8,782.9411580743678
18,Static Early Fusion HistGB,142,2024_R618,2024,1031.25,722.8277429555475
18,Static Early Fusion HistGB,143,2024_R619,2024,75.0,761.1921931707942
18,Static Early Fusion HistGB,144,2024_R627,2024,613.97,802.011384200232
18,Static Early Fusion HistGB,145,2024_R628,2024,469.8,635.5831621310574
18,Static Early Fusion HistGB,148,2025_CK12,2025,333.3,842.7292728768717
18,Static Early Fusion HistGB,150,2025_CK21,2025,1412.4,1730.4789526265954
18,Static Early Fusion HistGB,157,2025_L112,2025,160.0,872.6577263805477
18,Static Early Fusion HistGB,158,2025_L113,2025,0.0,1228.7913742397475
18,Static Early Fusion HistGB,159,2025_L121,2025,1367.3,857.0739886705396
18,Static Early Fusion HistGB,164,2025_L213,2025,110.0,1372.4353369002993
18,Static Early Fusion HistGB,170,2025_L223,2025,1546.96,1026.2251064468273
18,Static Early Fusion HistGB,173,2025_L226,2025,1374.25,1265.0879634994346
18,Static Early Fusion HistGB,174,2025_L311,2025,410.0,1078.8236335143474
18,Static Early Fusion HistGB,175,2025_L312,2025,100.0,1101.2346497381689
18,Static Early Fusion HistGB,185,2025_L423,2025,1519.38,1488.3588370169991
18,Static Early Fusion HistGB,200,2025_L613,2025,650.7,827.7955060099881
18,Trajectory Fusion ExtraTrees,0,2023_121,2023,910.0,924.1551433333342
18,Trajectory Fusion ExtraTrees,2,2023_123,2023,1014.8,934.2481266666689
18,Trajectory Fusion ExtraTrees,5,2023_223,2023,945.6,922.6013600000022
18,Trajectory Fusion ExtraTrees,10,2023_322,2023,821.0,925.4784766666679
18,Trajectory Fusion ExtraTrees,13,2023_325,2023,1070.0,1057.6288266666663
18,Trajectory Fusion ExtraTrees,35,2023_723,2023,1093.6,1138.8052433333348
18,Trajectory Fusion ExtraTrees,36,2023_724,2023,1070.4,1144.584570000001
18,Trajectory Fusion ExtraTrees,38,2023_726,2023,1081.6,1113.7345899999996
18,Trajectory Fusion ExtraTrees,40,2024_CK12,2024,166.65,765.9417350000006
18,Trajectory Fusion ExtraTrees,43,2024_CK15,2024,464.25,627.7108483333329
18,Trajectory Fusion ExtraTrees,49,2024_CK25,2024,679.38,587.5548183333333
18,Trajectory Fusion ExtraTrees,61,2024_L215,2024,740.0,677.4705800000004
18,Trajectory Fusion ExtraTrees,68,2024_L226,2024,687.125,667.3072966666663
18,Trajectory Fusion ExtraTrees,73,2024_L322,2024,685.44,625.1821516666668
18,Trajectory Fusion ExtraTrees,76,2024_L412,2024,150.0,564.8771216666667
18,Trajectory Fusion ExtraTrees,79,2024_L422,2024,797.27,683.7720049999997
18,Trajectory Fusion ExtraTrees,82,2024_L512,2024,575.0,458.14652333333277
18,Trajectory Fusion ExtraTrees,85,2024_L515,2024,102.5,708.7802983333326
18,Trajectory Fusion ExtraTrees,93,2024_L611,2024,0.0,286.5594850000002
18,Trajectory Fusion ExtraTrees,94,2024_L612,2024,0.0,286.5594850000002
18,Trajectory Fusion ExtraTrees,97,2024_L615,2024,466.5,563.0475016666663
18,Trajectory Fusion ExtraTrees,99,2024_L621,2024,0.0,389.344313333333
18,Trajectory Fusion ExtraTrees,102,2024_L624,2024,565.25,598.3507916666664
18,Trajectory Fusion ExtraTrees,116,2024_R219,2024,125.4,591.7687700000001
18,Trajectory Fusion ExtraTrees,125,2024_R316,2024,366.65,576.13096
18,Trajectory Fusion ExtraTrees,126,2024_R324,2024,373.8,648.4103883333331
18,Trajectory Fusion ExtraTrees,142,2024_R618,2024,1031.25,748.42222
18,Trajectory Fusion ExtraTrees,143,2024_R619,2024,75.0,535.6693683333332
18,Trajectory Fusion ExtraTrees,144,2024_R627,2024,613.97,777.779628333333
18,Trajectory Fusion ExtraTrees,145,2024_R628,2024,469.8,678.1218716666657
18,Trajectory Fusion ExtraTrees,148,2025_CK12,2025,333.3,1354.0274900000013
18,Trajectory Fusion ExtraTrees,150,2025_CK21,2025,1412.4,1555.4884266666695
18,Trajectory Fusion ExtraTrees,157,2025_L112,2025,160.0,922.0040366666678
18,Trajectory Fusion ExtraTrees,158,2025_L113,2025,0.0,1153.4970333333338
18,Trajectory Fusion ExtraTrees,159,2025_L121,2025,1367.3,1016.2868566666677
18,Trajectory Fusion ExtraTrees,164,2025_L213,2025,110.0,1137.3501066666656
18,Trajectory Fusion ExtraTrees,170,2025_L223,2025,1546.96,1002.8672733333331
18,Trajectory Fusion ExtraTrees,173,2025_L226,2025,1374.25,1278.7483899999984
18,Trajectory Fusion ExtraTrees,174,2025_L311,2025,410.0,923.8102566666668
18,Trajectory Fusion ExtraTrees,175,2025_L312,2025,100.0,971.8682733333341
18,Trajectory Fusion ExtraTrees,185,2025_L423,2025,1519.38,1205.9714733333362
18,Trajectory Fusion ExtraTrees,200,2025_L613,2025,650.7,837.1231299999992
18,CMGT-DINO,0,2023_121,2023,910.0,912.1281496755828
18,CMGT-DINO,2,2023_123,2023,1014.8,897.4108939381265
18,CMGT-DINO,5,2023_223,2023,945.6,893.9102044670542
18,CMGT-DINO,10,2023_322,2023,821.0,909.4200128354278
18,CMGT-DINO,13,2023_325,2023,1070.0,1065.2913545423276
18,CMGT-DINO,35,2023_723,2023,1093.6,1110.318788868704
18,CMGT-DINO,36,2023_724,2023,1070.4,1114.4736021260164
18,CMGT-DINO,38,2023_726,2023,1081.6,1101.4706849277122
18,CMGT-DINO,40,2024_CK12,2024,166.65,714.1485714825109
18,CMGT-DINO,43,2024_CK15,2024,464.25,634.1971083088613
18,CMGT-DINO,49,2024_CK25,2024,679.38,618.3825959490863
18,CMGT-DINO,61,2024_L215,2024,740.0,676.693087645072
18,CMGT-DINO,68,2024_L226,2024,687.125,653.2429115904912
18,CMGT-DINO,73,2024_L322,2024,685.44,655.2955725018269
18,CMGT-DINO,76,2024_L412,2024,150.0,565.8369025365778
18,CMGT-DINO,79,2024_L422,2024,797.27,680.4784483990707
18,CMGT-DINO,82,2024_L512,2024,575.0,421.39702625947933
18,CMGT-DINO,85,2024_L515,2024,102.5,722.336462037623
18,CMGT-DINO,93,2024_L611,2024,0.0,261.4911353336664
18,CMGT-DINO,94,2024_L612,2024,0.0,261.4911353336664
18,CMGT-DINO,97,2024_L615,2024,466.5,576.3771565190971
18,CMGT-DINO,99,2024_L621,2024,0.0,413.3544340590873
18,CMGT-DINO,102,2024_L624,2024,565.25,551.5742025294724
18,CMGT-DINO,116,2024_R219,2024,125.4,586.2355725647753
18,CMGT-DINO,125,2024_R316,2024,366.65,588.3224827205554
18,CMGT-DINO,126,2024_R324,2024,373.8,614.5679278376155
18,CMGT-DINO,142,2024_R618,2024,1031.25,720.1705228816453
18,CMGT-DINO,143,2024_R619,2024,75.0,586.3345100538879
18,CMGT-DINO,144,2024_R627,2024,613.97,742.957140570814
18,CMGT-DINO,145,2024_R628,2024,469.8,673.7783304120488
18,CMGT-DINO,148,2025_CK12,2025,333.3,1116.643270986509
18,CMGT-DINO,150,2025_CK21,2025,1412.4,1206.1044986192
18,CMGT-DINO,157,2025_L112,2025,160.0,893.0894629869623
18,CMGT-DINO,158,2025_L113,2025,0.0,1043.8573623649593
18,CMGT-DINO,159,2025_L121,2025,1367.3,1031.3338262065033
18,CMGT-DINO,164,2025_L213,2025,110.0,1229.839427307858
18,CMGT-DINO,170,2025_L223,2025,1546.96,1124.5509162468882
18,CMGT-DINO,173,2025_L226,2025,1374.25,1200.3690697059735
18,CMGT-DINO,174,2025_L311,2025,410.0,1049.8082408546209
18,CMGT-DINO,175,2025_L312,2025,100.0,953.6926638787987
18,CMGT-DINO,185,2025_L423,2025,1519.38,1236.2554535495594
18,CMGT-DINO,200,2025_L613,2025,650.7,838.5814369391348
19,DINOv3 Static Image ExtraTrees,12,2023_324,2023,1041.2,1131.2999999999959
19,DINOv3 Static Image ExtraTrees,13,2023_325,2023,1070.0,1131.2999999999959
19,DINOv3 Static Image ExtraTrees,16,2023_422,2023,1093.4,1027.2459999999958
19,DINOv3 Static Image ExtraTrees,24,2023_527,2023,1451.6,1191.1802333333317
19,DINOv3 Static Image ExtraTrees,25,2023_528,2023,1306.8,1191.1802333333317
19,DINOv3 Static Image ExtraTrees,27,2023_621,2023,1174.0,1139.4665499999896
19,DINOv3 Static Image ExtraTrees,28,2023_622,2023,1112.9,1139.4665499999896
19,DINOv3 Static Image ExtraTrees,38,2023_726,2023,1081.6,1095.81919999999
19,DINOv3 Static Image ExtraTrees,47,2024_CK23,2024,824.55,589.0163946969667
19,DINOv3 Static Image ExtraTrees,54,2024_L121,2024,683.65,448.94750000000255
19,DINOv3 Static Image ExtraTrees,55,2024_L122,2024,361.5,448.94750000000255
19,DINOv3 Static Image ExtraTrees,56,2024_L123,2024,270.32,448.94750000000255
19,DINOv3 Static Image ExtraTrees,63,2024_L221,2024,701.68,448.94750000000255
19,DINOv3 Static Image ExtraTrees,70,2024_L312,2024,750.0,708.0313636363676
19,DINOv3 Static Image ExtraTrees,86,2024_L516,2024,252.5,577.2506249999926
19,DINOv3 Static Image ExtraTrees,93,2024_L611,2024,0.0,392.33777777777857
19,DINOv3 Static Image ExtraTrees,94,2024_L612,2024,0.0,392.33777777777857
19,DINOv3 Static Image ExtraTrees,96,2024_L614,2024,360.5,577.2506249999926
19,DINOv3 Static Image ExtraTrees,97,2024_L615,2024,466.5,577.2506249999926
19,DINOv3 Static Image ExtraTrees,101,2024_L623,2024,482.16,392.33777777777857
19,DINOv3 Static Image ExtraTrees,103,2024_L625,2024,563.76,577.2506249999926
19,DINOv3 Static Image ExtraTrees,109,2024_R125,2024,784.08,565.7104999999931
19,DINOv3 Static Image ExtraTrees,112,2024_R2111,2024,973.5,475.35944444444596
19,DINOv3 Static Image ExtraTrees,113,2024_R2112,2024,765.0,475.35944444444596
19,DINOv3 Static Image ExtraTrees,121,2024_R228,2024,462.77,565.7104999999931
19,DINOv3 Static Image ExtraTrees,128,2024_R326,2024,588.03,475.35944444444596
19,DINOv3 Static Image ExtraTrees,131,2024_R416,2024,724.15,555.0949999999995
19,DINOv3 Static Image ExtraTrees,138,2024_R527,2024,487.49,643.473375999999
19,DINOv3 Static Image ExtraTrees,139,2024_R528,2024,926.52,643.473375999999
19,DINOv3 Static Image ExtraTrees,144,2024_R627,2024,613.97,643.473375999999
19,DINOv3 Static Image ExtraTrees,152,2025_CK23,2025,1649.1,1082.9941887272741
19,DINOv3 Static Image ExtraTrees,158,2025_L113,2025,0.0,1048.7849980952394
19,DINOv3 Static Image ExtraTrees,159,2025_L121,2025,1367.3,1048.7849980952394
19,DINOv3 Static Image ExtraTrees,160,2025_L122,2025,1323.0,1048.7849980952394
19,DINOv3 Static Image ExtraTrees,163,2025_L212,2025,458.3,1048.7849980952394
19,DINOv3 Static Image ExtraTrees,164,2025_L213,2025,110.0,1048.7849980952394
19,DINOv3 Static Image ExtraTrees,169,2025_L222,2025,1425.6,1048.7849980952394
19,DINOv3 Static Image ExtraTrees,183,2025_L421,2025,1841.28,1082.9941887272741
19,DINOv3 Static Image ExtraTrees,189,2025_L514,2025,1650.0,974.0869452381
19,DINOv3 Static Image ExtraTrees,198,2025_L611,2025,800.0,992.1719181818083
19,DINOv3 Static Image ExtraTrees,201,2025_L614,2025,721.0,974.0869452381
19,DINOv3 Static Image ExtraTrees,203,2025_L616,2025,37.5,974.0869452381
19,Phenotype-only ExtraTrees,12,2023_324,2023,1041.2,979.6659120000005
19,Phenotype-only ExtraTrees,13,2023_325,2023,1070.0,943.2541226666675
19,Phenotype-only ExtraTrees,16,2023_422,2023,1093.4,1030.3876403333338
19,Phenotype-only ExtraTrees,24,2023_527,2023,1451.6,1000.5134333333349
19,Phenotype-only ExtraTrees,25,2023_528,2023,1306.8,1030.644945000001
19,Phenotype-only ExtraTrees,27,2023_621,2023,1174.0,1074.8627866666661
19,Phenotype-only ExtraTrees,28,2023_622,2023,1112.9,1131.349688333332
19,Phenotype-only ExtraTrees,38,2023_726,2023,1081.6,1075.8508466666663
19,Phenotype-only ExtraTrees,47,2024_CK23,2024,824.55,483.2771816666663
19,Phenotype-only ExtraTrees,54,2024_L121,2024,683.65,621.4217778333339
19,Phenotype-only ExtraTrees,55,2024_L122,2024,361.5,529.127323333333
19,Phenotype-only ExtraTrees,56,2024_L123,2024,270.32,584.165310666667
19,Phenotype-only ExtraTrees,63,2024_L221,2024,701.68,647.6119633333329
19,Phenotype-only ExtraTrees,70,2024_L312,2024,750.0,549.5780326666669
19,Phenotype-only ExtraTrees,86,2024_L516,2024,252.5,653.0146353333332
19,Phenotype-only ExtraTrees,93,2024_L611,2024,0.0,596.850876999999
19,Phenotype-only ExtraTrees,94,2024_L612,2024,0.0,596.850876999999
19,Phenotype-only ExtraTrees,96,2024_L614,2024,360.5,585.2573166666664
19,Phenotype-only ExtraTrees,97,2024_L615,2024,466.5,624.8334403333339
19,Phenotype-only ExtraTrees,101,2024_L623,2024,482.16,560.0846793333329
19,Phenotype-only ExtraTrees,103,2024_L625,2024,563.76,707.4248816666661
19,Phenotype-only ExtraTrees,109,2024_R125,2024,784.08,613.1366296666667
19,Phenotype-only ExtraTrees,112,2024_R2111,2024,973.5,669.8525399999997
19,Phenotype-only ExtraTrees,113,2024_R2112,2024,765.0,556.2114473333331
19,Phenotype-only ExtraTrees,121,2024_R228,2024,462.77,626.2828986666669
19,Phenotype-only ExtraTrees,128,2024_R326,2024,588.03,637.019641666667
19,Phenotype-only ExtraTrees,131,2024_R416,2024,724.15,678.069572833333
19,Phenotype-only ExtraTrees,138,2024_R527,2024,487.49,499.9515416666664
19,Phenotype-only ExtraTrees,139,2024_R528,2024,926.52,616.8548239999994
19,Phenotype-only ExtraTrees,144,2024_R627,2024,613.97,569.6812016666661
19,Phenotype-only ExtraTrees,152,2025_CK23,2025,1649.1,894.4526833333335
19,Phenotype-only ExtraTrees,158,2025_L113,2025,0.0,1077.6626049999993
19,Phenotype-only ExtraTrees,159,2025_L121,2025,1367.3,839.3531406666665
19,Phenotype-only ExtraTrees,160,2025_L122,2025,1323.0,1024.1302333333338
19,Phenotype-only ExtraTrees,163,2025_L212,2025,458.3,692.2280519999999
19,Phenotype-only ExtraTrees,164,2025_L213,2025,110.0,888.3221283333329
19,Phenotype-only ExtraTrees,169,2025_L222,2025,1425.6,997.4643199999998
19,Phenotype-only ExtraTrees,183,2025_L421,2025,1841.28,1252.1548916666654
19,Phenotype-only ExtraTrees,189,2025_L514,2025,1650.0,1096.4113933333333
19,Phenotype-only ExtraTrees,198,2025_L611,2025,800.0,1065.052400333333
19,Phenotype-only ExtraTrees,201,2025_L614,2025,721.0,588.907690333333
19,Phenotype-only ExtraTrees,203,2025_L616,2025,37.5,812.6559789999993
19,Environment-only ExtraTrees,12,2023_324,2023,1041.2,1033.088064516135
19,Environment-only ExtraTrees,13,2023_325,2023,1070.0,1033.088064516135
19,Environment-only ExtraTrees,16,2023_422,2023,1093.4,1033.088064516135
19,Environment-only ExtraTrees,24,2023_527,2023,1451.6,1033.088064516135
19,Environment-only ExtraTrees,25,2023_528,2023,1306.8,1033.088064516135
19,Environment-only ExtraTrees,27,2023_621,2023,1174.0,1033.088064516135
19,Environment-only ExtraTrees,28,2023_622,2023,1112.9,1033.088064516135
19,Environment-only ExtraTrees,38,2023_726,2023,1081.6,1033.088064516135
19,Environment-only ExtraTrees,47,2024_CK23,2024,824.55,556.248197674423
19,Environment-only ExtraTrees,54,2024_L121,2024,683.65,556.248197674423
19,Environment-only ExtraTrees,55,2024_L122,2024,361.5,556.248197674423
19,Environment-only ExtraTrees,56,2024_L123,2024,270.32,556.248197674423
19,Environment-only ExtraTrees,63,2024_L221,2024,701.68,556.248197674423
19,Environment-only ExtraTrees,70,2024_L312,2024,750.0,556.248197674423
19,Environment-only ExtraTrees,86,2024_L516,2024,252.5,556.248197674423
19,Environment-only ExtraTrees,93,2024_L611,2024,0.0,556.248197674423
19,Environment-only ExtraTrees,94,2024_L612,2024,0.0,556.248197674423
19,Environment-only ExtraTrees,96,2024_L614,2024,360.5,556.248197674423
19,Environment-only ExtraTrees,97,2024_L615,2024,466.5,556.248197674423
19,Environment-only ExtraTrees,101,2024_L623,2024,482.16,556.248197674423
19,Environment-only ExtraTrees,103,2024_L625,2024,563.76,556.248197674423
19,Environment-only ExtraTrees,109,2024_R125,2024,784.08,556.248197674423
19,Environment-only ExtraTrees,112,2024_R2111,2024,973.5,556.248197674423
19,Environment-only ExtraTrees,113,2024_R2112,2024,765.0,556.248197674423
19,Environment-only ExtraTrees,121,2024_R228,2024,462.77,556.248197674423
19,Environment-only ExtraTrees,128,2024_R326,2024,588.03,556.248197674423
19,Environment-only ExtraTrees,131,2024_R416,2024,724.15,556.248197674423
19,Environment-only ExtraTrees,138,2024_R527,2024,487.49,556.248197674423
19,Environment-only ExtraTrees,139,2024_R528,2024,926.52,556.248197674423
19,Environment-only ExtraTrees,144,2024_R627,2024,613.97,556.248197674423
19,Environment-only ExtraTrees,152,2025_CK23,2025,1649.1,999.4226666666762
19,Environment-only ExtraTrees,158,2025_L113,2025,0.0,999.4226666666762
19,Environment-only ExtraTrees,159,2025_L121,2025,1367.3,999.4226666666762
19,Environment-only ExtraTrees,160,2025_L122,2025,1323.0,999.4226666666762
19,Environment-only ExtraTrees,163,2025_L212,2025,458.3,999.4226666666762
19,Environment-only ExtraTrees,164,2025_L213,2025,110.0,999.4226666666762
19,Environment-only ExtraTrees,169,2025_L222,2025,1425.6,999.4226666666762
19,Environment-only ExtraTrees,183,2025_L421,2025,1841.28,999.4226666666762
19,Environment-only ExtraTrees,189,2025_L514,2025,1650.0,999.4226666666762
19,Environment-only ExtraTrees,198,2025_L611,2025,800.0,999.4226666666762
19,Environment-only ExtraTrees,201,2025_L614,2025,721.0,999.4226666666762
19,Environment-only ExtraTrees,203,2025_L616,2025,37.5,999.4226666666762
19,Static Early Fusion ExtraTrees,12,2023_324,2023,1041.2,1099.1946933333334
19,Static Early Fusion ExtraTrees,13,2023_325,2023,1070.0,1095.2022299999999
19,Static Early Fusion ExtraTrees,16,2023_422,2023,1093.4,1000.1763649999975
19,Static Early Fusion ExtraTrees,24,2023_527,2023,1451.6,1053.6924599999986
19,Static Early Fusion ExtraTrees,25,2023_528,2023,1306.8,1113.8057550000005
19,Static Early Fusion ExtraTrees,27,2023_621,2023,1174.0,1126.3443599999996
19,Static Early Fusion ExtraTrees,28,2023_622,2023,1112.9,1156.6959966666648
19,Static Early Fusion ExtraTrees,38,2023_726,2023,1081.6,1079.491383333333
19,Static Early Fusion ExtraTrees,47,2024_CK23,2024,824.55,530.8438350000008
19,Static Early Fusion ExtraTrees,54,2024_L121,2024,683.65,463.4774616666664
19,Static Early Fusion ExtraTrees,55,2024_L122,2024,361.5,337.84913333333344
19,Static Early Fusion ExtraTrees,56,2024_L123,2024,270.32,538.5634316666665
19,Static Early Fusion ExtraTrees,63,2024_L221,2024,701.68,594.8238816666666
19,Static Early Fusion ExtraTrees,70,2024_L312,2024,750.0,753.4487883333348
19,Static Early Fusion ExtraTrees,86,2024_L516,2024,252.5,647.0798849999999
19,Static Early Fusion ExtraTrees,93,2024_L611,2024,0.0,272.62634666666685
19,Static Early Fusion ExtraTrees,94,2024_L612,2024,0.0,272.62634666666685
19,Static Early Fusion ExtraTrees,96,2024_L614,2024,360.5,570.6857533333333
19,Static Early Fusion ExtraTrees,97,2024_L615,2024,466.5,521.8503566666664
19,Static Early Fusion ExtraTrees,101,2024_L623,2024,482.16,353.8266199999994
19,Static Early Fusion ExtraTrees,103,2024_L625,2024,563.76,595.080373333333
19,Static Early Fusion ExtraTrees,109,2024_R125,2024,784.08,562.2931699999997
19,Static Early Fusion ExtraTrees,112,2024_R2111,2024,973.5,499.53472499999987
19,Static Early Fusion ExtraTrees,113,2024_R2112,2024,765.0,453.7893049999997
19,Static Early Fusion ExtraTrees,121,2024_R228,2024,462.77,518.6338483333335
19,Static Early Fusion ExtraTrees,128,2024_R326,2024,588.03,516.1117666666663
19,Static Early Fusion ExtraTrees,131,2024_R416,2024,724.15,590.8566216666669
19,Static Early Fusion ExtraTrees,138,2024_R527,2024,487.49,493.7605449999999
19,Static Early Fusion ExtraTrees,139,2024_R528,2024,926.52,588.4606183333326
19,Static Early Fusion ExtraTrees,144,2024_R627,2024,613.97,734.4977616666661
19,Static Early Fusion ExtraTrees,152,2025_CK23,2025,1649.1,873.3050366666673
19,Static Early Fusion ExtraTrees,158,2025_L113,2025,0.0,1191.2850366666676
19,Static Early Fusion ExtraTrees,159,2025_L121,2025,1367.3,895.195216666666
19,Static Early Fusion ExtraTrees,160,2025_L122,2025,1323.0,1181.4327033333336
19,Static Early Fusion ExtraTrees,163,2025_L212,2025,458.3,682.3627750000006
19,Static Early Fusion ExtraTrees,164,2025_L213,2025,110.0,1119.3125033333329
19,Static Early Fusion ExtraTrees,169,2025_L222,2025,1425.6,1126.8029466666671
19,Static Early Fusion ExtraTrees,183,2025_L421,2025,1841.28,1418.9364766666663
19,Static Early Fusion ExtraTrees,189,2025_L514,2025,1650.0,1242.6207649999983
19,Static Early Fusion ExtraTrees,198,2025_L611,2025,800.0,928.5612033333338
19,Static Early Fusion ExtraTrees,201,2025_L614,2025,721.0,344.65970666666686
19,Static Early Fusion ExtraTrees,203,2025_L616,2025,37.5,874.2363599999985
19,Static Early Fusion XGBoost,12,2023_324,2023,1041.2,1133.6785888671875
19,Static Early Fusion XGBoost,13,2023_325,2023,1070.0,950.857666015625
19,Static Early Fusion XGBoost,16,2023_422,2023,1093.4,1110.627685546875
19,Static Early Fusion XGBoost,24,2023_527,2023,1451.6,1006.5802612304688
19,Static Early Fusion XGBoost,25,2023_528,2023,1306.8,1136.2132568359375
19,Static Early Fusion XGBoost,27,2023_621,2023,1174.0,1045.0467529296875
19,Static Early Fusion XGBoost,28,2023_622,2023,1112.9,1108.6263427734375
19,Static Early Fusion XGBoost,38,2023_726,2023,1081.6,1078.6025390625
19,Static Early Fusion XGBoost,47,2024_CK23,2024,824.55,282.031005859375
19,Static Early Fusion XGBoost,54,2024_L121,2024,683.65,561.0379638671875
19,Static Early Fusion XGBoost,55,2024_L122,2024,361.5,305.787109375
19,Static Early Fusion XGBoost,56,2024_L123,2024,270.32,542.2919311523438
19,Static Early Fusion XGBoost,63,2024_L221,2024,701.68,475.2371520996094
19,Static Early Fusion XGBoost,70,2024_L312,2024,750.0,702.781005859375
19,Static Early Fusion XGBoost,86,2024_L516,2024,252.5,580.0194702148438
19,Static Early Fusion XGBoost,93,2024_L611,2024,0.0,276.7791442871094
19,Static Early Fusion XGBoost,94,2024_L612,2024,0.0,276.7791442871094
19,Static Early Fusion XGBoost,96,2024_L614,2024,360.5,811.3882446289062
19,Static Early Fusion XGBoost,97,2024_L615,2024,466.5,481.32012939453125
19,Static Early Fusion XGBoost,101,2024_L623,2024,482.16,317.64385986328125
19,Static Early Fusion XGBoost,103,2024_L625,2024,563.76,849.3444213867188
19,Static Early Fusion XGBoost,109,2024_R125,2024,784.08,650.6265258789062
19,Static Early Fusion XGBoost,112,2024_R2111,2024,973.5,645.5040893554688
19,Static Early Fusion XGBoost,113,2024_R2112,2024,765.0,503.97003173828125
19,Static Early Fusion XGBoost,121,2024_R228,2024,462.77,558.5489501953125
19,Static Early Fusion XGBoost,128,2024_R326,2024,588.03,747.607177734375
19,Static Early Fusion XGBoost,131,2024_R416,2024,724.15,640.97216796875
19,Static Early Fusion XGBoost,138,2024_R527,2024,487.49,604.4819946289062
19,Static Early Fusion XGBoost,139,2024_R528,2024,926.52,574.9173583984375
19,Static Early Fusion XGBoost,144,2024_R627,2024,613.97,678.6290893554688
19,Static Early Fusion XGBoost,152,2025_CK23,2025,1649.1,664.48681640625
19,Static Early Fusion XGBoost,158,2025_L113,2025,0.0,1112.5322265625
19,Static Early Fusion XGBoost,159,2025_L121,2025,1367.3,684.6942138671875
19,Static Early Fusion XGBoost,160,2025_L122,2025,1323.0,1013.7706298828125
19,Static Early Fusion XGBoost,163,2025_L212,2025,458.3,624.9578857421875
19,Static Early Fusion XGBoost,164,2025_L213,2025,110.0,983.251220703125
19,Static Early Fusion XGBoost,169,2025_L222,2025,1425.6,1163.53857421875
19,Static Early Fusion XGBoost,183,2025_L421,2025,1841.28,1552.489013671875
19,Static Early Fusion XGBoost,189,2025_L514,2025,1650.0,1227.31494140625
19,Static Early Fusion XGBoost,198,2025_L611,2025,800.0,1208.880859375
19,Static Early Fusion XGBoost,201,2025_L614,2025,721.0,553.8651123046875
19,Static Early Fusion XGBoost,203,2025_L616,2025,37.5,882.8334350585938
19,Static Early Fusion CatBoost,12,2023_324,2023,1041.2,1005.8947396854909
19,Static Early Fusion CatBoost,13,2023_325,2023,1070.0,907.9672448081647
19,Static Early Fusion CatBoost,16,2023_422,2023,1093.4,1061.2556909417337
19,Static Early Fusion CatBoost,24,2023_527,2023,1451.6,1049.3954945165005
19,Static Early Fusion CatBoost,25,2023_528,2023,1306.8,1140.0435873989147
19,Static Early Fusion CatBoost,27,2023_621,2023,1174.0,1046.2258255815836
19,Static Early Fusion CatBoost,28,2023_622,2023,1112.9,1143.1387229580996
19,Static Early Fusion CatBoost,38,2023_726,2023,1081.6,1069.3288806482512
19,Static Early Fusion CatBoost,47,2024_CK23,2024,824.55,320.9461300752511
19,Static Early Fusion CatBoost,54,2024_L121,2024,683.65,629.0151385227
19,Static Early Fusion CatBoost,55,2024_L122,2024,361.5,295.89051031468983
19,Static Early Fusion CatBoost,56,2024_L123,2024,270.32,593.074886885468
19,Static Early Fusion CatBoost,63,2024_L221,2024,701.68,622.6895522537836
19,Static Early Fusion CatBoost,70,2024_L312,2024,750.0,700.9051606738465
19,Static Early Fusion CatBoost,86,2024_L516,2024,252.5,606.9969028206658
19,Static Early Fusion CatBoost,93,2024_L611,2024,0.0,286.8486472779163
19,Static Early Fusion CatBoost,94,2024_L612,2024,0.0,286.8486472779163
19,Static Early Fusion CatBoost,96,2024_L614,2024,360.5,664.3063251357869
19,Static Early Fusion CatBoost,97,2024_L615,2024,466.5,340.65460994130706
19,Static Early Fusion CatBoost,101,2024_L623,2024,482.16,370.60186329611275
19,Static Early Fusion CatBoost,103,2024_L625,2024,563.76,656.0086718628996
19,Static Early Fusion CatBoost,109,2024_R125,2024,784.08,613.522575071669
19,Static Early Fusion CatBoost,112,2024_R2111,2024,973.5,603.2300181159785
19,Static Early Fusion CatBoost,113,2024_R2112,2024,765.0,484.7969646254671
19,Static Early Fusion CatBoost,121,2024_R228,2024,462.77,578.9276266099853
19,Static Early Fusion CatBoost,128,2024_R326,2024,588.03,641.1202934291264
19,Static Early Fusion CatBoost,131,2024_R416,2024,724.15,642.2006683716803
19,Static Early Fusion CatBoost,138,2024_R527,2024,487.49,574.9619125666911
19,Static Early Fusion CatBoost,139,2024_R528,2024,926.52,526.1078592723804
19,Static Early Fusion CatBoost,144,2024_R627,2024,613.97,705.4843057475902
19,Static Early Fusion CatBoost,152,2025_CK23,2025,1649.1,802.4104451033296
19,Static Early Fusion CatBoost,158,2025_L113,2025,0.0,1162.9536962889558
19,Static Early Fusion CatBoost,159,2025_L121,2025,1367.3,779.8652178320013
19,Static Early Fusion CatBoost,160,2025_L122,2025,1323.0,1137.333116514202
19,Static Early Fusion CatBoost,163,2025_L212,2025,458.3,641.3842420684246
19,Static Early Fusion CatBoost,164,2025_L213,2025,110.0,1007.2461707476614
19,Static Early Fusion CatBoost,169,2025_L222,2025,1425.6,1169.6894108964455
19,Static Early Fusion CatBoost,183,2025_L421,2025,1841.28,1475.0771295028512
19,Static Early Fusion CatBoost,189,2025_L514,2025,1650.0,1289.2612451349241
19,Static Early Fusion CatBoost,198,2025_L611,2025,800.0,1118.246799920602
19,Static Early Fusion CatBoost,201,2025_L614,2025,721.0,394.71707418733683
19,Static Early Fusion CatBoost,203,2025_L616,2025,37.5,869.6670756027437
19,Static Early Fusion HistGB,12,2023_324,2023,1041.2,1188.4488036665666
19,Static Early Fusion HistGB,13,2023_325,2023,1070.0,984.642294134496
19,Static Early Fusion HistGB,16,2023_422,2023,1093.4,1059.7305599342658
19,Static Early Fusion HistGB,24,2023_527,2023,1451.6,1018.4564584125009
19,Static Early Fusion HistGB,25,2023_528,2023,1306.8,1179.5408764170372
19,Static Early Fusion HistGB,27,2023_621,2023,1174.0,1118.6213005400687
19,Static Early Fusion HistGB,28,2023_622,2023,1112.9,1163.6169922505273
19,Static Early Fusion HistGB,38,2023_726,2023,1081.6,1036.2422784097657
19,Static Early Fusion HistGB,47,2024_CK23,2024,824.55,354.38772694956333
19,Static Early Fusion HistGB,54,2024_L121,2024,683.65,442.0388358620022
19,Static Early Fusion HistGB,55,2024_L122,2024,361.5,370.2541702222668
19,Static Early Fusion HistGB,56,2024_L123,2024,270.32,554.3009456980878
19,Static Early Fusion HistGB,63,2024_L221,2024,701.68,623.2201219102258
19,Static Early Fusion HistGB,70,2024_L312,2024,750.0,712.6575864583491
19,Static Early Fusion HistGB,86,2024_L516,2024,252.5,733.3300339397737
19,Static Early Fusion HistGB,93,2024_L611,2024,0.0,207.6795180088033
19,Static Early Fusion HistGB,94,2024_L612,2024,0.0,207.6795180088033
19,Static Early Fusion HistGB,96,2024_L614,2024,360.5,725.2714946573792
19,Static Early Fusion HistGB,97,2024_L615,2024,466.5,554.5339051416652
19,Static Early Fusion HistGB,101,2024_L623,2024,482.16,251.73349679393309
19,Static Early Fusion HistGB,103,2024_L625,2024,563.76,795.2806010260728
19,Static Early Fusion HistGB,109,2024_R125,2024,784.08,713.877813163124
19,Static Early Fusion HistGB,112,2024_R2111,2024,973.5,692.9420169154846
19,Static Early Fusion HistGB,113,2024_R2112,2024,765.0,518.1087922312802
19,Static Early Fusion HistGB,121,2024_R228,2024,462.77,625.7618627489626
19,Static Early Fusion HistGB,128,2024_R326,2024,588.03,742.432042348268
19,Static Early Fusion HistGB,131,2024_R416,2024,724.15,562.2755445253271
19,Static Early Fusion HistGB,138,2024_R527,2024,487.49,535.4245872362135
19,Static Early Fusion HistGB,139,2024_R528,2024,926.52,619.7482118352468
19,Static Early Fusion HistGB,144,2024_R627,2024,613.97,682.9318662285029
19,Static Early Fusion HistGB,152,2025_CK23,2025,1649.1,561.2091110074293
19,Static Early Fusion HistGB,158,2025_L113,2025,0.0,1112.1201447975934
19,Static Early Fusion HistGB,159,2025_L121,2025,1367.3,574.2359236327095
19,Static Early Fusion HistGB,160,2025_L122,2025,1323.0,1041.6368166626557
19,Static Early Fusion HistGB,163,2025_L212,2025,458.3,650.6630853254757
19,Static Early Fusion HistGB,164,2025_L213,2025,110.0,902.6604756097465
19,Static Early Fusion HistGB,169,2025_L222,2025,1425.6,1226.402130992812
19,Static Early Fusion HistGB,183,2025_L421,2025,1841.28,1520.094594630517
19,Static Early Fusion HistGB,189,2025_L514,2025,1650.0,1115.264264457663
19,Static Early Fusion HistGB,198,2025_L611,2025,800.0,959.2106453091216
19,Static Early Fusion HistGB,201,2025_L614,2025,721.0,424.05187946350253
19,Static Early Fusion HistGB,203,2025_L616,2025,37.5,813.7659083699015
19,Trajectory Fusion ExtraTrees,12,2023_324,2023,1041.2,1092.6707299999985
19,Trajectory Fusion ExtraTrees,13,2023_325,2023,1070.0,1081.9246399999995
19,Trajectory Fusion ExtraTrees,16,2023_422,2023,1093.4,1028.427213333331
19,Trajectory Fusion ExtraTrees,24,2023_527,2023,1451.6,1132.3751533333286
19,Trajectory Fusion ExtraTrees,25,2023_528,2023,1306.8,1200.4251033333317
19,Trajectory Fusion ExtraTrees,27,2023_621,2023,1174.0,1110.4655566666647
19,Trajectory Fusion ExtraTrees,28,2023_622,2023,1112.9,1137.3378499999985
19,Trajectory Fusion ExtraTrees,38,2023_726,2023,1081.6,1084.4574866666653
19,Trajectory Fusion ExtraTrees,47,2024_CK23,2024,824.55,656.0985200000007
19,Trajectory Fusion ExtraTrees,54,2024_L121,2024,683.65,337.4827116666668
19,Trajectory Fusion ExtraTrees,55,2024_L122,2024,361.5,521.8197200000004
19,Trajectory Fusion ExtraTrees,56,2024_L123,2024,270.32,575.8130950000001
19,Trajectory Fusion ExtraTrees,63,2024_L221,2024,701.68,571.7690683333341
19,Trajectory Fusion ExtraTrees,70,2024_L312,2024,750.0,635.4056666666661
19,Trajectory Fusion ExtraTrees,86,2024_L516,2024,252.5,668.5244516666671
19,Trajectory Fusion ExtraTrees,93,2024_L611,2024,0.0,250.38342500000024
19,Trajectory Fusion ExtraTrees,94,2024_L612,2024,0.0,250.38342500000024
19,Trajectory Fusion ExtraTrees,96,2024_L614,2024,360.5,723.7376633333334
19,Trajectory Fusion ExtraTrees,97,2024_L615,2024,466.5,588.44121
19,Trajectory Fusion ExtraTrees,101,2024_L623,2024,482.16,402.26873833333326
19,Trajectory Fusion ExtraTrees,103,2024_L625,2024,563.76,674.9115266666666
19,Trajectory Fusion ExtraTrees,109,2024_R125,2024,784.08,588.3538766666669
19,Trajectory Fusion ExtraTrees,112,2024_R2111,2024,973.5,456.2297350000002
19,Trajectory Fusion ExtraTrees,113,2024_R2112,2024,765.0,485.064268333333
19,Trajectory Fusion ExtraTrees,121,2024_R228,2024,462.77,632.0571166666676
19,Trajectory Fusion ExtraTrees,128,2024_R326,2024,588.03,543.7467766666662
19,Trajectory Fusion ExtraTrees,131,2024_R416,2024,724.15,640.9024800000005
19,Trajectory Fusion ExtraTrees,138,2024_R527,2024,487.49,394.0100149999997
19,Trajectory Fusion ExtraTrees,139,2024_R528,2024,926.52,688.7386050000003
19,Trajectory Fusion ExtraTrees,144,2024_R627,2024,613.97,558.006881666666
19,Trajectory Fusion ExtraTrees,152,2025_CK23,2025,1649.1,1047.5957799999994
19,Trajectory Fusion ExtraTrees,158,2025_L113,2025,0.0,1213.5645499999998
19,Trajectory Fusion ExtraTrees,159,2025_L121,2025,1367.3,1006.1235599999992
19,Trajectory Fusion ExtraTrees,160,2025_L122,2025,1323.0,1155.4989616666658
19,Trajectory Fusion ExtraTrees,163,2025_L212,2025,458.3,1044.84724
19,Trajectory Fusion ExtraTrees,164,2025_L213,2025,110.0,1119.3253266666661
19,Trajectory Fusion ExtraTrees,169,2025_L222,2025,1425.6,1204.2446899999986
19,Trajectory Fusion ExtraTrees,183,2025_L421,2025,1841.28,1369.9022933333338
19,Trajectory Fusion ExtraTrees,189,2025_L514,2025,1650.0,1013.6207566666651
19,Trajectory Fusion ExtraTrees,198,2025_L611,2025,800.0,1003.9158833333323
19,Trajectory Fusion ExtraTrees,201,2025_L614,2025,721.0,474.50837666666666
19,Trajectory Fusion ExtraTrees,203,2025_L616,2025,37.5,699.3450549999993
19,CMGT-DINO,12,2023_324,2023,1041.2,1018.6481155161312
19,CMGT-DINO,13,2023_325,2023,1070.0,1022.1379329145781
19,CMGT-DINO,16,2023_422,2023,1093.4,983.1851642879346
19,CMGT-DINO,24,2023_527,2023,1451.6,1091.9096539141826
19,CMGT-DINO,25,2023_528,2023,1306.8,1134.923547167488
19,CMGT-DINO,27,2023_621,2023,1174.0,1071.7909737520222
19,CMGT-DINO,28,2023_622,2023,1112.9,1099.2528700225698
19,CMGT-DINO,38,2023_726,2023,1081.6,1050.4368028627641
19,CMGT-DINO,47,2024_CK23,2024,824.55,620.564287411694
19,CMGT-DINO,54,2024_L121,2024,683.65,494.40105074117866
19,CMGT-DINO,55,2024_L122,2024,361.5,617.3592348220036
19,CMGT-DINO,56,2024_L123,2024,270.32,583.8733639641426
19,CMGT-DINO,63,2024_L221,2024,701.68,617.3796497096587
19,CMGT-DINO,70,2024_L312,2024,750.0,643.5837467993293
19,CMGT-DINO,86,2024_L516,2024,252.5,721.574843136661
19,CMGT-DINO,93,2024_L611,2024,0.0,299.654735258677
19,CMGT-DINO,94,2024_L612,2024,0.0,299.654735258677
19,CMGT-DINO,96,2024_L614,2024,360.5,683.9480907274346
19,CMGT-DINO,97,2024_L615,2024,466.5,615.9623006997615
19,CMGT-DINO,101,2024_L623,2024,482.16,497.0818488582717
19,CMGT-DINO,103,2024_L625,2024,563.76,616.8959684932729
19,CMGT-DINO,109,2024_R125,2024,784.08,617.5822004076828
19,CMGT-DINO,112,2024_R2111,2024,973.5,496.3437490833206
19,CMGT-DINO,113,2024_R2112,2024,765.0,434.22069183356484
19,CMGT-DINO,121,2024_R228,2024,462.77,611.244237873208
19,CMGT-DINO,128,2024_R326,2024,588.03,657.2256328315609
19,CMGT-DINO,131,2024_R416,2024,724.15,658.3995680248661
19,CMGT-DINO,138,2024_R527,2024,487.49,505.78584929377007
19,CMGT-DINO,139,2024_R528,2024,926.52,718.1654058730353
19,CMGT-DINO,144,2024_R627,2024,613.97,571.589037837097
19,CMGT-DINO,152,2025_CK23,2025,1649.1,1162.4548497736098
19,CMGT-DINO,158,2025_L113,2025,0.0,1075.379271974715
19,CMGT-DINO,159,2025_L121,2025,1367.3,1039.0067444356914
19,CMGT-DINO,160,2025_L122,2025,1323.0,1188.5014471984182
19,CMGT-DINO,163,2025_L212,2025,458.3,951.5285140923606
19,CMGT-DINO,164,2025_L213,2025,110.0,1209.4268440472813
19,CMGT-DINO,169,2025_L222,2025,1425.6,1154.491209430481
19,CMGT-DINO,183,2025_L421,2025,1841.28,1201.9638054880445
19,CMGT-DINO,189,2025_L514,2025,1650.0,1197.68510612148
19,CMGT-DINO,198,2025_L611,2025,800.0,953.0482961989842
19,CMGT-DINO,201,2025_L614,2025,721.0,487.1995426419254
19,CMGT-DINO,203,2025_L616,2025,37.5,576.777028419792
