backbone,backbone_key,protocol,fold,component_id,group,year,y_true,y_pred
EfficientNet-B0,efficientnet_b0,Static Image ExtraTrees,1,C0001,2023_121,2023,910.0,857.2999136111096
EfficientNet-B0,efficientnet_b0,Static Image ExtraTrees,1,C0001,2023_122,2023,868.0,857.2999136111096
EfficientNet-B0,efficientnet_b0,Static Image ExtraTrees,1,C0001,2023_123,2023,1014.8,857.2999136111096
EfficientNet-B0,efficientnet_b0,Static Image ExtraTrees,1,C0001,2023_221,2023,884.8,857.2999136111096
EfficientNet-B0,efficientnet_b0,Static Image ExtraTrees,1,C0001,2023_222,2023,933.4,857.2999136111096
EfficientNet-B0,efficientnet_b0,Static Image ExtraTrees,1,C0001,2023_223,2023,945.6,857.2999136111096
EfficientNet-B0,efficientnet_b0,Static Image ExtraTrees,1,C0001,2023_224,2023,1118.6,960.520881666663
EfficientNet-B0,efficientnet_b0,Static Image ExtraTrees,1,C0001,2023_225,2023,812.0,960.520881666663
EfficientNet-B0,efficientnet_b0,Static Image ExtraTrees,1,C0001,2023_226,2023,760.8,960.520881666663
EfficientNet-B0,efficientnet_b0,Static Image ExtraTrees,1,C0001,2023_321,2023,835.1,960.520881666663
EfficientNet-B0,efficientnet_b0,Static Image ExtraTrees,1,C0001,2023_322,2023,821.0,960.520881666663
EfficientNet-B0,efficientnet_b0,Static Image ExtraTrees,1,C0001,2023_323,2023,1046.8,960.520881666663
EfficientNet-B0,efficientnet_b0,Static Image ExtraTrees,1,C0001,2023_324,2023,1041.2,844.3535416666651
EfficientNet-B0,efficientnet_b0,Static Image ExtraTrees,1,C0001,2023_325,2023,1070.0,844.3535416666651
EfficientNet-B0,efficientnet_b0,Static Image ExtraTrees,1,C0001,2023_326,2023,1134.6,844.3535416666651
EfficientNet-B0,efficientnet_b0,Static Image ExtraTrees,1,C0001,2023_421,2023,987.16,844.3295680555534
EfficientNet-B0,efficientnet_b0,Static Image ExtraTrees,1,C0001,2023_422,2023,1093.4,844.3295680555534
EfficientNet-B0,efficientnet_b0,Static Image ExtraTrees,1,C0001,2023_423,2023,1070.67,844.3295680555534
EfficientNet-B0,efficientnet_b0,Static Image ExtraTrees,1,C0001,2023_521,2023,1008.8,844.3295680555534
EfficientNet-B0,efficientnet_b0,Static Image ExtraTrees,1,C0001,2023_522,2023,991.4,844.3295680555534
EfficientNet-B0,efficientnet_b0,Static Image ExtraTrees,1,C0001,2023_523,2023,1078.2,844.3295680555534
EfficientNet-B0,efficientnet_b0,Static Image ExtraTrees,1,C0001,2023_524,2023,1125.3,821.0957377777759
EfficientNet-B0,efficientnet_b0,Static Image ExtraTrees,1,C0001,2023_525,2023,1087.0,821.0957377777759
EfficientNet-B0,efficientnet_b0,Static Image ExtraTrees,1,C0001,2023_526,2023,1124.4,821.0957377777759
EfficientNet-B0,efficientnet_b0,Static Image ExtraTrees,1,C0001,2023_527,2023,1451.6,850.0462180555537
EfficientNet-B0,efficientnet_b0,Static Image ExtraTrees,1,C0001,2023_528,2023,1306.8,850.0462180555537
EfficientNet-B0,efficientnet_b0,Static Image ExtraTrees,1,C0001,2023_529,2023,1158.2,850.0462180555537
EfficientNet-B0,efficientnet_b0,Static Image ExtraTrees,1,C0001,2023_621,2023,1174.0,821.0957377777759
EfficientNet-B0,efficientnet_b0,Static Image ExtraTrees,1,C0001,2023_622,2023,1112.9,821.0957377777759
EfficientNet-B0,efficientnet_b0,Static Image ExtraTrees,1,C0001,2023_623,2023,1220.2,821.0957377777759
EfficientNet-B0,efficientnet_b0,Static Image ExtraTrees,1,C0001,2023_624,2023,1096.5,850.0462180555537
EfficientNet-B0,efficientnet_b0,Static Image ExtraTrees,1,C0001,2023_625,2023,1254.0,850.0462180555537
EfficientNet-B0,efficientnet_b0,Static Image ExtraTrees,1,C0001,2023_626,2023,1260.0,850.4004258333315
EfficientNet-B0,efficientnet_b0,Static Image ExtraTrees,1,C0001,2023_721,2023,1128.0,844.3535416666651
EfficientNet-B0,efficientnet_b0,Static Image ExtraTrees,1,C0001,2023_722,2023,1065.6,844.1791355555539
EfficientNet-B0,efficientnet_b0,Static Image ExtraTrees,1,C0001,2023_723,2023,1093.6,844.1791355555539
EfficientNet-B0,efficientnet_b0,Static Image ExtraTrees,1,C0001,2023_724,2023,1070.4,837.6867791666648
EfficientNet-B0,efficientnet_b0,Static Image ExtraTrees,1,C0001,2023_725,2023,1120.8,837.6867791666648
EfficientNet-B0,efficientnet_b0,Static Image ExtraTrees,1,C0001,2023_726,2023,1081.6,837.6867791666648
EfficientNet-B0,efficientnet_b0,Image Trajectory ExtraTrees,1,C0001,2023_121,2023,910.0,731.7714372222239
EfficientNet-B0,efficientnet_b0,Image Trajectory ExtraTrees,1,C0001,2023_122,2023,868.0,731.7714372222239
EfficientNet-B0,efficientnet_b0,Image Trajectory ExtraTrees,1,C0001,2023_123,2023,1014.8,731.7714372222239
EfficientNet-B0,efficientnet_b0,Image Trajectory ExtraTrees,1,C0001,2023_221,2023,884.8,731.7714372222239
EfficientNet-B0,efficientnet_b0,Image Trajectory ExtraTrees,1,C0001,2023_222,2023,933.4,731.7714372222239
EfficientNet-B0,efficientnet_b0,Image Trajectory ExtraTrees,1,C0001,2023_223,2023,945.6,731.7714372222239
EfficientNet-B0,efficientnet_b0,Image Trajectory ExtraTrees,1,C0001,2023_224,2023,1118.6,719.152434722224
EfficientNet-B0,efficientnet_b0,Image Trajectory ExtraTrees,1,C0001,2023_225,2023,812.0,719.152434722224
EfficientNet-B0,efficientnet_b0,Image Trajectory ExtraTrees,1,C0001,2023_226,2023,760.8,719.152434722224
EfficientNet-B0,efficientnet_b0,Image Trajectory ExtraTrees,1,C0001,2023_321,2023,835.1,719.152434722224
EfficientNet-B0,efficientnet_b0,Image Trajectory ExtraTrees,1,C0001,2023_322,2023,821.0,719.152434722224
EfficientNet-B0,efficientnet_b0,Image Trajectory ExtraTrees,1,C0001,2023_323,2023,1046.8,719.152434722224
EfficientNet-B0,efficientnet_b0,Image Trajectory ExtraTrees,1,C0001,2023_324,2023,1041.2,885.7420422222268
EfficientNet-B0,efficientnet_b0,Image Trajectory ExtraTrees,1,C0001,2023_325,2023,1070.0,885.7420422222268
EfficientNet-B0,efficientnet_b0,Image Trajectory ExtraTrees,1,C0001,2023_326,2023,1134.6,885.7420422222268
EfficientNet-B0,efficientnet_b0,Image Trajectory ExtraTrees,1,C0001,2023_421,2023,987.16,784.6588675000007
EfficientNet-B0,efficientnet_b0,Image Trajectory ExtraTrees,1,C0001,2023_422,2023,1093.4,784.6588675000007
EfficientNet-B0,efficientnet_b0,Image Trajectory ExtraTrees,1,C0001,2023_423,2023,1070.67,784.6588675000007
EfficientNet-B0,efficientnet_b0,Image Trajectory ExtraTrees,1,C0001,2023_521,2023,1008.8,784.6588675000007
EfficientNet-B0,efficientnet_b0,Image Trajectory ExtraTrees,1,C0001,2023_522,2023,991.4,784.6588675000007
EfficientNet-B0,efficientnet_b0,Image Trajectory ExtraTrees,1,C0001,2023_523,2023,1078.2,784.6588675000007
EfficientNet-B0,efficientnet_b0,Image Trajectory ExtraTrees,1,C0001,2023_524,2023,1125.3,684.0180705555582
EfficientNet-B0,efficientnet_b0,Image Trajectory ExtraTrees,1,C0001,2023_525,2023,1087.0,684.0180705555582
EfficientNet-B0,efficientnet_b0,Image Trajectory ExtraTrees,1,C0001,2023_526,2023,1124.4,684.0180705555582
EfficientNet-B0,efficientnet_b0,Image Trajectory ExtraTrees,1,C0001,2023_527,2023,1451.6,906.5078316666704
EfficientNet-B0,efficientnet_b0,Image Trajectory ExtraTrees,1,C0001,2023_528,2023,1306.8,906.5078316666704
EfficientNet-B0,efficientnet_b0,Image Trajectory ExtraTrees,1,C0001,2023_529,2023,1158.2,906.5078316666704
EfficientNet-B0,efficientnet_b0,Image Trajectory ExtraTrees,1,C0001,2023_621,2023,1174.0,684.0180705555582
EfficientNet-B0,efficientnet_b0,Image Trajectory ExtraTrees,1,C0001,2023_622,2023,1112.9,684.0180705555582
EfficientNet-B0,efficientnet_b0,Image Trajectory ExtraTrees,1,C0001,2023_623,2023,1220.2,684.0180705555582
EfficientNet-B0,efficientnet_b0,Image Trajectory ExtraTrees,1,C0001,2023_624,2023,1096.5,906.5078316666704
EfficientNet-B0,efficientnet_b0,Image Trajectory ExtraTrees,1,C0001,2023_625,2023,1254.0,906.5078316666704
EfficientNet-B0,efficientnet_b0,Image Trajectory ExtraTrees,1,C0001,2023_626,2023,1260.0,907.5767791666705
EfficientNet-B0,efficientnet_b0,Image Trajectory ExtraTrees,1,C0001,2023_721,2023,1128.0,885.7420422222268
EfficientNet-B0,efficientnet_b0,Image Trajectory ExtraTrees,1,C0001,2023_722,2023,1065.6,890.4404997222268
EfficientNet-B0,efficientnet_b0,Image Trajectory ExtraTrees,1,C0001,2023_723,2023,1093.6,890.4404997222268
EfficientNet-B0,efficientnet_b0,Image Trajectory ExtraTrees,1,C0001,2023_724,2023,1070.4,904.4654955555601
EfficientNet-B0,efficientnet_b0,Image Trajectory ExtraTrees,1,C0001,2023_725,2023,1120.8,904.4654955555601
EfficientNet-B0,efficientnet_b0,Image Trajectory ExtraTrees,1,C0001,2023_726,2023,1081.6,904.4654955555601
EfficientNet-B0,efficientnet_b0,Full CMGT,1,C0001,2023_121,2023,910.0,729.9518394223367
EfficientNet-B0,efficientnet_b0,Full CMGT,1,C0001,2023_122,2023,868.0,719.0974316425136
EfficientNet-B0,efficientnet_b0,Full CMGT,1,C0001,2023_123,2023,1014.8,744.6994018692119
EfficientNet-B0,efficientnet_b0,Full CMGT,1,C0001,2023_221,2023,884.8,742.0643532081604
EfficientNet-B0,efficientnet_b0,Full CMGT,1,C0001,2023_222,2023,933.4,740.3226869107393
EfficientNet-B0,efficientnet_b0,Full CMGT,1,C0001,2023_223,2023,945.6,779.9229820081463
EfficientNet-B0,efficientnet_b0,Full CMGT,1,C0001,2023_224,2023,1118.6,778.9579403173643
EfficientNet-B0,efficientnet_b0,Full CMGT,1,C0001,2023_225,2023,812.0,753.7099907935872
EfficientNet-B0,efficientnet_b0,Full CMGT,1,C0001,2023_226,2023,760.8,854.7345874868465
EfficientNet-B0,efficientnet_b0,Full CMGT,1,C0001,2023_321,2023,835.1,852.5612664007865
EfficientNet-B0,efficientnet_b0,Full CMGT,1,C0001,2023_322,2023,821.0,803.4622444975803
EfficientNet-B0,efficientnet_b0,Full CMGT,1,C0001,2023_323,2023,1046.8,795.4940278756918
EfficientNet-B0,efficientnet_b0,Full CMGT,1,C0001,2023_324,2023,1041.2,824.824095999544
EfficientNet-B0,efficientnet_b0,Full CMGT,1,C0001,2023_325,2023,1070.0,806.3960915785862
EfficientNet-B0,efficientnet_b0,Full CMGT,1,C0001,2023_326,2023,1134.6,790.904840177068
EfficientNet-B0,efficientnet_b0,Full CMGT,1,C0001,2023_421,2023,987.16,768.0575662270769
EfficientNet-B0,efficientnet_b0,Full CMGT,1,C0001,2023_422,2023,1093.4,803.7672923762233
EfficientNet-B0,efficientnet_b0,Full CMGT,1,C0001,2023_423,2023,1070.67,808.4793823192884
EfficientNet-B0,efficientnet_b0,Full CMGT,1,C0001,2023_521,2023,1008.8,763.980175036861
EfficientNet-B0,efficientnet_b0,Full CMGT,1,C0001,2023_522,2023,991.4,668.4736711485797
EfficientNet-B0,efficientnet_b0,Full CMGT,1,C0001,2023_523,2023,1078.2,749.4443311932661
EfficientNet-B0,efficientnet_b0,Full CMGT,1,C0001,2023_524,2023,1125.3,742.0802038880475
EfficientNet-B0,efficientnet_b0,Full CMGT,1,C0001,2023_525,2023,1087.0,693.9458057784284
EfficientNet-B0,efficientnet_b0,Full CMGT,1,C0001,2023_526,2023,1124.4,821.7623153500265
EfficientNet-B0,efficientnet_b0,Full CMGT,1,C0001,2023_527,2023,1451.6,912.3077857461219
EfficientNet-B0,efficientnet_b0,Full CMGT,1,C0001,2023_528,2023,1306.8,773.3103633726568
EfficientNet-B0,efficientnet_b0,Full CMGT,1,C0001,2023_529,2023,1158.2,848.0338486450306
EfficientNet-B0,efficientnet_b0,Full CMGT,1,C0001,2023_621,2023,1174.0,610.9294333872508
EfficientNet-B0,efficientnet_b0,Full CMGT,1,C0001,2023_622,2023,1112.9,714.2963250829425
EfficientNet-B0,efficientnet_b0,Full CMGT,1,C0001,2023_623,2023,1220.2,665.3739782155275
EfficientNet-B0,efficientnet_b0,Full CMGT,1,C0001,2023_624,2023,1096.5,785.0966814051336
EfficientNet-B0,efficientnet_b0,Full CMGT,1,C0001,2023_625,2023,1254.0,697.0613296400884
EfficientNet-B0,efficientnet_b0,Full CMGT,1,C0001,2023_626,2023,1260.0,841.3737453977342
EfficientNet-B0,efficientnet_b0,Full CMGT,1,C0001,2023_721,2023,1128.0,838.4985612448936
EfficientNet-B0,efficientnet_b0,Full CMGT,1,C0001,2023_722,2023,1065.6,863.0515838022536
EfficientNet-B0,efficientnet_b0,Full CMGT,1,C0001,2023_723,2023,1093.6,691.3542784053492
EfficientNet-B0,efficientnet_b0,Full CMGT,1,C0001,2023_724,2023,1070.4,822.224726376221
EfficientNet-B0,efficientnet_b0,Full CMGT,1,C0001,2023_725,2023,1120.8,797.2457787646854
EfficientNet-B0,efficientnet_b0,Full CMGT,1,C0001,2023_726,2023,1081.6,950.6822791618573
EfficientNet-B0,efficientnet_b0,Static Image ExtraTrees,2,C0002,2024_CK11,2024,210.0,935.3426454700887
EfficientNet-B0,efficientnet_b0,Static Image ExtraTrees,2,C0002,2024_CK12,2024,166.65,935.3426454700887
EfficientNet-B0,efficientnet_b0,Static Image ExtraTrees,2,C0002,2024_CK13,2024,175.0,935.3426454700887
EfficientNet-B0,efficientnet_b0,Static Image ExtraTrees,2,C0002,2024_CK21,2024,706.2,935.3426454700887
EfficientNet-B0,efficientnet_b0,Static Image ExtraTrees,2,C0002,2024_CK22,2024,719.1,935.3426454700887
EfficientNet-B0,efficientnet_b0,Static Image ExtraTrees,2,C0002,2024_CK23,2024,824.55,935.3426454700887
EfficientNet-B0,efficientnet_b0,Static Image ExtraTrees,2,C0002,2024_L411,2024,810.9,935.3426454700887
EfficientNet-B0,efficientnet_b0,Static Image ExtraTrees,2,C0002,2024_L412,2024,150.0,935.3426454700887
EfficientNet-B0,efficientnet_b0,Static Image ExtraTrees,2,C0002,2024_L413,2024,1062.5,935.3426454700887
EfficientNet-B0,efficientnet_b0,Static Image ExtraTrees,2,C0002,2024_L421,2024,920.64,935.3426454700887
EfficientNet-B0,efficientnet_b0,Static Image ExtraTrees,2,C0002,2024_L422,2024,797.27,935.3426454700887
EfficientNet-B0,efficientnet_b0,Static Image ExtraTrees,2,C0002,2024_L423,2024,759.69,935.3426454700887
EfficientNet-B0,efficientnet_b0,Image Trajectory ExtraTrees,2,C0002,2024_CK11,2024,210.0,910.3045663888915
EfficientNet-B0,efficientnet_b0,Image Trajectory ExtraTrees,2,C0002,2024_CK12,2024,166.65,910.3045663888915
EfficientNet-B0,efficientnet_b0,Image Trajectory ExtraTrees,2,C0002,2024_CK13,2024,175.0,910.3045663888915
EfficientNet-B0,efficientnet_b0,Image Trajectory ExtraTrees,2,C0002,2024_CK21,2024,706.2,910.3045663888915
EfficientNet-B0,efficientnet_b0,Image Trajectory ExtraTrees,2,C0002,2024_CK22,2024,719.1,910.3045663888915
EfficientNet-B0,efficientnet_b0,Image Trajectory ExtraTrees,2,C0002,2024_CK23,2024,824.55,910.3045663888915
EfficientNet-B0,efficientnet_b0,Image Trajectory ExtraTrees,2,C0002,2024_L411,2024,810.9,910.3045663888915
EfficientNet-B0,efficientnet_b0,Image Trajectory ExtraTrees,2,C0002,2024_L412,2024,150.0,910.3045663888915
EfficientNet-B0,efficientnet_b0,Image Trajectory ExtraTrees,2,C0002,2024_L413,2024,1062.5,910.3045663888915
EfficientNet-B0,efficientnet_b0,Image Trajectory ExtraTrees,2,C0002,2024_L421,2024,920.64,910.3045663888915
EfficientNet-B0,efficientnet_b0,Image Trajectory ExtraTrees,2,C0002,2024_L422,2024,797.27,910.3045663888915
EfficientNet-B0,efficientnet_b0,Image Trajectory ExtraTrees,2,C0002,2024_L423,2024,759.69,910.3045663888915
EfficientNet-B0,efficientnet_b0,Full CMGT,2,C0002,2024_CK11,2024,210.0,637.6755239905075
EfficientNet-B0,efficientnet_b0,Full CMGT,2,C0002,2024_CK12,2024,166.65,580.2832483945928
EfficientNet-B0,efficientnet_b0,Full CMGT,2,C0002,2024_CK13,2024,175.0,653.9977075338943
EfficientNet-B0,efficientnet_b0,Full CMGT,2,C0002,2024_CK21,2024,706.2,633.1110710199868
EfficientNet-B0,efficientnet_b0,Full CMGT,2,C0002,2024_CK22,2024,719.1,566.8562845725734
EfficientNet-B0,efficientnet_b0,Full CMGT,2,C0002,2024_CK23,2024,824.55,575.6300969534653
EfficientNet-B0,efficientnet_b0,Full CMGT,2,C0002,2024_L411,2024,810.9,573.8314345993547
EfficientNet-B0,efficientnet_b0,Full CMGT,2,C0002,2024_L412,2024,150.0,558.84012920273
EfficientNet-B0,efficientnet_b0,Full CMGT,2,C0002,2024_L413,2024,1062.5,544.8151204383541
EfficientNet-B0,efficientnet_b0,Full CMGT,2,C0002,2024_L421,2024,920.64,543.2599477292055
EfficientNet-B0,efficientnet_b0,Full CMGT,2,C0002,2024_L422,2024,797.27,618.4042170162714
EfficientNet-B0,efficientnet_b0,Full CMGT,2,C0002,2024_L423,2024,759.69,588.139869442827
EfficientNet-B0,efficientnet_b0,Static Image ExtraTrees,3,C0003,2024_CK14,2024,820.0,791.5362908333344
EfficientNet-B0,efficientnet_b0,Static Image ExtraTrees,3,C0003,2024_CK15,2024,464.25,791.5362908333344
EfficientNet-B0,efficientnet_b0,Static Image ExtraTrees,3,C0003,2024_CK16,2024,536.65,791.5362908333344
EfficientNet-B0,efficientnet_b0,Static Image ExtraTrees,3,C0003,2024_CK24,2024,613.025,791.5362908333344
EfficientNet-B0,efficientnet_b0,Static Image ExtraTrees,3,C0003,2024_CK25,2024,679.38,791.5362908333344
EfficientNet-B0,efficientnet_b0,Static Image ExtraTrees,3,C0003,2024_CK26,2024,831.42,791.5362908333344
EfficientNet-B0,efficientnet_b0,Static Image ExtraTrees,3,C0003,2024_R414,2024,583.35,791.5362908333344
EfficientNet-B0,efficientnet_b0,Static Image ExtraTrees,3,C0003,2024_R415,2024,0.0,791.5362908333344
EfficientNet-B0,efficientnet_b0,Static Image ExtraTrees,3,C0003,2024_R416,2024,724.15,791.5362908333344
EfficientNet-B0,efficientnet_b0,Static Image ExtraTrees,3,C0003,2024_R424,2024,612.48,791.5362908333344
EfficientNet-B0,efficientnet_b0,Static Image ExtraTrees,3,C0003,2024_R425,2024,390.72,791.5362908333344
EfficientNet-B0,efficientnet_b0,Static Image ExtraTrees,3,C0003,2024_R426,2024,574.77,791.5362908333344
EfficientNet-B0,efficientnet_b0,Image Trajectory ExtraTrees,3,C0003,2024_CK14,2024,820.0,918.8100830555576
EfficientNet-B0,efficientnet_b0,Image Trajectory ExtraTrees,3,C0003,2024_CK15,2024,464.25,918.8100830555576
EfficientNet-B0,efficientnet_b0,Image Trajectory ExtraTrees,3,C0003,2024_CK16,2024,536.65,918.8100830555576
EfficientNet-B0,efficientnet_b0,Image Trajectory ExtraTrees,3,C0003,2024_CK24,2024,613.025,918.8100830555576
EfficientNet-B0,efficientnet_b0,Image Trajectory ExtraTrees,3,C0003,2024_CK25,2024,679.38,918.8100830555576
EfficientNet-B0,efficientnet_b0,Image Trajectory ExtraTrees,3,C0003,2024_CK26,2024,831.42,918.8100830555576
EfficientNet-B0,efficientnet_b0,Image Trajectory ExtraTrees,3,C0003,2024_R414,2024,583.35,918.8100830555576
EfficientNet-B0,efficientnet_b0,Image Trajectory ExtraTrees,3,C0003,2024_R415,2024,0.0,918.8100830555576
EfficientNet-B0,efficientnet_b0,Image Trajectory ExtraTrees,3,C0003,2024_R416,2024,724.15,918.8100830555576
EfficientNet-B0,efficientnet_b0,Image Trajectory ExtraTrees,3,C0003,2024_R424,2024,612.48,918.8100830555576
EfficientNet-B0,efficientnet_b0,Image Trajectory ExtraTrees,3,C0003,2024_R425,2024,390.72,918.8100830555576
EfficientNet-B0,efficientnet_b0,Image Trajectory ExtraTrees,3,C0003,2024_R426,2024,574.77,918.8100830555576
EfficientNet-B0,efficientnet_b0,Full CMGT,3,C0003,2024_CK14,2024,820.0,529.125715619511
EfficientNet-B0,efficientnet_b0,Full CMGT,3,C0003,2024_CK15,2024,464.25,572.1005935087413
EfficientNet-B0,efficientnet_b0,Full CMGT,3,C0003,2024_CK16,2024,536.65,666.712114600202
EfficientNet-B0,efficientnet_b0,Full CMGT,3,C0003,2024_CK24,2024,613.025,623.5484531577847
EfficientNet-B0,efficientnet_b0,Full CMGT,3,C0003,2024_CK25,2024,679.38,630.4054082635812
EfficientNet-B0,efficientnet_b0,Full CMGT,3,C0003,2024_CK26,2024,831.42,648.636206784129
EfficientNet-B0,efficientnet_b0,Full CMGT,3,C0003,2024_R414,2024,583.35,583.9262161893263
EfficientNet-B0,efficientnet_b0,Full CMGT,3,C0003,2024_R415,2024,0.0,591.7026683413457
EfficientNet-B0,efficientnet_b0,Full CMGT,3,C0003,2024_R416,2024,724.15,765.3294215893852
EfficientNet-B0,efficientnet_b0,Full CMGT,3,C0003,2024_R424,2024,612.48,667.1173528058606
EfficientNet-B0,efficientnet_b0,Full CMGT,3,C0003,2024_R425,2024,390.72,595.076608287039
EfficientNet-B0,efficientnet_b0,Full CMGT,3,C0003,2024_R426,2024,574.77,489.0554205293694
EfficientNet-B0,efficientnet_b0,Static Image ExtraTrees,4,C0004,2024_L111,2024,540.85,908.1380152777796
EfficientNet-B0,efficientnet_b0,Static Image ExtraTrees,4,C0004,2024_L112,2024,651.0,908.1380152777796
EfficientNet-B0,efficientnet_b0,Static Image ExtraTrees,4,C0004,2024_L113,2024,250.0,908.1380152777796
EfficientNet-B0,efficientnet_b0,Static Image ExtraTrees,4,C0004,2024_L121,2024,683.65,908.1380152777796
EfficientNet-B0,efficientnet_b0,Static Image ExtraTrees,4,C0004,2024_L122,2024,361.5,908.1380152777796
EfficientNet-B0,efficientnet_b0,Static Image ExtraTrees,4,C0004,2024_L123,2024,270.32,908.1380152777796
EfficientNet-B0,efficientnet_b0,Static Image ExtraTrees,4,C0004,2024_L211,2024,379.3,908.1380152777796
EfficientNet-B0,efficientnet_b0,Static Image ExtraTrees,4,C0004,2024_L212,2024,229.15,908.1380152777796
EfficientNet-B0,efficientnet_b0,Static Image ExtraTrees,4,C0004,2024_L213,2024,55.0,908.1380152777796
EfficientNet-B0,efficientnet_b0,Static Image ExtraTrees,4,C0004,2024_L221,2024,701.68,908.1380152777796
EfficientNet-B0,efficientnet_b0,Static Image ExtraTrees,4,C0004,2024_L222,2024,712.8,908.1380152777796
EfficientNet-B0,efficientnet_b0,Static Image ExtraTrees,4,C0004,2024_L223,2024,773.48,908.1380152777796
EfficientNet-B0,efficientnet_b0,Image Trajectory ExtraTrees,4,C0004,2024_L111,2024,540.85,980.2537049999995
EfficientNet-B0,efficientnet_b0,Image Trajectory ExtraTrees,4,C0004,2024_L112,2024,651.0,980.2537049999995
EfficientNet-B0,efficientnet_b0,Image Trajectory ExtraTrees,4,C0004,2024_L113,2024,250.0,980.2537049999995
EfficientNet-B0,efficientnet_b0,Image Trajectory ExtraTrees,4,C0004,2024_L121,2024,683.65,980.2537049999995
EfficientNet-B0,efficientnet_b0,Image Trajectory ExtraTrees,4,C0004,2024_L122,2024,361.5,980.2537049999995
EfficientNet-B0,efficientnet_b0,Image Trajectory ExtraTrees,4,C0004,2024_L123,2024,270.32,980.2537049999995
EfficientNet-B0,efficientnet_b0,Image Trajectory ExtraTrees,4,C0004,2024_L211,2024,379.3,980.2537049999995
EfficientNet-B0,efficientnet_b0,Image Trajectory ExtraTrees,4,C0004,2024_L212,2024,229.15,980.2537049999995
EfficientNet-B0,efficientnet_b0,Image Trajectory ExtraTrees,4,C0004,2024_L213,2024,55.0,980.2537049999995
EfficientNet-B0,efficientnet_b0,Image Trajectory ExtraTrees,4,C0004,2024_L221,2024,701.68,980.2537049999995
EfficientNet-B0,efficientnet_b0,Image Trajectory ExtraTrees,4,C0004,2024_L222,2024,712.8,980.2537049999995
EfficientNet-B0,efficientnet_b0,Image Trajectory ExtraTrees,4,C0004,2024_L223,2024,773.48,980.2537049999995
EfficientNet-B0,efficientnet_b0,Full CMGT,4,C0004,2024_L111,2024,540.85,721.1479372571636
EfficientNet-B0,efficientnet_b0,Full CMGT,4,C0004,2024_L112,2024,651.0,661.8730251872984
EfficientNet-B0,efficientnet_b0,Full CMGT,4,C0004,2024_L113,2024,250.0,804.004424707527
EfficientNet-B0,efficientnet_b0,Full CMGT,4,C0004,2024_L121,2024,683.65,699.86139746602
EfficientNet-B0,efficientnet_b0,Full CMGT,4,C0004,2024_L122,2024,361.5,760.0916785893951
EfficientNet-B0,efficientnet_b0,Full CMGT,4,C0004,2024_L123,2024,270.32,742.762750870113
EfficientNet-B0,efficientnet_b0,Full CMGT,4,C0004,2024_L211,2024,379.3,666.4941780038871
EfficientNet-B0,efficientnet_b0,Full CMGT,4,C0004,2024_L212,2024,229.15,758.0218695164448
EfficientNet-B0,efficientnet_b0,Full CMGT,4,C0004,2024_L213,2024,55.0,688.6434480258873
EfficientNet-B0,efficientnet_b0,Full CMGT,4,C0004,2024_L221,2024,701.68,777.8752768057217
EfficientNet-B0,efficientnet_b0,Full CMGT,4,C0004,2024_L222,2024,712.8,737.5716930459478
EfficientNet-B0,efficientnet_b0,Full CMGT,4,C0004,2024_L223,2024,773.48,564.3642817401103
EfficientNet-B0,efficientnet_b0,Static Image ExtraTrees,5,C0005,2024_L214,2024,881.25,937.9039511752171
EfficientNet-B0,efficientnet_b0,Static Image ExtraTrees,5,C0005,2024_L215,2024,740.0,937.9039511752171
EfficientNet-B0,efficientnet_b0,Static Image ExtraTrees,5,C0005,2024_L216,2024,916.65,937.9039511752171
EfficientNet-B0,efficientnet_b0,Static Image ExtraTrees,5,C0005,2024_L224,2024,524.3,937.9039511752171
EfficientNet-B0,efficientnet_b0,Static Image ExtraTrees,5,C0005,2024_L225,2024,561.0,937.9039511752171
EfficientNet-B0,efficientnet_b0,Static Image ExtraTrees,5,C0005,2024_L226,2024,687.125,937.9039511752171
EfficientNet-B0,efficientnet_b0,Static Image ExtraTrees,5,C0005,2024_L311,2024,805.0,937.9039511752171
EfficientNet-B0,efficientnet_b0,Static Image ExtraTrees,5,C0005,2024_L312,2024,750.0,937.9039511752171
EfficientNet-B0,efficientnet_b0,Static Image ExtraTrees,5,C0005,2024_L313,2024,620.0,937.9039511752171
EfficientNet-B0,efficientnet_b0,Static Image ExtraTrees,5,C0005,2024_L321,2024,723.58,937.9039511752171
EfficientNet-B0,efficientnet_b0,Static Image ExtraTrees,5,C0005,2024_L322,2024,685.44,937.9039511752171
EfficientNet-B0,efficientnet_b0,Static Image ExtraTrees,5,C0005,2024_L323,2024,644.0,937.9039511752171
EfficientNet-B0,efficientnet_b0,Image Trajectory ExtraTrees,5,C0005,2024_L214,2024,881.25,898.3694006410271
EfficientNet-B0,efficientnet_b0,Image Trajectory ExtraTrees,5,C0005,2024_L215,2024,740.0,898.3694006410271
EfficientNet-B0,efficientnet_b0,Image Trajectory ExtraTrees,5,C0005,2024_L216,2024,916.65,898.3694006410271
EfficientNet-B0,efficientnet_b0,Image Trajectory ExtraTrees,5,C0005,2024_L224,2024,524.3,898.3694006410271
EfficientNet-B0,efficientnet_b0,Image Trajectory ExtraTrees,5,C0005,2024_L225,2024,561.0,898.3694006410271
EfficientNet-B0,efficientnet_b0,Image Trajectory ExtraTrees,5,C0005,2024_L226,2024,687.125,898.3694006410271
EfficientNet-B0,efficientnet_b0,Image Trajectory ExtraTrees,5,C0005,2024_L311,2024,805.0,898.3694006410271
EfficientNet-B0,efficientnet_b0,Image Trajectory ExtraTrees,5,C0005,2024_L312,2024,750.0,898.3694006410271
EfficientNet-B0,efficientnet_b0,Image Trajectory ExtraTrees,5,C0005,2024_L313,2024,620.0,898.3694006410271
EfficientNet-B0,efficientnet_b0,Image Trajectory ExtraTrees,5,C0005,2024_L321,2024,723.58,898.3694006410271
EfficientNet-B0,efficientnet_b0,Image Trajectory ExtraTrees,5,C0005,2024_L322,2024,685.44,898.3694006410271
EfficientNet-B0,efficientnet_b0,Image Trajectory ExtraTrees,5,C0005,2024_L323,2024,644.0,898.3694006410271
EfficientNet-B0,efficientnet_b0,Full CMGT,5,C0005,2024_L214,2024,881.25,497.7503516370137
EfficientNet-B0,efficientnet_b0,Full CMGT,5,C0005,2024_L215,2024,740.0,646.689458267636
EfficientNet-B0,efficientnet_b0,Full CMGT,5,C0005,2024_L216,2024,916.65,498.70788679019245
EfficientNet-B0,efficientnet_b0,Full CMGT,5,C0005,2024_L224,2024,524.3,708.7567522177501
EfficientNet-B0,efficientnet_b0,Full CMGT,5,C0005,2024_L225,2024,561.0,490.06491019089503
EfficientNet-B0,efficientnet_b0,Full CMGT,5,C0005,2024_L226,2024,687.125,523.4310271495435
EfficientNet-B0,efficientnet_b0,Full CMGT,5,C0005,2024_L311,2024,805.0,557.014695744077
EfficientNet-B0,efficientnet_b0,Full CMGT,5,C0005,2024_L312,2024,750.0,583.8443931865517
EfficientNet-B0,efficientnet_b0,Full CMGT,5,C0005,2024_L313,2024,620.0,630.3461477163181
EfficientNet-B0,efficientnet_b0,Full CMGT,5,C0005,2024_L321,2024,723.58,491.03809844534203
EfficientNet-B0,efficientnet_b0,Full CMGT,5,C0005,2024_L322,2024,685.44,578.9218440411789
EfficientNet-B0,efficientnet_b0,Full CMGT,5,C0005,2024_L323,2024,644.0,482.7927619067252
EfficientNet-B0,efficientnet_b0,Static Image ExtraTrees,6,C0006,2024_L511,2024,150.0,969.5007025000032
EfficientNet-B0,efficientnet_b0,Static Image ExtraTrees,6,C0006,2024_L512,2024,575.0,969.5007025000032
EfficientNet-B0,efficientnet_b0,Static Image ExtraTrees,6,C0006,2024_L513,2024,646.25,969.5007025000032
EfficientNet-B0,efficientnet_b0,Static Image ExtraTrees,6,C0006,2024_L521,2024,143.1,969.5007025000032
EfficientNet-B0,efficientnet_b0,Static Image ExtraTrees,6,C0006,2024_L522,2024,731.43,969.5007025000032
EfficientNet-B0,efficientnet_b0,Static Image ExtraTrees,6,C0006,2024_L523,2024,692.16,969.5007025000032
EfficientNet-B0,efficientnet_b0,Static Image ExtraTrees,6,C0006,2024_L611,2024,0.0,969.5007025000032
EfficientNet-B0,efficientnet_b0,Static Image ExtraTrees,6,C0006,2024_L612,2024,0.0,969.5007025000032
EfficientNet-B0,efficientnet_b0,Static Image ExtraTrees,6,C0006,2024_L613,2024,325.35,969.5007025000032
EfficientNet-B0,efficientnet_b0,Static Image ExtraTrees,6,C0006,2024_L621,2024,0.0,969.5007025000032
EfficientNet-B0,efficientnet_b0,Static Image ExtraTrees,6,C0006,2024_L622,2024,267.75,969.5007025000032
EfficientNet-B0,efficientnet_b0,Static Image ExtraTrees,6,C0006,2024_L623,2024,482.16,969.5007025000032
EfficientNet-B0,efficientnet_b0,Image Trajectory ExtraTrees,6,C0006,2024_L511,2024,150.0,798.1097950000033
EfficientNet-B0,efficientnet_b0,Image Trajectory ExtraTrees,6,C0006,2024_L512,2024,575.0,798.1097950000033
EfficientNet-B0,efficientnet_b0,Image Trajectory ExtraTrees,6,C0006,2024_L513,2024,646.25,798.1097950000033
EfficientNet-B0,efficientnet_b0,Image Trajectory ExtraTrees,6,C0006,2024_L521,2024,143.1,798.1097950000033
EfficientNet-B0,efficientnet_b0,Image Trajectory ExtraTrees,6,C0006,2024_L522,2024,731.43,798.1097950000033
EfficientNet-B0,efficientnet_b0,Image Trajectory ExtraTrees,6,C0006,2024_L523,2024,692.16,798.1097950000033
EfficientNet-B0,efficientnet_b0,Image Trajectory ExtraTrees,6,C0006,2024_L611,2024,0.0,798.1097950000033
EfficientNet-B0,efficientnet_b0,Image Trajectory ExtraTrees,6,C0006,2024_L612,2024,0.0,798.1097950000033
EfficientNet-B0,efficientnet_b0,Image Trajectory ExtraTrees,6,C0006,2024_L613,2024,325.35,798.1097950000033
EfficientNet-B0,efficientnet_b0,Image Trajectory ExtraTrees,6,C0006,2024_L621,2024,0.0,798.1097950000033
EfficientNet-B0,efficientnet_b0,Image Trajectory ExtraTrees,6,C0006,2024_L622,2024,267.75,798.1097950000033
EfficientNet-B0,efficientnet_b0,Image Trajectory ExtraTrees,6,C0006,2024_L623,2024,482.16,798.1097950000033
EfficientNet-B0,efficientnet_b0,Full CMGT,6,C0006,2024_L511,2024,150.0,805.7091995576081
EfficientNet-B0,efficientnet_b0,Full CMGT,6,C0006,2024_L512,2024,575.0,583.1727957762658
EfficientNet-B0,efficientnet_b0,Full CMGT,6,C0006,2024_L513,2024,646.25,609.4332543490458
EfficientNet-B0,efficientnet_b0,Full CMGT,6,C0006,2024_L521,2024,143.1,669.3957670201213
EfficientNet-B0,efficientnet_b0,Full CMGT,6,C0006,2024_L522,2024,731.43,472.5320499292684
EfficientNet-B0,efficientnet_b0,Full CMGT,6,C0006,2024_L523,2024,692.16,600.5459257591378
EfficientNet-B0,efficientnet_b0,Full CMGT,6,C0006,2024_L611,2024,0.0,805.7091995576081
EfficientNet-B0,efficientnet_b0,Full CMGT,6,C0006,2024_L612,2024,0.0,805.7091995576081
EfficientNet-B0,efficientnet_b0,Full CMGT,6,C0006,2024_L613,2024,325.35,750.0966767756742
EfficientNet-B0,efficientnet_b0,Full CMGT,6,C0006,2024_L621,2024,0.0,603.2008558931094
EfficientNet-B0,efficientnet_b0,Full CMGT,6,C0006,2024_L622,2024,267.75,554.2852312766283
EfficientNet-B0,efficientnet_b0,Full CMGT,6,C0006,2024_L623,2024,482.16,544.7036209894372
EfficientNet-B0,efficientnet_b0,Static Image ExtraTrees,7,C0007,2024_L514,2024,825.0,797.3296969444466
EfficientNet-B0,efficientnet_b0,Static Image ExtraTrees,7,C0007,2024_L515,2024,102.5,797.3296969444466
EfficientNet-B0,efficientnet_b0,Static Image ExtraTrees,7,C0007,2024_L516,2024,252.5,797.3296969444466
EfficientNet-B0,efficientnet_b0,Static Image ExtraTrees,7,C0007,2024_L524,2024,283.125,797.3296969444466
EfficientNet-B0,efficientnet_b0,Static Image ExtraTrees,7,C0007,2024_L525,2024,738.1,797.3296969444466
EfficientNet-B0,efficientnet_b0,Static Image ExtraTrees,7,C0007,2024_L526,2024,778.8,797.3296969444466
EfficientNet-B0,efficientnet_b0,Static Image ExtraTrees,7,C0007,2024_L614,2024,360.5,797.3296969444466
EfficientNet-B0,efficientnet_b0,Static Image ExtraTrees,7,C0007,2024_L615,2024,466.5,797.3296969444466
EfficientNet-B0,efficientnet_b0,Static Image ExtraTrees,7,C0007,2024_L616,2024,180.75,797.3296969444466
EfficientNet-B0,efficientnet_b0,Static Image ExtraTrees,7,C0007,2024_L624,2024,565.25,797.3296969444466
EfficientNet-B0,efficientnet_b0,Static Image ExtraTrees,7,C0007,2024_L625,2024,563.76,797.3296969444466
EfficientNet-B0,efficientnet_b0,Static Image ExtraTrees,7,C0007,2024_L626,2024,1144.48,797.3296969444466
EfficientNet-B0,efficientnet_b0,Image Trajectory ExtraTrees,7,C0007,2024_L514,2024,825.0,785.5005252777806
EfficientNet-B0,efficientnet_b0,Image Trajectory ExtraTrees,7,C0007,2024_L515,2024,102.5,785.5005252777806
EfficientNet-B0,efficientnet_b0,Image Trajectory ExtraTrees,7,C0007,2024_L516,2024,252.5,785.5005252777806
EfficientNet-B0,efficientnet_b0,Image Trajectory ExtraTrees,7,C0007,2024_L524,2024,283.125,785.5005252777806
EfficientNet-B0,efficientnet_b0,Image Trajectory ExtraTrees,7,C0007,2024_L525,2024,738.1,785.5005252777806
EfficientNet-B0,efficientnet_b0,Image Trajectory ExtraTrees,7,C0007,2024_L526,2024,778.8,785.5005252777806
EfficientNet-B0,efficientnet_b0,Image Trajectory ExtraTrees,7,C0007,2024_L614,2024,360.5,785.5005252777806
EfficientNet-B0,efficientnet_b0,Image Trajectory ExtraTrees,7,C0007,2024_L615,2024,466.5,785.5005252777806
EfficientNet-B0,efficientnet_b0,Image Trajectory ExtraTrees,7,C0007,2024_L616,2024,180.75,785.5005252777806
EfficientNet-B0,efficientnet_b0,Image Trajectory ExtraTrees,7,C0007,2024_L624,2024,565.25,785.5005252777806
EfficientNet-B0,efficientnet_b0,Image Trajectory ExtraTrees,7,C0007,2024_L625,2024,563.76,785.5005252777806
EfficientNet-B0,efficientnet_b0,Image Trajectory ExtraTrees,7,C0007,2024_L626,2024,1144.48,785.5005252777806
EfficientNet-B0,efficientnet_b0,Full CMGT,7,C0007,2024_L514,2024,825.0,588.3503862832841
EfficientNet-B0,efficientnet_b0,Full CMGT,7,C0007,2024_L515,2024,102.5,530.7375798402206
EfficientNet-B0,efficientnet_b0,Full CMGT,7,C0007,2024_L516,2024,252.5,644.3487830598433
EfficientNet-B0,efficientnet_b0,Full CMGT,7,C0007,2024_L524,2024,283.125,580.580219582405
EfficientNet-B0,efficientnet_b0,Full CMGT,7,C0007,2024_L525,2024,738.1,684.6042579485855
EfficientNet-B0,efficientnet_b0,Full CMGT,7,C0007,2024_L526,2024,778.8,600.6120302082722
EfficientNet-B0,efficientnet_b0,Full CMGT,7,C0007,2024_L614,2024,360.5,645.0983489959315
EfficientNet-B0,efficientnet_b0,Full CMGT,7,C0007,2024_L615,2024,466.5,558.8041757140294
EfficientNet-B0,efficientnet_b0,Full CMGT,7,C0007,2024_L616,2024,180.75,713.2149642305565
EfficientNet-B0,efficientnet_b0,Full CMGT,7,C0007,2024_L624,2024,565.25,683.9596623031691
EfficientNet-B0,efficientnet_b0,Full CMGT,7,C0007,2024_L625,2024,563.76,720.1386646631133
EfficientNet-B0,efficientnet_b0,Full CMGT,7,C0007,2024_L626,2024,1144.48,477.9923617324192
EfficientNet-B0,efficientnet_b0,Static Image ExtraTrees,8,C0008,2024_R114,2024,819.65,1062.1052599145323
EfficientNet-B0,efficientnet_b0,Static Image ExtraTrees,8,C0008,2024_R115,2024,648.75,1062.1052599145323
EfficientNet-B0,efficientnet_b0,Static Image ExtraTrees,8,C0008,2024_R116,2024,553.35,1062.1052599145323
EfficientNet-B0,efficientnet_b0,Static Image ExtraTrees,8,C0008,2024_R124,2024,523.6,1062.1052599145323
EfficientNet-B0,efficientnet_b0,Static Image ExtraTrees,8,C0008,2024_R125,2024,784.08,1062.1052599145323
EfficientNet-B0,efficientnet_b0,Static Image ExtraTrees,8,C0008,2024_R126,2024,653.1,1062.1052599145323
EfficientNet-B0,efficientnet_b0,Static Image ExtraTrees,8,C0008,2024_R217,2024,847.9,1062.1052599145323
EfficientNet-B0,efficientnet_b0,Static Image ExtraTrees,8,C0008,2024_R218,2024,390.85,1062.1052599145323
EfficientNet-B0,efficientnet_b0,Static Image ExtraTrees,8,C0008,2024_R219,2024,125.4,1062.1052599145323
EfficientNet-B0,efficientnet_b0,Static Image ExtraTrees,8,C0008,2024_R227,2024,618.45,1062.1052599145323
EfficientNet-B0,efficientnet_b0,Static Image ExtraTrees,8,C0008,2024_R228,2024,462.77,1062.1052599145323
EfficientNet-B0,efficientnet_b0,Static Image ExtraTrees,8,C0008,2024_R229,2024,476.055,1062.1052599145323
EfficientNet-B0,efficientnet_b0,Image Trajectory ExtraTrees,8,C0008,2024_R114,2024,819.65,1061.7524030555603
EfficientNet-B0,efficientnet_b0,Image Trajectory ExtraTrees,8,C0008,2024_R115,2024,648.75,1061.7524030555603
EfficientNet-B0,efficientnet_b0,Image Trajectory ExtraTrees,8,C0008,2024_R116,2024,553.35,1061.7524030555603
EfficientNet-B0,efficientnet_b0,Image Trajectory ExtraTrees,8,C0008,2024_R124,2024,523.6,1061.7524030555603
EfficientNet-B0,efficientnet_b0,Image Trajectory ExtraTrees,8,C0008,2024_R125,2024,784.08,1061.7524030555603
EfficientNet-B0,efficientnet_b0,Image Trajectory ExtraTrees,8,C0008,2024_R126,2024,653.1,1061.7524030555603
EfficientNet-B0,efficientnet_b0,Image Trajectory ExtraTrees,8,C0008,2024_R217,2024,847.9,1061.7524030555603
EfficientNet-B0,efficientnet_b0,Image Trajectory ExtraTrees,8,C0008,2024_R218,2024,390.85,1061.7524030555603
EfficientNet-B0,efficientnet_b0,Image Trajectory ExtraTrees,8,C0008,2024_R219,2024,125.4,1061.7524030555603
EfficientNet-B0,efficientnet_b0,Image Trajectory ExtraTrees,8,C0008,2024_R227,2024,618.45,1061.7524030555603
EfficientNet-B0,efficientnet_b0,Image Trajectory ExtraTrees,8,C0008,2024_R228,2024,462.77,1061.7524030555603
EfficientNet-B0,efficientnet_b0,Image Trajectory ExtraTrees,8,C0008,2024_R229,2024,476.055,1061.7524030555603
EfficientNet-B0,efficientnet_b0,Full CMGT,8,C0008,2024_R114,2024,819.65,640.1053706149747
EfficientNet-B0,efficientnet_b0,Full CMGT,8,C0008,2024_R115,2024,648.75,704.9154373877151
EfficientNet-B0,efficientnet_b0,Full CMGT,8,C0008,2024_R116,2024,553.35,631.6924341369815
EfficientNet-B0,efficientnet_b0,Full CMGT,8,C0008,2024_R124,2024,523.6,552.3448298374228
EfficientNet-B0,efficientnet_b0,Full CMGT,8,C0008,2024_R125,2024,784.08,629.806797993987
EfficientNet-B0,efficientnet_b0,Full CMGT,8,C0008,2024_R126,2024,653.1,621.4518853907142
EfficientNet-B0,efficientnet_b0,Full CMGT,8,C0008,2024_R217,2024,847.9,542.8656855483305
EfficientNet-B0,efficientnet_b0,Full CMGT,8,C0008,2024_R218,2024,390.85,662.1267300595531
EfficientNet-B0,efficientnet_b0,Full CMGT,8,C0008,2024_R219,2024,125.4,673.355079539412
EfficientNet-B0,efficientnet_b0,Full CMGT,8,C0008,2024_R227,2024,618.45,723.1329922419949
EfficientNet-B0,efficientnet_b0,Full CMGT,8,C0008,2024_R228,2024,462.77,611.7423650367592
EfficientNet-B0,efficientnet_b0,Full CMGT,8,C0008,2024_R229,2024,476.055,693.2709049555485
EfficientNet-B0,efficientnet_b0,Static Image ExtraTrees,9,C0009,2024_R2110,2024,491.25,851.6548141880385
EfficientNet-B0,efficientnet_b0,Static Image ExtraTrees,9,C0009,2024_R2111,2024,973.5,851.6548141880385
EfficientNet-B0,efficientnet_b0,Static Image ExtraTrees,9,C0009,2024_R2112,2024,765.0,851.6548141880385
EfficientNet-B0,efficientnet_b0,Static Image ExtraTrees,9,C0009,2024_R2210,2024,322.16,851.6548141880385
EfficientNet-B0,efficientnet_b0,Static Image ExtraTrees,9,C0009,2024_R2211,2024,620.36,851.6548141880385
EfficientNet-B0,efficientnet_b0,Static Image ExtraTrees,9,C0009,2024_R2212,2024,649.35,851.6548141880385
EfficientNet-B0,efficientnet_b0,Static Image ExtraTrees,9,C0009,2024_R314,2024,112.5,851.6548141880385
EfficientNet-B0,efficientnet_b0,Static Image ExtraTrees,9,C0009,2024_R315,2024,530.0,851.6548141880385
EfficientNet-B0,efficientnet_b0,Static Image ExtraTrees,9,C0009,2024_R316,2024,366.65,851.6548141880385
EfficientNet-B0,efficientnet_b0,Static Image ExtraTrees,9,C0009,2024_R324,2024,373.8,851.6548141880385
EfficientNet-B0,efficientnet_b0,Static Image ExtraTrees,9,C0009,2024_R325,2024,812.165,851.6548141880385
EfficientNet-B0,efficientnet_b0,Static Image ExtraTrees,9,C0009,2024_R326,2024,588.03,851.6548141880385
EfficientNet-B0,efficientnet_b0,Image Trajectory ExtraTrees,9,C0009,2024_R2110,2024,491.25,889.0484827777805
EfficientNet-B0,efficientnet_b0,Image Trajectory ExtraTrees,9,C0009,2024_R2111,2024,973.5,889.0484827777805
EfficientNet-B0,efficientnet_b0,Image Trajectory ExtraTrees,9,C0009,2024_R2112,2024,765.0,889.0484827777805
EfficientNet-B0,efficientnet_b0,Image Trajectory ExtraTrees,9,C0009,2024_R2210,2024,322.16,889.0484827777805
EfficientNet-B0,efficientnet_b0,Image Trajectory ExtraTrees,9,C0009,2024_R2211,2024,620.36,889.0484827777805
EfficientNet-B0,efficientnet_b0,Image Trajectory ExtraTrees,9,C0009,2024_R2212,2024,649.35,889.0484827777805
EfficientNet-B0,efficientnet_b0,Image Trajectory ExtraTrees,9,C0009,2024_R314,2024,112.5,889.0484827777805
EfficientNet-B0,efficientnet_b0,Image Trajectory ExtraTrees,9,C0009,2024_R315,2024,530.0,889.0484827777805
EfficientNet-B0,efficientnet_b0,Image Trajectory ExtraTrees,9,C0009,2024_R316,2024,366.65,889.0484827777805
EfficientNet-B0,efficientnet_b0,Image Trajectory ExtraTrees,9,C0009,2024_R324,2024,373.8,889.0484827777805
EfficientNet-B0,efficientnet_b0,Image Trajectory ExtraTrees,9,C0009,2024_R325,2024,812.165,889.0484827777805
EfficientNet-B0,efficientnet_b0,Image Trajectory ExtraTrees,9,C0009,2024_R326,2024,588.03,889.0484827777805
EfficientNet-B0,efficientnet_b0,Full CMGT,9,C0009,2024_R2110,2024,491.25,498.0862185010908
EfficientNet-B0,efficientnet_b0,Full CMGT,9,C0009,2024_R2111,2024,973.5,672.9955293946198
EfficientNet-B0,efficientnet_b0,Full CMGT,9,C0009,2024_R2112,2024,765.0,433.3649990135608
EfficientNet-B0,efficientnet_b0,Full CMGT,9,C0009,2024_R2210,2024,322.16,446.5204202497375
EfficientNet-B0,efficientnet_b0,Full CMGT,9,C0009,2024_R2211,2024,620.36,434.2744229007721
EfficientNet-B0,efficientnet_b0,Full CMGT,9,C0009,2024_R2212,2024,649.35,517.7416959312761
EfficientNet-B0,efficientnet_b0,Full CMGT,9,C0009,2024_R314,2024,112.5,463.88752278427216
EfficientNet-B0,efficientnet_b0,Full CMGT,9,C0009,2024_R315,2024,530.0,558.8045964264953
EfficientNet-B0,efficientnet_b0,Full CMGT,9,C0009,2024_R316,2024,366.65,620.5232508735647
EfficientNet-B0,efficientnet_b0,Full CMGT,9,C0009,2024_R324,2024,373.8,550.6412473905386
EfficientNet-B0,efficientnet_b0,Full CMGT,9,C0009,2024_R325,2024,812.165,471.5398810014643
EfficientNet-B0,efficientnet_b0,Full CMGT,9,C0009,2024_R326,2024,588.03,709.1880492633502
EfficientNet-B0,efficientnet_b0,Static Image ExtraTrees,10,C0010,2024_R517,2024,892.5,926.2139247222249
EfficientNet-B0,efficientnet_b0,Static Image ExtraTrees,10,C0010,2024_R518,2024,393.75,926.2139247222249
EfficientNet-B0,efficientnet_b0,Static Image ExtraTrees,10,C0010,2024_R519,2024,565.0,926.2139247222249
EfficientNet-B0,efficientnet_b0,Static Image ExtraTrees,10,C0010,2024_R527,2024,487.49,926.2139247222249
EfficientNet-B0,efficientnet_b0,Static Image ExtraTrees,10,C0010,2024_R528,2024,926.52,926.2139247222249
EfficientNet-B0,efficientnet_b0,Static Image ExtraTrees,10,C0010,2024_R529,2024,630.41,926.2139247222249
EfficientNet-B0,efficientnet_b0,Static Image ExtraTrees,10,C0010,2024_R617,2024,1021.25,926.2139247222249
EfficientNet-B0,efficientnet_b0,Static Image ExtraTrees,10,C0010,2024_R618,2024,1031.25,926.2139247222249
EfficientNet-B0,efficientnet_b0,Static Image ExtraTrees,10,C0010,2024_R619,2024,75.0,926.2139247222249
EfficientNet-B0,efficientnet_b0,Static Image ExtraTrees,10,C0010,2024_R627,2024,613.97,926.2139247222249
EfficientNet-B0,efficientnet_b0,Static Image ExtraTrees,10,C0010,2024_R628,2024,469.8,926.2139247222249
EfficientNet-B0,efficientnet_b0,Static Image ExtraTrees,10,C0010,2024_R629,2024,710.08,926.2139247222249
EfficientNet-B0,efficientnet_b0,Image Trajectory ExtraTrees,10,C0010,2024_R517,2024,892.5,893.850213888892
EfficientNet-B0,efficientnet_b0,Image Trajectory ExtraTrees,10,C0010,2024_R518,2024,393.75,893.850213888892
EfficientNet-B0,efficientnet_b0,Image Trajectory ExtraTrees,10,C0010,2024_R519,2024,565.0,893.850213888892
EfficientNet-B0,efficientnet_b0,Image Trajectory ExtraTrees,10,C0010,2024_R527,2024,487.49,893.850213888892
EfficientNet-B0,efficientnet_b0,Image Trajectory ExtraTrees,10,C0010,2024_R528,2024,926.52,893.850213888892
EfficientNet-B0,efficientnet_b0,Image Trajectory ExtraTrees,10,C0010,2024_R529,2024,630.41,893.850213888892
EfficientNet-B0,efficientnet_b0,Image Trajectory ExtraTrees,10,C0010,2024_R617,2024,1021.25,893.850213888892
EfficientNet-B0,efficientnet_b0,Image Trajectory ExtraTrees,10,C0010,2024_R618,2024,1031.25,893.850213888892
EfficientNet-B0,efficientnet_b0,Image Trajectory ExtraTrees,10,C0010,2024_R619,2024,75.0,893.850213888892
EfficientNet-B0,efficientnet_b0,Image Trajectory ExtraTrees,10,C0010,2024_R627,2024,613.97,893.850213888892
EfficientNet-B0,efficientnet_b0,Image Trajectory ExtraTrees,10,C0010,2024_R628,2024,469.8,893.850213888892
EfficientNet-B0,efficientnet_b0,Image Trajectory ExtraTrees,10,C0010,2024_R629,2024,710.08,893.850213888892
EfficientNet-B0,efficientnet_b0,Full CMGT,10,C0010,2024_R517,2024,892.5,562.8634109314064
EfficientNet-B0,efficientnet_b0,Full CMGT,10,C0010,2024_R518,2024,393.75,505.83106726961773
EfficientNet-B0,efficientnet_b0,Full CMGT,10,C0010,2024_R519,2024,565.0,466.05391243776995
EfficientNet-B0,efficientnet_b0,Full CMGT,10,C0010,2024_R527,2024,487.49,650.0263549430234
EfficientNet-B0,efficientnet_b0,Full CMGT,10,C0010,2024_R528,2024,926.52,611.3337550806991
EfficientNet-B0,efficientnet_b0,Full CMGT,10,C0010,2024_R529,2024,630.41,622.9726176807943
EfficientNet-B0,efficientnet_b0,Full CMGT,10,C0010,2024_R617,2024,1021.25,585.7428894427371
EfficientNet-B0,efficientnet_b0,Full CMGT,10,C0010,2024_R618,2024,1031.25,596.3743553688515
EfficientNet-B0,efficientnet_b0,Full CMGT,10,C0010,2024_R619,2024,75.0,538.1697793906217
EfficientNet-B0,efficientnet_b0,Full CMGT,10,C0010,2024_R627,2024,613.97,563.6210715786277
EfficientNet-B0,efficientnet_b0,Full CMGT,10,C0010,2024_R628,2024,469.8,759.4176195953244
EfficientNet-B0,efficientnet_b0,Full CMGT,10,C0010,2024_R629,2024,710.08,605.8244020260111
EfficientNet-B0,efficientnet_b0,Static Image ExtraTrees,11,C0011,2025_CK11,2025,420.0,807.5639028174601
EfficientNet-B0,efficientnet_b0,Static Image ExtraTrees,11,C0011,2025_CK12,2025,333.3,807.5639028174601
EfficientNet-B0,efficientnet_b0,Static Image ExtraTrees,11,C0011,2025_CK13,2025,350.0,807.5639028174601
EfficientNet-B0,efficientnet_b0,Static Image ExtraTrees,11,C0011,2025_CK21,2025,1412.4,807.5639028174601
EfficientNet-B0,efficientnet_b0,Static Image ExtraTrees,11,C0011,2025_CK22,2025,1438.2,807.5639028174601
EfficientNet-B0,efficientnet_b0,Static Image ExtraTrees,11,C0011,2025_CK23,2025,1649.1,807.5639028174601
EfficientNet-B0,efficientnet_b0,Static Image ExtraTrees,11,C0011,2025_L411,2025,1621.8,807.5639028174601
EfficientNet-B0,efficientnet_b0,Static Image ExtraTrees,11,C0011,2025_L412,2025,15.0,807.5639028174601
EfficientNet-B0,efficientnet_b0,Static Image ExtraTrees,11,C0011,2025_L413,2025,2125.0,807.5639028174601
EfficientNet-B0,efficientnet_b0,Static Image ExtraTrees,11,C0011,2025_L421,2025,1841.28,807.5639028174601
EfficientNet-B0,efficientnet_b0,Static Image ExtraTrees,11,C0011,2025_L422,2025,1594.54,807.5639028174601
EfficientNet-B0,efficientnet_b0,Static Image ExtraTrees,11,C0011,2025_L423,2025,1519.38,807.5639028174601
EfficientNet-B0,efficientnet_b0,Image Trajectory ExtraTrees,11,C0011,2025_CK11,2025,420.0,1006.4841163888915
EfficientNet-B0,efficientnet_b0,Image Trajectory ExtraTrees,11,C0011,2025_CK12,2025,333.3,1006.4841163888915
EfficientNet-B0,efficientnet_b0,Image Trajectory ExtraTrees,11,C0011,2025_CK13,2025,350.0,1006.4841163888915
EfficientNet-B0,efficientnet_b0,Image Trajectory ExtraTrees,11,C0011,2025_CK21,2025,1412.4,1006.4841163888915
EfficientNet-B0,efficientnet_b0,Image Trajectory ExtraTrees,11,C0011,2025_CK22,2025,1438.2,1006.4841163888915
EfficientNet-B0,efficientnet_b0,Image Trajectory ExtraTrees,11,C0011,2025_CK23,2025,1649.1,1006.4841163888915
EfficientNet-B0,efficientnet_b0,Image Trajectory ExtraTrees,11,C0011,2025_L411,2025,1621.8,1006.4841163888915
EfficientNet-B0,efficientnet_b0,Image Trajectory ExtraTrees,11,C0011,2025_L412,2025,15.0,1006.4841163888915
EfficientNet-B0,efficientnet_b0,Image Trajectory ExtraTrees,11,C0011,2025_L413,2025,2125.0,1006.4841163888915
EfficientNet-B0,efficientnet_b0,Image Trajectory ExtraTrees,11,C0011,2025_L421,2025,1841.28,1006.4841163888915
EfficientNet-B0,efficientnet_b0,Image Trajectory ExtraTrees,11,C0011,2025_L422,2025,1594.54,1006.4841163888915
EfficientNet-B0,efficientnet_b0,Image Trajectory ExtraTrees,11,C0011,2025_L423,2025,1519.38,1006.4841163888915
EfficientNet-B0,efficientnet_b0,Full CMGT,11,C0011,2025_CK11,2025,420.0,902.7870209863568
EfficientNet-B0,efficientnet_b0,Full CMGT,11,C0011,2025_CK12,2025,333.3,1090.812991736274
EfficientNet-B0,efficientnet_b0,Full CMGT,11,C0011,2025_CK13,2025,350.0,1175.8875052490791
EfficientNet-B0,efficientnet_b0,Full CMGT,11,C0011,2025_CK21,2025,1412.4,1197.007378395124
EfficientNet-B0,efficientnet_b0,Full CMGT,11,C0011,2025_CK22,2025,1438.2,1233.4458542847315
EfficientNet-B0,efficientnet_b0,Full CMGT,11,C0011,2025_CK23,2025,1649.1,1189.4277400015696
EfficientNet-B0,efficientnet_b0,Full CMGT,11,C0011,2025_L411,2025,1621.8,993.9443341739207
EfficientNet-B0,efficientnet_b0,Full CMGT,11,C0011,2025_L412,2025,15.0,750.3450054250183
EfficientNet-B0,efficientnet_b0,Full CMGT,11,C0011,2025_L413,2025,2125.0,949.533879410367
EfficientNet-B0,efficientnet_b0,Full CMGT,11,C0011,2025_L421,2025,1841.28,941.8918319354539
EfficientNet-B0,efficientnet_b0,Full CMGT,11,C0011,2025_L422,2025,1594.54,1018.1580909304533
EfficientNet-B0,efficientnet_b0,Full CMGT,11,C0011,2025_L423,2025,1519.38,1183.556472023091
EfficientNet-B0,efficientnet_b0,Static Image ExtraTrees,12,C0012,2025_CK24,2025,1226.05,1510.8000000000086
EfficientNet-B0,efficientnet_b0,Image Trajectory ExtraTrees,12,C0012,2025_CK24,2025,1226.05,1510.4656000000086
EfficientNet-B0,efficientnet_b0,Full CMGT,12,C0012,2025_CK24,2025,1226.05,1359.3942515952913
EfficientNet-B0,efficientnet_b0,Static Image ExtraTrees,13,C0013,2025_CK25,2025,1358.76,1444.4449999999902
EfficientNet-B0,efficientnet_b0,Image Trajectory ExtraTrees,13,C0013,2025_CK25,2025,1358.76,1444.4449999999902
EfficientNet-B0,efficientnet_b0,Full CMGT,13,C0013,2025_CK25,2025,1358.76,1306.780354346709
EfficientNet-B0,efficientnet_b0,Static Image ExtraTrees,14,C0014,2025_CK26,2025,1662.84,1292.3833966666828
EfficientNet-B0,efficientnet_b0,Image Trajectory ExtraTrees,14,C0014,2025_CK26,2025,1662.84,1292.3833966666828
EfficientNet-B0,efficientnet_b0,Full CMGT,14,C0014,2025_CK26,2025,1662.84,1226.0488674530484
EfficientNet-B0,efficientnet_b0,Static Image ExtraTrees,15,C0015,2025_L111,2025,1081.7,994.6353638888884
EfficientNet-B0,efficientnet_b0,Static Image ExtraTrees,15,C0015,2025_L112,2025,160.0,994.6353638888884
EfficientNet-B0,efficientnet_b0,Static Image ExtraTrees,15,C0015,2025_L113,2025,0.0,994.6353638888884
EfficientNet-B0,efficientnet_b0,Static Image ExtraTrees,15,C0015,2025_L121,2025,1367.3,994.6353638888884
EfficientNet-B0,efficientnet_b0,Static Image ExtraTrees,15,C0015,2025_L122,2025,1323.0,994.6353638888884
EfficientNet-B0,efficientnet_b0,Static Image ExtraTrees,15,C0015,2025_L123,2025,1340.64,994.6353638888884
EfficientNet-B0,efficientnet_b0,Static Image ExtraTrees,15,C0015,2025_L211,2025,758.6,994.6353638888884
EfficientNet-B0,efficientnet_b0,Static Image ExtraTrees,15,C0015,2025_L212,2025,458.3,994.6353638888884
EfficientNet-B0,efficientnet_b0,Static Image ExtraTrees,15,C0015,2025_L213,2025,110.0,994.6353638888884
EfficientNet-B0,efficientnet_b0,Static Image ExtraTrees,15,C0015,2025_L221,2025,1403.36,994.6353638888884
EfficientNet-B0,efficientnet_b0,Static Image ExtraTrees,15,C0015,2025_L222,2025,1425.6,994.6353638888884
EfficientNet-B0,efficientnet_b0,Static Image ExtraTrees,15,C0015,2025_L223,2025,1546.96,994.6353638888884
EfficientNet-B0,efficientnet_b0,Image Trajectory ExtraTrees,15,C0015,2025_L111,2025,1081.7,899.0286083333352
EfficientNet-B0,efficientnet_b0,Image Trajectory ExtraTrees,15,C0015,2025_L112,2025,160.0,899.0286083333352
EfficientNet-B0,efficientnet_b0,Image Trajectory ExtraTrees,15,C0015,2025_L113,2025,0.0,899.0286083333352
EfficientNet-B0,efficientnet_b0,Image Trajectory ExtraTrees,15,C0015,2025_L121,2025,1367.3,899.0286083333352
EfficientNet-B0,efficientnet_b0,Image Trajectory ExtraTrees,15,C0015,2025_L122,2025,1323.0,899.0286083333352
EfficientNet-B0,efficientnet_b0,Image Trajectory ExtraTrees,15,C0015,2025_L123,2025,1340.64,899.0286083333352
EfficientNet-B0,efficientnet_b0,Image Trajectory ExtraTrees,15,C0015,2025_L211,2025,758.6,899.0286083333352
EfficientNet-B0,efficientnet_b0,Image Trajectory ExtraTrees,15,C0015,2025_L212,2025,458.3,899.0286083333352
EfficientNet-B0,efficientnet_b0,Image Trajectory ExtraTrees,15,C0015,2025_L213,2025,110.0,899.0286083333352
EfficientNet-B0,efficientnet_b0,Image Trajectory ExtraTrees,15,C0015,2025_L221,2025,1403.36,899.0286083333352
EfficientNet-B0,efficientnet_b0,Image Trajectory ExtraTrees,15,C0015,2025_L222,2025,1425.6,899.0286083333352
EfficientNet-B0,efficientnet_b0,Image Trajectory ExtraTrees,15,C0015,2025_L223,2025,1546.96,899.0286083333352
EfficientNet-B0,efficientnet_b0,Full CMGT,15,C0015,2025_L111,2025,1081.7,703.883406673801
EfficientNet-B0,efficientnet_b0,Full CMGT,15,C0015,2025_L112,2025,160.0,813.7551117333196
EfficientNet-B0,efficientnet_b0,Full CMGT,15,C0015,2025_L113,2025,0.0,1019.210328167027
EfficientNet-B0,efficientnet_b0,Full CMGT,15,C0015,2025_L121,2025,1367.3,897.7360052212324
EfficientNet-B0,efficientnet_b0,Full CMGT,15,C0015,2025_L122,2025,1323.0,1258.0239519404406
EfficientNet-B0,efficientnet_b0,Full CMGT,15,C0015,2025_L123,2025,1340.64,1242.382810137276
EfficientNet-B0,efficientnet_b0,Full CMGT,15,C0015,2025_L211,2025,758.6,989.2617276249675
EfficientNet-B0,efficientnet_b0,Full CMGT,15,C0015,2025_L212,2025,458.3,861.119825713806
EfficientNet-B0,efficientnet_b0,Full CMGT,15,C0015,2025_L213,2025,110.0,1327.3572996033906
EfficientNet-B0,efficientnet_b0,Full CMGT,15,C0015,2025_L221,2025,1403.36,1074.51355638891
EfficientNet-B0,efficientnet_b0,Full CMGT,15,C0015,2025_L222,2025,1425.6,1213.9322275013312
EfficientNet-B0,efficientnet_b0,Full CMGT,15,C0015,2025_L223,2025,1546.96,1161.6977732017128
EfficientNet-B0,efficientnet_b0,Static Image ExtraTrees,16,C0016,2025_L214,2025,562.5,828.1798855555558
EfficientNet-B0,efficientnet_b0,Static Image ExtraTrees,16,C0016,2025_L215,2025,899.999999999999,828.1798855555558
EfficientNet-B0,efficientnet_b0,Static Image ExtraTrees,16,C0016,2025_L216,2025,633.3,828.1798855555558
EfficientNet-B0,efficientnet_b0,Static Image ExtraTrees,16,C0016,2025_L224,2025,1048.6,828.1798855555558
EfficientNet-B0,efficientnet_b0,Static Image ExtraTrees,16,C0016,2025_L225,2025,1122.0,828.1798855555558
EfficientNet-B0,efficientnet_b0,Static Image ExtraTrees,16,C0016,2025_L226,2025,1374.25,828.1798855555558
EfficientNet-B0,efficientnet_b0,Static Image ExtraTrees,16,C0016,2025_L311,2025,410.0,828.1798855555558
EfficientNet-B0,efficientnet_b0,Static Image ExtraTrees,16,C0016,2025_L312,2025,100.0,828.1798855555558
EfficientNet-B0,efficientnet_b0,Static Image ExtraTrees,16,C0016,2025_L313,2025,840.0,828.1798855555558
EfficientNet-B0,efficientnet_b0,Static Image ExtraTrees,16,C0016,2025_L321,2025,1447.16,828.1798855555558
EfficientNet-B0,efficientnet_b0,Static Image ExtraTrees,16,C0016,2025_L322,2025,1370.88,828.1798855555558
EfficientNet-B0,efficientnet_b0,Static Image ExtraTrees,16,C0016,2025_L323,2025,1288.0,828.1798855555558
EfficientNet-B0,efficientnet_b0,Image Trajectory ExtraTrees,16,C0016,2025_L214,2025,562.5,900.7409822222216
EfficientNet-B0,efficientnet_b0,Image Trajectory ExtraTrees,16,C0016,2025_L215,2025,899.999999999999,900.7409822222216
EfficientNet-B0,efficientnet_b0,Image Trajectory ExtraTrees,16,C0016,2025_L216,2025,633.3,900.7409822222216
EfficientNet-B0,efficientnet_b0,Image Trajectory ExtraTrees,16,C0016,2025_L224,2025,1048.6,900.7409822222216
EfficientNet-B0,efficientnet_b0,Image Trajectory ExtraTrees,16,C0016,2025_L225,2025,1122.0,900.7409822222216
EfficientNet-B0,efficientnet_b0,Image Trajectory ExtraTrees,16,C0016,2025_L226,2025,1374.25,900.7409822222216
EfficientNet-B0,efficientnet_b0,Image Trajectory ExtraTrees,16,C0016,2025_L311,2025,410.0,900.7409822222216
EfficientNet-B0,efficientnet_b0,Image Trajectory ExtraTrees,16,C0016,2025_L312,2025,100.0,900.7409822222216
EfficientNet-B0,efficientnet_b0,Image Trajectory ExtraTrees,16,C0016,2025_L313,2025,840.0,900.7409822222216
EfficientNet-B0,efficientnet_b0,Image Trajectory ExtraTrees,16,C0016,2025_L321,2025,1447.16,900.7409822222216
EfficientNet-B0,efficientnet_b0,Image Trajectory ExtraTrees,16,C0016,2025_L322,2025,1370.88,900.7409822222216
EfficientNet-B0,efficientnet_b0,Image Trajectory ExtraTrees,16,C0016,2025_L323,2025,1288.0,900.7409822222216
EfficientNet-B0,efficientnet_b0,Full CMGT,16,C0016,2025_L214,2025,562.5,840.9968937141473
EfficientNet-B0,efficientnet_b0,Full CMGT,16,C0016,2025_L215,2025,899.999999999999,931.5741676504597
EfficientNet-B0,efficientnet_b0,Full CMGT,16,C0016,2025_L216,2025,633.3,946.3506778269259
EfficientNet-B0,efficientnet_b0,Full CMGT,16,C0016,2025_L224,2025,1048.6,665.2625395926825
EfficientNet-B0,efficientnet_b0,Full CMGT,16,C0016,2025_L225,2025,1122.0,766.6920034364448
EfficientNet-B0,efficientnet_b0,Full CMGT,16,C0016,2025_L226,2025,1374.25,1087.313006792004
EfficientNet-B0,efficientnet_b0,Full CMGT,16,C0016,2025_L311,2025,410.0,1108.3030405569268
EfficientNet-B0,efficientnet_b0,Full CMGT,16,C0016,2025_L312,2025,100.0,752.0338981612156
EfficientNet-B0,efficientnet_b0,Full CMGT,16,C0016,2025_L313,2025,840.0,945.3772995882299
EfficientNet-B0,efficientnet_b0,Full CMGT,16,C0016,2025_L321,2025,1447.16,1299.0932796962657
EfficientNet-B0,efficientnet_b0,Full CMGT,16,C0016,2025_L322,2025,1370.88,1082.8070263107027
EfficientNet-B0,efficientnet_b0,Full CMGT,16,C0016,2025_L323,2025,1288.0,939.3674266994434
EfficientNet-B0,efficientnet_b0,Static Image ExtraTrees,17,C0017,2025_L511,2025,300.0,1019.5997600000034
EfficientNet-B0,efficientnet_b0,Static Image ExtraTrees,17,C0017,2025_L512,2025,1150.0,1019.5997600000034
EfficientNet-B0,efficientnet_b0,Static Image ExtraTrees,17,C0017,2025_L513,2025,1292.5,1019.5997600000034
EfficientNet-B0,efficientnet_b0,Static Image ExtraTrees,17,C0017,2025_L521,2025,1286.2,1019.5997600000034
EfficientNet-B0,efficientnet_b0,Static Image ExtraTrees,17,C0017,2025_L522,2025,1462.86,1019.5997600000034
EfficientNet-B0,efficientnet_b0,Static Image ExtraTrees,17,C0017,2025_L523,2025,1384.32,1019.5997600000034
EfficientNet-B0,efficientnet_b0,Static Image ExtraTrees,17,C0017,2025_L611,2025,800.0,1019.5997600000034
EfficientNet-B0,efficientnet_b0,Static Image ExtraTrees,17,C0017,2025_L612,2025,666.6,1019.5997600000034
EfficientNet-B0,efficientnet_b0,Static Image ExtraTrees,17,C0017,2025_L613,2025,650.7,1019.5997600000034
EfficientNet-B0,efficientnet_b0,Static Image ExtraTrees,17,C0017,2025_L621,2025,1220.4,1019.5997600000034
EfficientNet-B0,efficientnet_b0,Static Image ExtraTrees,17,C0017,2025_L622,2025,535.5,1019.5997600000034
EfficientNet-B0,efficientnet_b0,Static Image ExtraTrees,17,C0017,2025_L623,2025,964.32,1019.5997600000034
EfficientNet-B0,efficientnet_b0,Image Trajectory ExtraTrees,17,C0017,2025_L511,2025,300.0,874.5683252777777
EfficientNet-B0,efficientnet_b0,Image Trajectory ExtraTrees,17,C0017,2025_L512,2025,1150.0,874.5683252777777
EfficientNet-B0,efficientnet_b0,Image Trajectory ExtraTrees,17,C0017,2025_L513,2025,1292.5,874.5683252777777
EfficientNet-B0,efficientnet_b0,Image Trajectory ExtraTrees,17,C0017,2025_L521,2025,1286.2,874.5683252777777
EfficientNet-B0,efficientnet_b0,Image Trajectory ExtraTrees,17,C0017,2025_L522,2025,1462.86,874.5683252777777
EfficientNet-B0,efficientnet_b0,Image Trajectory ExtraTrees,17,C0017,2025_L523,2025,1384.32,874.5683252777777
EfficientNet-B0,efficientnet_b0,Image Trajectory ExtraTrees,17,C0017,2025_L611,2025,800.0,874.5683252777777
EfficientNet-B0,efficientnet_b0,Image Trajectory ExtraTrees,17,C0017,2025_L612,2025,666.6,874.5683252777777
EfficientNet-B0,efficientnet_b0,Image Trajectory ExtraTrees,17,C0017,2025_L613,2025,650.7,874.5683252777777
EfficientNet-B0,efficientnet_b0,Image Trajectory ExtraTrees,17,C0017,2025_L621,2025,1220.4,874.5683252777777
EfficientNet-B0,efficientnet_b0,Image Trajectory ExtraTrees,17,C0017,2025_L622,2025,535.5,874.5683252777777
EfficientNet-B0,efficientnet_b0,Image Trajectory ExtraTrees,17,C0017,2025_L623,2025,964.32,874.5683252777777
EfficientNet-B0,efficientnet_b0,Full CMGT,17,C0017,2025_L511,2025,300.0,924.0298136610842
EfficientNet-B0,efficientnet_b0,Full CMGT,17,C0017,2025_L512,2025,1150.0,1126.49051457004
EfficientNet-B0,efficientnet_b0,Full CMGT,17,C0017,2025_L513,2025,1292.5,859.2514215193768
EfficientNet-B0,efficientnet_b0,Full CMGT,17,C0017,2025_L521,2025,1286.2,924.6249015331829
EfficientNet-B0,efficientnet_b0,Full CMGT,17,C0017,2025_L522,2025,1462.86,1084.5025926597023
EfficientNet-B0,efficientnet_b0,Full CMGT,17,C0017,2025_L523,2025,1384.32,981.0755338011666
EfficientNet-B0,efficientnet_b0,Full CMGT,17,C0017,2025_L611,2025,800.0,993.3415391900704
EfficientNet-B0,efficientnet_b0,Full CMGT,17,C0017,2025_L612,2025,666.6,950.4646707525626
EfficientNet-B0,efficientnet_b0,Full CMGT,17,C0017,2025_L613,2025,650.7,817.5923644787579
EfficientNet-B0,efficientnet_b0,Full CMGT,17,C0017,2025_L621,2025,1220.4,1198.584761256836
EfficientNet-B0,efficientnet_b0,Full CMGT,17,C0017,2025_L622,2025,535.5,623.4701249474539
EfficientNet-B0,efficientnet_b0,Full CMGT,17,C0017,2025_L623,2025,964.32,947.4151398948543
EfficientNet-B0,efficientnet_b0,Static Image ExtraTrees,18,C0018,2025_L514,2025,1650.0,934.3854033333312
EfficientNet-B0,efficientnet_b0,Static Image ExtraTrees,18,C0018,2025_L515,2025,205.0,934.3854033333312
EfficientNet-B0,efficientnet_b0,Static Image ExtraTrees,18,C0018,2025_L516,2025,105.0,934.3854033333312
EfficientNet-B0,efficientnet_b0,Static Image ExtraTrees,18,C0018,2025_L524,2025,1566.25,934.3854033333312
EfficientNet-B0,efficientnet_b0,Static Image ExtraTrees,18,C0018,2025_L525,2025,1476.2,934.3854033333312
EfficientNet-B0,efficientnet_b0,Static Image ExtraTrees,18,C0018,2025_L526,2025,1557.6,934.3854033333312
EfficientNet-B0,efficientnet_b0,Static Image ExtraTrees,18,C0018,2025_L614,2025,721.0,934.3854033333312
EfficientNet-B0,efficientnet_b0,Static Image ExtraTrees,18,C0018,2025_L615,2025,933.0,934.3854033333312
EfficientNet-B0,efficientnet_b0,Static Image ExtraTrees,18,C0018,2025_L616,2025,37.5,934.3854033333312
EfficientNet-B0,efficientnet_b0,Image Trajectory ExtraTrees,18,C0018,2025_L514,2025,1650.0,1005.9748150641034
EfficientNet-B0,efficientnet_b0,Image Trajectory ExtraTrees,18,C0018,2025_L515,2025,205.0,1005.9748150641034
EfficientNet-B0,efficientnet_b0,Image Trajectory ExtraTrees,18,C0018,2025_L516,2025,105.0,1005.9748150641034
EfficientNet-B0,efficientnet_b0,Image Trajectory ExtraTrees,18,C0018,2025_L524,2025,1566.25,1005.9748150641034
EfficientNet-B0,efficientnet_b0,Image Trajectory ExtraTrees,18,C0018,2025_L525,2025,1476.2,1005.9748150641034
EfficientNet-B0,efficientnet_b0,Image Trajectory ExtraTrees,18,C0018,2025_L526,2025,1557.6,1005.9748150641034
EfficientNet-B0,efficientnet_b0,Image Trajectory ExtraTrees,18,C0018,2025_L614,2025,721.0,1005.9748150641034
EfficientNet-B0,efficientnet_b0,Image Trajectory ExtraTrees,18,C0018,2025_L615,2025,933.0,1005.9748150641034
EfficientNet-B0,efficientnet_b0,Image Trajectory ExtraTrees,18,C0018,2025_L616,2025,37.5,1005.9748150641034
EfficientNet-B0,efficientnet_b0,Full CMGT,18,C0018,2025_L514,2025,1650.0,1075.0133599127125
EfficientNet-B0,efficientnet_b0,Full CMGT,18,C0018,2025_L515,2025,205.0,783.8286754434022
EfficientNet-B0,efficientnet_b0,Full CMGT,18,C0018,2025_L516,2025,105.0,592.0697921173305
EfficientNet-B0,efficientnet_b0,Full CMGT,18,C0018,2025_L524,2025,1566.25,1119.869204051301
EfficientNet-B0,efficientnet_b0,Full CMGT,18,C0018,2025_L525,2025,1476.2,960.3375389868913
EfficientNet-B0,efficientnet_b0,Full CMGT,18,C0018,2025_L526,2025,1557.6,1100.254447414572
EfficientNet-B0,efficientnet_b0,Full CMGT,18,C0018,2025_L614,2025,721.0,563.5224717836925
EfficientNet-B0,efficientnet_b0,Full CMGT,18,C0018,2025_L615,2025,933.0,932.8283601967742
EfficientNet-B0,efficientnet_b0,Full CMGT,18,C0018,2025_L616,2025,37.5,642.333743351612
ConvNeXt-Tiny,convnext_tiny,Static Image ExtraTrees,1,C0001,2023_121,2023,910.0,662.9553272222215
ConvNeXt-Tiny,convnext_tiny,Static Image ExtraTrees,1,C0001,2023_122,2023,868.0,662.9553272222215
ConvNeXt-Tiny,convnext_tiny,Static Image ExtraTrees,1,C0001,2023_123,2023,1014.8,662.9553272222215
ConvNeXt-Tiny,convnext_tiny,Static Image ExtraTrees,1,C0001,2023_221,2023,884.8,662.9553272222215
ConvNeXt-Tiny,convnext_tiny,Static Image ExtraTrees,1,C0001,2023_222,2023,933.4,662.9553272222215
ConvNeXt-Tiny,convnext_tiny,Static Image ExtraTrees,1,C0001,2023_223,2023,945.6,662.9553272222215
ConvNeXt-Tiny,convnext_tiny,Static Image ExtraTrees,1,C0001,2023_224,2023,1118.6,806.8468405555546
ConvNeXt-Tiny,convnext_tiny,Static Image ExtraTrees,1,C0001,2023_225,2023,812.0,806.8468405555546
ConvNeXt-Tiny,convnext_tiny,Static Image ExtraTrees,1,C0001,2023_226,2023,760.8,806.8468405555546
ConvNeXt-Tiny,convnext_tiny,Static Image ExtraTrees,1,C0001,2023_321,2023,835.1,806.8468405555546
ConvNeXt-Tiny,convnext_tiny,Static Image ExtraTrees,1,C0001,2023_322,2023,821.0,806.8468405555546
ConvNeXt-Tiny,convnext_tiny,Static Image ExtraTrees,1,C0001,2023_323,2023,1046.8,806.8468405555546
ConvNeXt-Tiny,convnext_tiny,Static Image ExtraTrees,1,C0001,2023_324,2023,1041.2,652.9405233333334
ConvNeXt-Tiny,convnext_tiny,Static Image ExtraTrees,1,C0001,2023_325,2023,1070.0,652.9405233333334
ConvNeXt-Tiny,convnext_tiny,Static Image ExtraTrees,1,C0001,2023_326,2023,1134.6,652.9405233333334
ConvNeXt-Tiny,convnext_tiny,Static Image ExtraTrees,1,C0001,2023_421,2023,987.16,846.4971063888875
ConvNeXt-Tiny,convnext_tiny,Static Image ExtraTrees,1,C0001,2023_422,2023,1093.4,846.4971063888875
ConvNeXt-Tiny,convnext_tiny,Static Image ExtraTrees,1,C0001,2023_423,2023,1070.67,846.4971063888875
ConvNeXt-Tiny,convnext_tiny,Static Image ExtraTrees,1,C0001,2023_521,2023,1008.8,846.4971063888875
ConvNeXt-Tiny,convnext_tiny,Static Image ExtraTrees,1,C0001,2023_522,2023,991.4,846.4971063888875
ConvNeXt-Tiny,convnext_tiny,Static Image ExtraTrees,1,C0001,2023_523,2023,1078.2,846.4971063888875
ConvNeXt-Tiny,convnext_tiny,Static Image ExtraTrees,1,C0001,2023_524,2023,1125.3,761.5325980555556
ConvNeXt-Tiny,convnext_tiny,Static Image ExtraTrees,1,C0001,2023_525,2023,1087.0,761.5325980555556
ConvNeXt-Tiny,convnext_tiny,Static Image ExtraTrees,1,C0001,2023_526,2023,1124.4,761.5325980555556
ConvNeXt-Tiny,convnext_tiny,Static Image ExtraTrees,1,C0001,2023_527,2023,1451.6,648.6665580555557
ConvNeXt-Tiny,convnext_tiny,Static Image ExtraTrees,1,C0001,2023_528,2023,1306.8,648.6665580555557
ConvNeXt-Tiny,convnext_tiny,Static Image ExtraTrees,1,C0001,2023_529,2023,1158.2,648.6665580555557
ConvNeXt-Tiny,convnext_tiny,Static Image ExtraTrees,1,C0001,2023_621,2023,1174.0,761.5325980555556
ConvNeXt-Tiny,convnext_tiny,Static Image ExtraTrees,1,C0001,2023_622,2023,1112.9,761.5325980555556
ConvNeXt-Tiny,convnext_tiny,Static Image ExtraTrees,1,C0001,2023_623,2023,1220.2,761.5325980555556
ConvNeXt-Tiny,convnext_tiny,Static Image ExtraTrees,1,C0001,2023_624,2023,1096.5,648.6665580555557
ConvNeXt-Tiny,convnext_tiny,Static Image ExtraTrees,1,C0001,2023_625,2023,1254.0,648.6665580555557
ConvNeXt-Tiny,convnext_tiny,Static Image ExtraTrees,1,C0001,2023_626,2023,1260.0,649.3668611111111
ConvNeXt-Tiny,convnext_tiny,Static Image ExtraTrees,1,C0001,2023_721,2023,1128.0,652.9405233333334
ConvNeXt-Tiny,convnext_tiny,Static Image ExtraTrees,1,C0001,2023_722,2023,1065.6,647.2389066666667
ConvNeXt-Tiny,convnext_tiny,Static Image ExtraTrees,1,C0001,2023_723,2023,1093.6,647.2389066666667
ConvNeXt-Tiny,convnext_tiny,Static Image ExtraTrees,1,C0001,2023_724,2023,1070.4,651.5265138888891
ConvNeXt-Tiny,convnext_tiny,Static Image ExtraTrees,1,C0001,2023_725,2023,1120.8,651.5265138888891
ConvNeXt-Tiny,convnext_tiny,Static Image ExtraTrees,1,C0001,2023_726,2023,1081.6,651.5265138888891
ConvNeXt-Tiny,convnext_tiny,Image Trajectory ExtraTrees,1,C0001,2023_121,2023,910.0,772.7523494444462
ConvNeXt-Tiny,convnext_tiny,Image Trajectory ExtraTrees,1,C0001,2023_122,2023,868.0,772.7523494444462
ConvNeXt-Tiny,convnext_tiny,Image Trajectory ExtraTrees,1,C0001,2023_123,2023,1014.8,772.7523494444462
ConvNeXt-Tiny,convnext_tiny,Image Trajectory ExtraTrees,1,C0001,2023_221,2023,884.8,772.7523494444462
ConvNeXt-Tiny,convnext_tiny,Image Trajectory ExtraTrees,1,C0001,2023_222,2023,933.4,772.7523494444462
ConvNeXt-Tiny,convnext_tiny,Image Trajectory ExtraTrees,1,C0001,2023_223,2023,945.6,772.7523494444462
ConvNeXt-Tiny,convnext_tiny,Image Trajectory ExtraTrees,1,C0001,2023_224,2023,1118.6,878.7505261111116
ConvNeXt-Tiny,convnext_tiny,Image Trajectory ExtraTrees,1,C0001,2023_225,2023,812.0,878.7505261111116
ConvNeXt-Tiny,convnext_tiny,Image Trajectory ExtraTrees,1,C0001,2023_226,2023,760.8,878.7505261111116
ConvNeXt-Tiny,convnext_tiny,Image Trajectory ExtraTrees,1,C0001,2023_321,2023,835.1,878.7505261111116
ConvNeXt-Tiny,convnext_tiny,Image Trajectory ExtraTrees,1,C0001,2023_322,2023,821.0,878.7505261111116
ConvNeXt-Tiny,convnext_tiny,Image Trajectory ExtraTrees,1,C0001,2023_323,2023,1046.8,878.7505261111116
ConvNeXt-Tiny,convnext_tiny,Image Trajectory ExtraTrees,1,C0001,2023_324,2023,1041.2,965.0076041666733
ConvNeXt-Tiny,convnext_tiny,Image Trajectory ExtraTrees,1,C0001,2023_325,2023,1070.0,965.0076041666733
ConvNeXt-Tiny,convnext_tiny,Image Trajectory ExtraTrees,1,C0001,2023_326,2023,1134.6,965.0076041666733
ConvNeXt-Tiny,convnext_tiny,Image Trajectory ExtraTrees,1,C0001,2023_421,2023,987.16,847.8640944444452
ConvNeXt-Tiny,convnext_tiny,Image Trajectory ExtraTrees,1,C0001,2023_422,2023,1093.4,847.8640944444452
ConvNeXt-Tiny,convnext_tiny,Image Trajectory ExtraTrees,1,C0001,2023_423,2023,1070.67,847.8640944444452
ConvNeXt-Tiny,convnext_tiny,Image Trajectory ExtraTrees,1,C0001,2023_521,2023,1008.8,847.8640944444452
ConvNeXt-Tiny,convnext_tiny,Image Trajectory ExtraTrees,1,C0001,2023_522,2023,991.4,847.8640944444452
ConvNeXt-Tiny,convnext_tiny,Image Trajectory ExtraTrees,1,C0001,2023_523,2023,1078.2,847.8640944444452
ConvNeXt-Tiny,convnext_tiny,Image Trajectory ExtraTrees,1,C0001,2023_524,2023,1125.3,718.1906522222238
ConvNeXt-Tiny,convnext_tiny,Image Trajectory ExtraTrees,1,C0001,2023_525,2023,1087.0,718.1906522222238
ConvNeXt-Tiny,convnext_tiny,Image Trajectory ExtraTrees,1,C0001,2023_526,2023,1124.4,718.1906522222238
ConvNeXt-Tiny,convnext_tiny,Image Trajectory ExtraTrees,1,C0001,2023_527,2023,1451.6,947.8053430555617
ConvNeXt-Tiny,convnext_tiny,Image Trajectory ExtraTrees,1,C0001,2023_528,2023,1306.8,947.8053430555617
ConvNeXt-Tiny,convnext_tiny,Image Trajectory ExtraTrees,1,C0001,2023_529,2023,1158.2,947.8053430555617
ConvNeXt-Tiny,convnext_tiny,Image Trajectory ExtraTrees,1,C0001,2023_621,2023,1174.0,718.1906522222238
ConvNeXt-Tiny,convnext_tiny,Image Trajectory ExtraTrees,1,C0001,2023_622,2023,1112.9,718.1906522222238
ConvNeXt-Tiny,convnext_tiny,Image Trajectory ExtraTrees,1,C0001,2023_623,2023,1220.2,718.1906522222238
ConvNeXt-Tiny,convnext_tiny,Image Trajectory ExtraTrees,1,C0001,2023_624,2023,1096.5,947.8053430555617
ConvNeXt-Tiny,convnext_tiny,Image Trajectory ExtraTrees,1,C0001,2023_625,2023,1254.0,947.8053430555617
ConvNeXt-Tiny,convnext_tiny,Image Trajectory ExtraTrees,1,C0001,2023_626,2023,1260.0,959.0346094444506
ConvNeXt-Tiny,convnext_tiny,Image Trajectory ExtraTrees,1,C0001,2023_721,2023,1128.0,965.0076041666733
ConvNeXt-Tiny,convnext_tiny,Image Trajectory ExtraTrees,1,C0001,2023_722,2023,1065.6,961.75383833334
ConvNeXt-Tiny,convnext_tiny,Image Trajectory ExtraTrees,1,C0001,2023_723,2023,1093.6,961.75383833334
ConvNeXt-Tiny,convnext_tiny,Image Trajectory ExtraTrees,1,C0001,2023_724,2023,1070.4,973.2405069444511
ConvNeXt-Tiny,convnext_tiny,Image Trajectory ExtraTrees,1,C0001,2023_725,2023,1120.8,973.2405069444511
ConvNeXt-Tiny,convnext_tiny,Image Trajectory ExtraTrees,1,C0001,2023_726,2023,1081.6,973.2405069444511
ConvNeXt-Tiny,convnext_tiny,Full CMGT,1,C0001,2023_121,2023,910.0,1078.9622554330322
ConvNeXt-Tiny,convnext_tiny,Full CMGT,1,C0001,2023_122,2023,868.0,997.5450173987506
ConvNeXt-Tiny,convnext_tiny,Full CMGT,1,C0001,2023_123,2023,1014.8,1068.972320030584
ConvNeXt-Tiny,convnext_tiny,Full CMGT,1,C0001,2023_221,2023,884.8,1078.1152867173641
ConvNeXt-Tiny,convnext_tiny,Full CMGT,1,C0001,2023_222,2023,933.4,1062.7803512398223
ConvNeXt-Tiny,convnext_tiny,Full CMGT,1,C0001,2023_223,2023,945.6,1133.2054685111784
ConvNeXt-Tiny,convnext_tiny,Full CMGT,1,C0001,2023_224,2023,1118.6,1051.090279245781
ConvNeXt-Tiny,convnext_tiny,Full CMGT,1,C0001,2023_225,2023,812.0,1084.160022997548
ConvNeXt-Tiny,convnext_tiny,Full CMGT,1,C0001,2023_226,2023,760.8,1100.9333478664903
ConvNeXt-Tiny,convnext_tiny,Full CMGT,1,C0001,2023_321,2023,835.1,1108.397760524375
ConvNeXt-Tiny,convnext_tiny,Full CMGT,1,C0001,2023_322,2023,821.0,1083.5075254580252
ConvNeXt-Tiny,convnext_tiny,Full CMGT,1,C0001,2023_323,2023,1046.8,1073.2571841978047
ConvNeXt-Tiny,convnext_tiny,Full CMGT,1,C0001,2023_324,2023,1041.2,1044.4994171315743
ConvNeXt-Tiny,convnext_tiny,Full CMGT,1,C0001,2023_325,2023,1070.0,1022.5941469716819
ConvNeXt-Tiny,convnext_tiny,Full CMGT,1,C0001,2023_326,2023,1134.6,1006.6374347945717
ConvNeXt-Tiny,convnext_tiny,Full CMGT,1,C0001,2023_421,2023,987.16,1109.4828049748066
ConvNeXt-Tiny,convnext_tiny,Full CMGT,1,C0001,2023_422,2023,1093.4,1143.2028256513327
ConvNeXt-Tiny,convnext_tiny,Full CMGT,1,C0001,2023_423,2023,1070.67,1117.7804170595855
ConvNeXt-Tiny,convnext_tiny,Full CMGT,1,C0001,2023_521,2023,1008.8,1006.9361330345698
ConvNeXt-Tiny,convnext_tiny,Full CMGT,1,C0001,2023_522,2023,991.4,1022.1571608314347
ConvNeXt-Tiny,convnext_tiny,Full CMGT,1,C0001,2023_523,2023,1078.2,1041.2028949812002
ConvNeXt-Tiny,convnext_tiny,Full CMGT,1,C0001,2023_524,2023,1125.3,992.5749106575514
ConvNeXt-Tiny,convnext_tiny,Full CMGT,1,C0001,2023_525,2023,1087.0,1067.0560322244837
ConvNeXt-Tiny,convnext_tiny,Full CMGT,1,C0001,2023_526,2023,1124.4,1099.238603922297
ConvNeXt-Tiny,convnext_tiny,Full CMGT,1,C0001,2023_527,2023,1451.6,1031.254887069219
ConvNeXt-Tiny,convnext_tiny,Full CMGT,1,C0001,2023_528,2023,1306.8,1031.4969573049175
ConvNeXt-Tiny,convnext_tiny,Full CMGT,1,C0001,2023_529,2023,1158.2,1007.5551795733787
ConvNeXt-Tiny,convnext_tiny,Full CMGT,1,C0001,2023_621,2023,1174.0,1013.5852438110828
ConvNeXt-Tiny,convnext_tiny,Full CMGT,1,C0001,2023_622,2023,1112.9,1048.6042651697467
ConvNeXt-Tiny,convnext_tiny,Full CMGT,1,C0001,2023_623,2023,1220.2,1059.6550800156865
ConvNeXt-Tiny,convnext_tiny,Full CMGT,1,C0001,2023_624,2023,1096.5,973.827791258481
ConvNeXt-Tiny,convnext_tiny,Full CMGT,1,C0001,2023_625,2023,1254.0,959.1955044734985
ConvNeXt-Tiny,convnext_tiny,Full CMGT,1,C0001,2023_626,2023,1260.0,1090.7385966336274
ConvNeXt-Tiny,convnext_tiny,Full CMGT,1,C0001,2023_721,2023,1128.0,963.2995786159986
ConvNeXt-Tiny,convnext_tiny,Full CMGT,1,C0001,2023_722,2023,1065.6,1005.5086433528212
ConvNeXt-Tiny,convnext_tiny,Full CMGT,1,C0001,2023_723,2023,1093.6,943.9370649823358
ConvNeXt-Tiny,convnext_tiny,Full CMGT,1,C0001,2023_724,2023,1070.4,992.7521081439083
ConvNeXt-Tiny,convnext_tiny,Full CMGT,1,C0001,2023_725,2023,1120.8,976.7635582138417
ConvNeXt-Tiny,convnext_tiny,Full CMGT,1,C0001,2023_726,2023,1081.6,1062.2701316254893
ConvNeXt-Tiny,convnext_tiny,Static Image ExtraTrees,2,C0002,2024_CK11,2024,210.0,826.3270822222238
ConvNeXt-Tiny,convnext_tiny,Static Image ExtraTrees,2,C0002,2024_CK12,2024,166.65,826.3270822222238
ConvNeXt-Tiny,convnext_tiny,Static Image ExtraTrees,2,C0002,2024_CK13,2024,175.0,826.3270822222238
ConvNeXt-Tiny,convnext_tiny,Static Image ExtraTrees,2,C0002,2024_CK21,2024,706.2,826.3270822222238
ConvNeXt-Tiny,convnext_tiny,Static Image ExtraTrees,2,C0002,2024_CK22,2024,719.1,826.3270822222238
ConvNeXt-Tiny,convnext_tiny,Static Image ExtraTrees,2,C0002,2024_CK23,2024,824.55,826.3270822222238
ConvNeXt-Tiny,convnext_tiny,Static Image ExtraTrees,2,C0002,2024_L411,2024,810.9,826.3270822222238
ConvNeXt-Tiny,convnext_tiny,Static Image ExtraTrees,2,C0002,2024_L412,2024,150.0,826.3270822222238
ConvNeXt-Tiny,convnext_tiny,Static Image ExtraTrees,2,C0002,2024_L413,2024,1062.5,826.3270822222238
ConvNeXt-Tiny,convnext_tiny,Static Image ExtraTrees,2,C0002,2024_L421,2024,920.64,826.3270822222238
ConvNeXt-Tiny,convnext_tiny,Static Image ExtraTrees,2,C0002,2024_L422,2024,797.27,826.3270822222238
ConvNeXt-Tiny,convnext_tiny,Static Image ExtraTrees,2,C0002,2024_L423,2024,759.69,826.3270822222238
ConvNeXt-Tiny,convnext_tiny,Image Trajectory ExtraTrees,2,C0002,2024_CK11,2024,210.0,769.7321422222242
ConvNeXt-Tiny,convnext_tiny,Image Trajectory ExtraTrees,2,C0002,2024_CK12,2024,166.65,769.7321422222242
ConvNeXt-Tiny,convnext_tiny,Image Trajectory ExtraTrees,2,C0002,2024_CK13,2024,175.0,769.7321422222242
ConvNeXt-Tiny,convnext_tiny,Image Trajectory ExtraTrees,2,C0002,2024_CK21,2024,706.2,769.7321422222242
ConvNeXt-Tiny,convnext_tiny,Image Trajectory ExtraTrees,2,C0002,2024_CK22,2024,719.1,769.7321422222242
ConvNeXt-Tiny,convnext_tiny,Image Trajectory ExtraTrees,2,C0002,2024_CK23,2024,824.55,769.7321422222242
ConvNeXt-Tiny,convnext_tiny,Image Trajectory ExtraTrees,2,C0002,2024_L411,2024,810.9,769.7321422222242
ConvNeXt-Tiny,convnext_tiny,Image Trajectory ExtraTrees,2,C0002,2024_L412,2024,150.0,769.7321422222242
ConvNeXt-Tiny,convnext_tiny,Image Trajectory ExtraTrees,2,C0002,2024_L413,2024,1062.5,769.7321422222242
ConvNeXt-Tiny,convnext_tiny,Image Trajectory ExtraTrees,2,C0002,2024_L421,2024,920.64,769.7321422222242
ConvNeXt-Tiny,convnext_tiny,Image Trajectory ExtraTrees,2,C0002,2024_L422,2024,797.27,769.7321422222242
ConvNeXt-Tiny,convnext_tiny,Image Trajectory ExtraTrees,2,C0002,2024_L423,2024,759.69,769.7321422222242
ConvNeXt-Tiny,convnext_tiny,Full CMGT,2,C0002,2024_CK11,2024,210.0,675.4199048100895
ConvNeXt-Tiny,convnext_tiny,Full CMGT,2,C0002,2024_CK12,2024,166.65,604.0724833410594
ConvNeXt-Tiny,convnext_tiny,Full CMGT,2,C0002,2024_CK13,2024,175.0,720.264080524089
ConvNeXt-Tiny,convnext_tiny,Full CMGT,2,C0002,2024_CK21,2024,706.2,681.7167311293841
ConvNeXt-Tiny,convnext_tiny,Full CMGT,2,C0002,2024_CK22,2024,719.1,532.755021462377
ConvNeXt-Tiny,convnext_tiny,Full CMGT,2,C0002,2024_CK23,2024,824.55,547.4587012929296
ConvNeXt-Tiny,convnext_tiny,Full CMGT,2,C0002,2024_L411,2024,810.9,608.4324650870524
ConvNeXt-Tiny,convnext_tiny,Full CMGT,2,C0002,2024_L412,2024,150.0,561.7323669300758
ConvNeXt-Tiny,convnext_tiny,Full CMGT,2,C0002,2024_L413,2024,1062.5,543.6689416258369
ConvNeXt-Tiny,convnext_tiny,Full CMGT,2,C0002,2024_L421,2024,920.64,570.8267929410501
ConvNeXt-Tiny,convnext_tiny,Full CMGT,2,C0002,2024_L422,2024,797.27,620.0088169259149
ConvNeXt-Tiny,convnext_tiny,Full CMGT,2,C0002,2024_L423,2024,759.69,587.7844952017338
ConvNeXt-Tiny,convnext_tiny,Static Image ExtraTrees,3,C0003,2024_CK14,2024,820.0,809.1693100000017
ConvNeXt-Tiny,convnext_tiny,Static Image ExtraTrees,3,C0003,2024_CK15,2024,464.25,809.1693100000017
ConvNeXt-Tiny,convnext_tiny,Static Image ExtraTrees,3,C0003,2024_CK16,2024,536.65,809.1693100000017
ConvNeXt-Tiny,convnext_tiny,Static Image ExtraTrees,3,C0003,2024_CK24,2024,613.025,809.1693100000017
ConvNeXt-Tiny,convnext_tiny,Static Image ExtraTrees,3,C0003,2024_CK25,2024,679.38,809.1693100000017
ConvNeXt-Tiny,convnext_tiny,Static Image ExtraTrees,3,C0003,2024_CK26,2024,831.42,809.1693100000017
ConvNeXt-Tiny,convnext_tiny,Static Image ExtraTrees,3,C0003,2024_R414,2024,583.35,809.1693100000017
ConvNeXt-Tiny,convnext_tiny,Static Image ExtraTrees,3,C0003,2024_R415,2024,0.0,809.1693100000017
ConvNeXt-Tiny,convnext_tiny,Static Image ExtraTrees,3,C0003,2024_R416,2024,724.15,809.1693100000017
ConvNeXt-Tiny,convnext_tiny,Static Image ExtraTrees,3,C0003,2024_R424,2024,612.48,809.1693100000017
ConvNeXt-Tiny,convnext_tiny,Static Image ExtraTrees,3,C0003,2024_R425,2024,390.72,809.1693100000017
ConvNeXt-Tiny,convnext_tiny,Static Image ExtraTrees,3,C0003,2024_R426,2024,574.77,809.1693100000017
ConvNeXt-Tiny,convnext_tiny,Image Trajectory ExtraTrees,3,C0003,2024_CK14,2024,820.0,900.5288638888928
ConvNeXt-Tiny,convnext_tiny,Image Trajectory ExtraTrees,3,C0003,2024_CK15,2024,464.25,900.5288638888928
ConvNeXt-Tiny,convnext_tiny,Image Trajectory ExtraTrees,3,C0003,2024_CK16,2024,536.65,900.5288638888928
ConvNeXt-Tiny,convnext_tiny,Image Trajectory ExtraTrees,3,C0003,2024_CK24,2024,613.025,900.5288638888928
ConvNeXt-Tiny,convnext_tiny,Image Trajectory ExtraTrees,3,C0003,2024_CK25,2024,679.38,900.5288638888928
ConvNeXt-Tiny,convnext_tiny,Image Trajectory ExtraTrees,3,C0003,2024_CK26,2024,831.42,900.5288638888928
ConvNeXt-Tiny,convnext_tiny,Image Trajectory ExtraTrees,3,C0003,2024_R414,2024,583.35,900.5288638888928
ConvNeXt-Tiny,convnext_tiny,Image Trajectory ExtraTrees,3,C0003,2024_R415,2024,0.0,900.5288638888928
ConvNeXt-Tiny,convnext_tiny,Image Trajectory ExtraTrees,3,C0003,2024_R416,2024,724.15,900.5288638888928
ConvNeXt-Tiny,convnext_tiny,Image Trajectory ExtraTrees,3,C0003,2024_R424,2024,612.48,900.5288638888928
ConvNeXt-Tiny,convnext_tiny,Image Trajectory ExtraTrees,3,C0003,2024_R425,2024,390.72,900.5288638888928
ConvNeXt-Tiny,convnext_tiny,Image Trajectory ExtraTrees,3,C0003,2024_R426,2024,574.77,900.5288638888928
ConvNeXt-Tiny,convnext_tiny,Full CMGT,3,C0003,2024_CK14,2024,820.0,530.5601436127241
ConvNeXt-Tiny,convnext_tiny,Full CMGT,3,C0003,2024_CK15,2024,464.25,457.78778987994315
ConvNeXt-Tiny,convnext_tiny,Full CMGT,3,C0003,2024_CK16,2024,536.65,622.7324097928914
ConvNeXt-Tiny,convnext_tiny,Full CMGT,3,C0003,2024_CK24,2024,613.025,615.3508607941637
ConvNeXt-Tiny,convnext_tiny,Full CMGT,3,C0003,2024_CK25,2024,679.38,709.8944750618894
ConvNeXt-Tiny,convnext_tiny,Full CMGT,3,C0003,2024_CK26,2024,831.42,683.1088494576964
ConvNeXt-Tiny,convnext_tiny,Full CMGT,3,C0003,2024_R414,2024,583.35,525.8567592031333
ConvNeXt-Tiny,convnext_tiny,Full CMGT,3,C0003,2024_R415,2024,0.0,546.7898686430208
ConvNeXt-Tiny,convnext_tiny,Full CMGT,3,C0003,2024_R416,2024,724.15,842.2368712160115
ConvNeXt-Tiny,convnext_tiny,Full CMGT,3,C0003,2024_R424,2024,612.48,627.4696333261295
ConvNeXt-Tiny,convnext_tiny,Full CMGT,3,C0003,2024_R425,2024,390.72,570.134052603099
ConvNeXt-Tiny,convnext_tiny,Full CMGT,3,C0003,2024_R426,2024,574.77,488.9173155567992
ConvNeXt-Tiny,convnext_tiny,Static Image ExtraTrees,4,C0004,2024_L111,2024,540.85,683.7326969444473
ConvNeXt-Tiny,convnext_tiny,Static Image ExtraTrees,4,C0004,2024_L112,2024,651.0,683.7326969444473
ConvNeXt-Tiny,convnext_tiny,Static Image ExtraTrees,4,C0004,2024_L113,2024,250.0,683.7326969444473
ConvNeXt-Tiny,convnext_tiny,Static Image ExtraTrees,4,C0004,2024_L121,2024,683.65,683.7326969444473
ConvNeXt-Tiny,convnext_tiny,Static Image ExtraTrees,4,C0004,2024_L122,2024,361.5,683.7326969444473
ConvNeXt-Tiny,convnext_tiny,Static Image ExtraTrees,4,C0004,2024_L123,2024,270.32,683.7326969444473
ConvNeXt-Tiny,convnext_tiny,Static Image ExtraTrees,4,C0004,2024_L211,2024,379.3,683.7326969444473
ConvNeXt-Tiny,convnext_tiny,Static Image ExtraTrees,4,C0004,2024_L212,2024,229.15,683.7326969444473
ConvNeXt-Tiny,convnext_tiny,Static Image ExtraTrees,4,C0004,2024_L213,2024,55.0,683.7326969444473
ConvNeXt-Tiny,convnext_tiny,Static Image ExtraTrees,4,C0004,2024_L221,2024,701.68,683.7326969444473
ConvNeXt-Tiny,convnext_tiny,Static Image ExtraTrees,4,C0004,2024_L222,2024,712.8,683.7326969444473
ConvNeXt-Tiny,convnext_tiny,Static Image ExtraTrees,4,C0004,2024_L223,2024,773.48,683.7326969444473
ConvNeXt-Tiny,convnext_tiny,Image Trajectory ExtraTrees,4,C0004,2024_L111,2024,540.85,886.1439613888928
ConvNeXt-Tiny,convnext_tiny,Image Trajectory ExtraTrees,4,C0004,2024_L112,2024,651.0,886.1439613888928
ConvNeXt-Tiny,convnext_tiny,Image Trajectory ExtraTrees,4,C0004,2024_L113,2024,250.0,886.1439613888928
ConvNeXt-Tiny,convnext_tiny,Image Trajectory ExtraTrees,4,C0004,2024_L121,2024,683.65,886.1439613888928
ConvNeXt-Tiny,convnext_tiny,Image Trajectory ExtraTrees,4,C0004,2024_L122,2024,361.5,886.1439613888928
ConvNeXt-Tiny,convnext_tiny,Image Trajectory ExtraTrees,4,C0004,2024_L123,2024,270.32,886.1439613888928
ConvNeXt-Tiny,convnext_tiny,Image Trajectory ExtraTrees,4,C0004,2024_L211,2024,379.3,886.1439613888928
ConvNeXt-Tiny,convnext_tiny,Image Trajectory ExtraTrees,4,C0004,2024_L212,2024,229.15,886.1439613888928
ConvNeXt-Tiny,convnext_tiny,Image Trajectory ExtraTrees,4,C0004,2024_L213,2024,55.0,886.1439613888928
ConvNeXt-Tiny,convnext_tiny,Image Trajectory ExtraTrees,4,C0004,2024_L221,2024,701.68,886.1439613888928
ConvNeXt-Tiny,convnext_tiny,Image Trajectory ExtraTrees,4,C0004,2024_L222,2024,712.8,886.1439613888928
ConvNeXt-Tiny,convnext_tiny,Image Trajectory ExtraTrees,4,C0004,2024_L223,2024,773.48,886.1439613888928
ConvNeXt-Tiny,convnext_tiny,Full CMGT,4,C0004,2024_L111,2024,540.85,575.2395127522377
ConvNeXt-Tiny,convnext_tiny,Full CMGT,4,C0004,2024_L112,2024,651.0,709.4540980432129
ConvNeXt-Tiny,convnext_tiny,Full CMGT,4,C0004,2024_L113,2024,250.0,717.3129772537878
ConvNeXt-Tiny,convnext_tiny,Full CMGT,4,C0004,2024_L121,2024,683.65,639.7542886422575
ConvNeXt-Tiny,convnext_tiny,Full CMGT,4,C0004,2024_L122,2024,361.5,675.5157164720808
ConvNeXt-Tiny,convnext_tiny,Full CMGT,4,C0004,2024_L123,2024,270.32,550.2755795002412
ConvNeXt-Tiny,convnext_tiny,Full CMGT,4,C0004,2024_L211,2024,379.3,672.295686987084
ConvNeXt-Tiny,convnext_tiny,Full CMGT,4,C0004,2024_L212,2024,229.15,578.0183205068203
ConvNeXt-Tiny,convnext_tiny,Full CMGT,4,C0004,2024_L213,2024,55.0,559.7621994831507
ConvNeXt-Tiny,convnext_tiny,Full CMGT,4,C0004,2024_L221,2024,701.68,653.4896966552097
ConvNeXt-Tiny,convnext_tiny,Full CMGT,4,C0004,2024_L222,2024,712.8,960.2726084104673
ConvNeXt-Tiny,convnext_tiny,Full CMGT,4,C0004,2024_L223,2024,773.48,580.5390023115691
ConvNeXt-Tiny,convnext_tiny,Static Image ExtraTrees,5,C0005,2024_L214,2024,881.25,1025.127845277782
ConvNeXt-Tiny,convnext_tiny,Static Image ExtraTrees,5,C0005,2024_L215,2024,740.0,1025.127845277782
ConvNeXt-Tiny,convnext_tiny,Static Image ExtraTrees,5,C0005,2024_L216,2024,916.65,1025.127845277782
ConvNeXt-Tiny,convnext_tiny,Static Image ExtraTrees,5,C0005,2024_L224,2024,524.3,1025.127845277782
ConvNeXt-Tiny,convnext_tiny,Static Image ExtraTrees,5,C0005,2024_L225,2024,561.0,1025.127845277782
ConvNeXt-Tiny,convnext_tiny,Static Image ExtraTrees,5,C0005,2024_L226,2024,687.125,1025.127845277782
ConvNeXt-Tiny,convnext_tiny,Static Image ExtraTrees,5,C0005,2024_L311,2024,805.0,1025.127845277782
ConvNeXt-Tiny,convnext_tiny,Static Image ExtraTrees,5,C0005,2024_L312,2024,750.0,1025.127845277782
ConvNeXt-Tiny,convnext_tiny,Static Image ExtraTrees,5,C0005,2024_L313,2024,620.0,1025.127845277782
ConvNeXt-Tiny,convnext_tiny,Static Image ExtraTrees,5,C0005,2024_L321,2024,723.58,1025.127845277782
ConvNeXt-Tiny,convnext_tiny,Static Image ExtraTrees,5,C0005,2024_L322,2024,685.44,1025.127845277782
ConvNeXt-Tiny,convnext_tiny,Static Image ExtraTrees,5,C0005,2024_L323,2024,644.0,1025.127845277782
ConvNeXt-Tiny,convnext_tiny,Image Trajectory ExtraTrees,5,C0005,2024_L214,2024,881.25,766.8857585042757
ConvNeXt-Tiny,convnext_tiny,Image Trajectory ExtraTrees,5,C0005,2024_L215,2024,740.0,766.8857585042757
ConvNeXt-Tiny,convnext_tiny,Image Trajectory ExtraTrees,5,C0005,2024_L216,2024,916.65,766.8857585042757
ConvNeXt-Tiny,convnext_tiny,Image Trajectory ExtraTrees,5,C0005,2024_L224,2024,524.3,766.8857585042757
ConvNeXt-Tiny,convnext_tiny,Image Trajectory ExtraTrees,5,C0005,2024_L225,2024,561.0,766.8857585042757
ConvNeXt-Tiny,convnext_tiny,Image Trajectory ExtraTrees,5,C0005,2024_L226,2024,687.125,766.8857585042757
ConvNeXt-Tiny,convnext_tiny,Image Trajectory ExtraTrees,5,C0005,2024_L311,2024,805.0,766.8857585042757
ConvNeXt-Tiny,convnext_tiny,Image Trajectory ExtraTrees,5,C0005,2024_L312,2024,750.0,766.8857585042757
ConvNeXt-Tiny,convnext_tiny,Image Trajectory ExtraTrees,5,C0005,2024_L313,2024,620.0,766.8857585042757
ConvNeXt-Tiny,convnext_tiny,Image Trajectory ExtraTrees,5,C0005,2024_L321,2024,723.58,766.8857585042757
ConvNeXt-Tiny,convnext_tiny,Image Trajectory ExtraTrees,5,C0005,2024_L322,2024,685.44,766.8857585042757
ConvNeXt-Tiny,convnext_tiny,Image Trajectory ExtraTrees,5,C0005,2024_L323,2024,644.0,766.8857585042757
ConvNeXt-Tiny,convnext_tiny,Full CMGT,5,C0005,2024_L214,2024,881.25,476.02784021933945
ConvNeXt-Tiny,convnext_tiny,Full CMGT,5,C0005,2024_L215,2024,740.0,646.1802264706835
ConvNeXt-Tiny,convnext_tiny,Full CMGT,5,C0005,2024_L216,2024,916.65,553.0182388268536
ConvNeXt-Tiny,convnext_tiny,Full CMGT,5,C0005,2024_L224,2024,524.3,666.0918345287741
ConvNeXt-Tiny,convnext_tiny,Full CMGT,5,C0005,2024_L225,2024,561.0,436.81709789162835
ConvNeXt-Tiny,convnext_tiny,Full CMGT,5,C0005,2024_L226,2024,687.125,527.5939451320272
ConvNeXt-Tiny,convnext_tiny,Full CMGT,5,C0005,2024_L311,2024,805.0,502.5435191966962
ConvNeXt-Tiny,convnext_tiny,Full CMGT,5,C0005,2024_L312,2024,750.0,543.3985278157202
ConvNeXt-Tiny,convnext_tiny,Full CMGT,5,C0005,2024_L313,2024,620.0,618.7764704524064
ConvNeXt-Tiny,convnext_tiny,Full CMGT,5,C0005,2024_L321,2024,723.58,441.13138532214884
ConvNeXt-Tiny,convnext_tiny,Full CMGT,5,C0005,2024_L322,2024,685.44,537.0956604937132
ConvNeXt-Tiny,convnext_tiny,Full CMGT,5,C0005,2024_L323,2024,644.0,499.43922148820457
ConvNeXt-Tiny,convnext_tiny,Static Image ExtraTrees,6,C0006,2024_L511,2024,150.0,785.7216200000012
ConvNeXt-Tiny,convnext_tiny,Static Image ExtraTrees,6,C0006,2024_L512,2024,575.0,785.7216200000012
ConvNeXt-Tiny,convnext_tiny,Static Image ExtraTrees,6,C0006,2024_L513,2024,646.25,785.7216200000012
ConvNeXt-Tiny,convnext_tiny,Static Image ExtraTrees,6,C0006,2024_L521,2024,143.1,785.7216200000012
ConvNeXt-Tiny,convnext_tiny,Static Image ExtraTrees,6,C0006,2024_L522,2024,731.43,785.7216200000012
ConvNeXt-Tiny,convnext_tiny,Static Image ExtraTrees,6,C0006,2024_L523,2024,692.16,785.7216200000012
ConvNeXt-Tiny,convnext_tiny,Static Image ExtraTrees,6,C0006,2024_L611,2024,0.0,785.7216200000012
ConvNeXt-Tiny,convnext_tiny,Static Image ExtraTrees,6,C0006,2024_L612,2024,0.0,785.7216200000012
ConvNeXt-Tiny,convnext_tiny,Static Image ExtraTrees,6,C0006,2024_L613,2024,325.35,785.7216200000012
ConvNeXt-Tiny,convnext_tiny,Static Image ExtraTrees,6,C0006,2024_L621,2024,0.0,785.7216200000012
ConvNeXt-Tiny,convnext_tiny,Static Image ExtraTrees,6,C0006,2024_L622,2024,267.75,785.7216200000012
ConvNeXt-Tiny,convnext_tiny,Static Image ExtraTrees,6,C0006,2024_L623,2024,482.16,785.7216200000012
ConvNeXt-Tiny,convnext_tiny,Image Trajectory ExtraTrees,6,C0006,2024_L511,2024,150.0,997.427363803421
ConvNeXt-Tiny,convnext_tiny,Image Trajectory ExtraTrees,6,C0006,2024_L512,2024,575.0,997.427363803421
ConvNeXt-Tiny,convnext_tiny,Image Trajectory ExtraTrees,6,C0006,2024_L513,2024,646.25,997.427363803421
ConvNeXt-Tiny,convnext_tiny,Image Trajectory ExtraTrees,6,C0006,2024_L521,2024,143.1,997.427363803421
ConvNeXt-Tiny,convnext_tiny,Image Trajectory ExtraTrees,6,C0006,2024_L522,2024,731.43,997.427363803421
ConvNeXt-Tiny,convnext_tiny,Image Trajectory ExtraTrees,6,C0006,2024_L523,2024,692.16,997.427363803421
ConvNeXt-Tiny,convnext_tiny,Image Trajectory ExtraTrees,6,C0006,2024_L611,2024,0.0,997.427363803421
ConvNeXt-Tiny,convnext_tiny,Image Trajectory ExtraTrees,6,C0006,2024_L612,2024,0.0,997.427363803421
ConvNeXt-Tiny,convnext_tiny,Image Trajectory ExtraTrees,6,C0006,2024_L613,2024,325.35,997.427363803421
ConvNeXt-Tiny,convnext_tiny,Image Trajectory ExtraTrees,6,C0006,2024_L621,2024,0.0,997.427363803421
ConvNeXt-Tiny,convnext_tiny,Image Trajectory ExtraTrees,6,C0006,2024_L622,2024,267.75,997.427363803421
ConvNeXt-Tiny,convnext_tiny,Image Trajectory ExtraTrees,6,C0006,2024_L623,2024,482.16,997.427363803421
ConvNeXt-Tiny,convnext_tiny,Full CMGT,6,C0006,2024_L511,2024,150.0,874.5168607256423
ConvNeXt-Tiny,convnext_tiny,Full CMGT,6,C0006,2024_L512,2024,575.0,525.2351153065889
ConvNeXt-Tiny,convnext_tiny,Full CMGT,6,C0006,2024_L513,2024,646.25,597.8911277725576
ConvNeXt-Tiny,convnext_tiny,Full CMGT,6,C0006,2024_L521,2024,143.1,674.4104866456642
ConvNeXt-Tiny,convnext_tiny,Full CMGT,6,C0006,2024_L522,2024,731.43,517.0557139787581
ConvNeXt-Tiny,convnext_tiny,Full CMGT,6,C0006,2024_L523,2024,692.16,584.3129571787317
ConvNeXt-Tiny,convnext_tiny,Full CMGT,6,C0006,2024_L611,2024,0.0,874.5168607256423
ConvNeXt-Tiny,convnext_tiny,Full CMGT,6,C0006,2024_L612,2024,0.0,874.5168607256423
ConvNeXt-Tiny,convnext_tiny,Full CMGT,6,C0006,2024_L613,2024,325.35,729.0954499480993
ConvNeXt-Tiny,convnext_tiny,Full CMGT,6,C0006,2024_L621,2024,0.0,651.527470276274
ConvNeXt-Tiny,convnext_tiny,Full CMGT,6,C0006,2024_L622,2024,267.75,584.9525259788709
ConvNeXt-Tiny,convnext_tiny,Full CMGT,6,C0006,2024_L623,2024,482.16,511.39200849503806
ConvNeXt-Tiny,convnext_tiny,Static Image ExtraTrees,7,C0007,2024_L514,2024,825.0,760.4625305555584
ConvNeXt-Tiny,convnext_tiny,Static Image ExtraTrees,7,C0007,2024_L515,2024,102.5,760.4625305555584
ConvNeXt-Tiny,convnext_tiny,Static Image ExtraTrees,7,C0007,2024_L516,2024,252.5,760.4625305555584
ConvNeXt-Tiny,convnext_tiny,Static Image ExtraTrees,7,C0007,2024_L524,2024,283.125,760.4625305555584
ConvNeXt-Tiny,convnext_tiny,Static Image ExtraTrees,7,C0007,2024_L525,2024,738.1,760.4625305555584
ConvNeXt-Tiny,convnext_tiny,Static Image ExtraTrees,7,C0007,2024_L526,2024,778.8,760.4625305555584
ConvNeXt-Tiny,convnext_tiny,Static Image ExtraTrees,7,C0007,2024_L614,2024,360.5,760.4625305555584
ConvNeXt-Tiny,convnext_tiny,Static Image ExtraTrees,7,C0007,2024_L615,2024,466.5,760.4625305555584
ConvNeXt-Tiny,convnext_tiny,Static Image ExtraTrees,7,C0007,2024_L616,2024,180.75,760.4625305555584
ConvNeXt-Tiny,convnext_tiny,Static Image ExtraTrees,7,C0007,2024_L624,2024,565.25,760.4625305555584
ConvNeXt-Tiny,convnext_tiny,Static Image ExtraTrees,7,C0007,2024_L625,2024,563.76,760.4625305555584
ConvNeXt-Tiny,convnext_tiny,Static Image ExtraTrees,7,C0007,2024_L626,2024,1144.48,760.4625305555584
ConvNeXt-Tiny,convnext_tiny,Image Trajectory ExtraTrees,7,C0007,2024_L514,2024,825.0,779.4122294444475
ConvNeXt-Tiny,convnext_tiny,Image Trajectory ExtraTrees,7,C0007,2024_L515,2024,102.5,779.4122294444475
ConvNeXt-Tiny,convnext_tiny,Image Trajectory ExtraTrees,7,C0007,2024_L516,2024,252.5,779.4122294444475
ConvNeXt-Tiny,convnext_tiny,Image Trajectory ExtraTrees,7,C0007,2024_L524,2024,283.125,779.4122294444475
ConvNeXt-Tiny,convnext_tiny,Image Trajectory ExtraTrees,7,C0007,2024_L525,2024,738.1,779.4122294444475
ConvNeXt-Tiny,convnext_tiny,Image Trajectory ExtraTrees,7,C0007,2024_L526,2024,778.8,779.4122294444475
ConvNeXt-Tiny,convnext_tiny,Image Trajectory ExtraTrees,7,C0007,2024_L614,2024,360.5,779.4122294444475
ConvNeXt-Tiny,convnext_tiny,Image Trajectory ExtraTrees,7,C0007,2024_L615,2024,466.5,779.4122294444475
ConvNeXt-Tiny,convnext_tiny,Image Trajectory ExtraTrees,7,C0007,2024_L616,2024,180.75,779.4122294444475
ConvNeXt-Tiny,convnext_tiny,Image Trajectory ExtraTrees,7,C0007,2024_L624,2024,565.25,779.4122294444475
ConvNeXt-Tiny,convnext_tiny,Image Trajectory ExtraTrees,7,C0007,2024_L625,2024,563.76,779.4122294444475
ConvNeXt-Tiny,convnext_tiny,Image Trajectory ExtraTrees,7,C0007,2024_L626,2024,1144.48,779.4122294444475
ConvNeXt-Tiny,convnext_tiny,Full CMGT,7,C0007,2024_L514,2024,825.0,487.53257923303056
ConvNeXt-Tiny,convnext_tiny,Full CMGT,7,C0007,2024_L515,2024,102.5,510.6750371082278
ConvNeXt-Tiny,convnext_tiny,Full CMGT,7,C0007,2024_L516,2024,252.5,592.9419775239486
ConvNeXt-Tiny,convnext_tiny,Full CMGT,7,C0007,2024_L524,2024,283.125,543.2525753057134
ConvNeXt-Tiny,convnext_tiny,Full CMGT,7,C0007,2024_L525,2024,738.1,639.3104587080672
ConvNeXt-Tiny,convnext_tiny,Full CMGT,7,C0007,2024_L526,2024,778.8,449.7464497601014
ConvNeXt-Tiny,convnext_tiny,Full CMGT,7,C0007,2024_L614,2024,360.5,594.4156605328367
ConvNeXt-Tiny,convnext_tiny,Full CMGT,7,C0007,2024_L615,2024,466.5,491.28335532890844
ConvNeXt-Tiny,convnext_tiny,Full CMGT,7,C0007,2024_L616,2024,180.75,598.5441062087134
ConvNeXt-Tiny,convnext_tiny,Full CMGT,7,C0007,2024_L624,2024,565.25,542.5838411413623
ConvNeXt-Tiny,convnext_tiny,Full CMGT,7,C0007,2024_L625,2024,563.76,634.7592655738331
ConvNeXt-Tiny,convnext_tiny,Full CMGT,7,C0007,2024_L626,2024,1144.48,476.4433431054665
ConvNeXt-Tiny,convnext_tiny,Static Image ExtraTrees,8,C0008,2024_R114,2024,819.65,1021.4564116666683
ConvNeXt-Tiny,convnext_tiny,Static Image ExtraTrees,8,C0008,2024_R115,2024,648.75,1021.4564116666683
ConvNeXt-Tiny,convnext_tiny,Static Image ExtraTrees,8,C0008,2024_R116,2024,553.35,1021.4564116666683
ConvNeXt-Tiny,convnext_tiny,Static Image ExtraTrees,8,C0008,2024_R124,2024,523.6,1021.4564116666683
ConvNeXt-Tiny,convnext_tiny,Static Image ExtraTrees,8,C0008,2024_R125,2024,784.08,1021.4564116666683
ConvNeXt-Tiny,convnext_tiny,Static Image ExtraTrees,8,C0008,2024_R126,2024,653.1,1021.4564116666683
ConvNeXt-Tiny,convnext_tiny,Static Image ExtraTrees,8,C0008,2024_R217,2024,847.9,1021.4564116666683
ConvNeXt-Tiny,convnext_tiny,Static Image ExtraTrees,8,C0008,2024_R218,2024,390.85,1021.4564116666683
ConvNeXt-Tiny,convnext_tiny,Static Image ExtraTrees,8,C0008,2024_R219,2024,125.4,1021.4564116666683
ConvNeXt-Tiny,convnext_tiny,Static Image ExtraTrees,8,C0008,2024_R227,2024,618.45,1021.4564116666683
ConvNeXt-Tiny,convnext_tiny,Static Image ExtraTrees,8,C0008,2024_R228,2024,462.77,1021.4564116666683
ConvNeXt-Tiny,convnext_tiny,Static Image ExtraTrees,8,C0008,2024_R229,2024,476.055,1021.4564116666683
ConvNeXt-Tiny,convnext_tiny,Image Trajectory ExtraTrees,8,C0008,2024_R114,2024,819.65,894.383403821736
ConvNeXt-Tiny,convnext_tiny,Image Trajectory ExtraTrees,8,C0008,2024_R115,2024,648.75,894.383403821736
ConvNeXt-Tiny,convnext_tiny,Image Trajectory ExtraTrees,8,C0008,2024_R116,2024,553.35,894.383403821736
ConvNeXt-Tiny,convnext_tiny,Image Trajectory ExtraTrees,8,C0008,2024_R124,2024,523.6,894.383403821736
ConvNeXt-Tiny,convnext_tiny,Image Trajectory ExtraTrees,8,C0008,2024_R125,2024,784.08,894.383403821736
ConvNeXt-Tiny,convnext_tiny,Image Trajectory ExtraTrees,8,C0008,2024_R126,2024,653.1,894.383403821736
ConvNeXt-Tiny,convnext_tiny,Image Trajectory ExtraTrees,8,C0008,2024_R217,2024,847.9,894.383403821736
ConvNeXt-Tiny,convnext_tiny,Image Trajectory ExtraTrees,8,C0008,2024_R218,2024,390.85,894.383403821736
ConvNeXt-Tiny,convnext_tiny,Image Trajectory ExtraTrees,8,C0008,2024_R219,2024,125.4,894.383403821736
ConvNeXt-Tiny,convnext_tiny,Image Trajectory ExtraTrees,8,C0008,2024_R227,2024,618.45,894.383403821736
ConvNeXt-Tiny,convnext_tiny,Image Trajectory ExtraTrees,8,C0008,2024_R228,2024,462.77,894.383403821736
ConvNeXt-Tiny,convnext_tiny,Image Trajectory ExtraTrees,8,C0008,2024_R229,2024,476.055,894.383403821736
ConvNeXt-Tiny,convnext_tiny,Full CMGT,8,C0008,2024_R114,2024,819.65,641.5841773837357
ConvNeXt-Tiny,convnext_tiny,Full CMGT,8,C0008,2024_R115,2024,648.75,663.9304174332182
ConvNeXt-Tiny,convnext_tiny,Full CMGT,8,C0008,2024_R116,2024,553.35,494.3629107592251
ConvNeXt-Tiny,convnext_tiny,Full CMGT,8,C0008,2024_R124,2024,523.6,596.9087971027507
ConvNeXt-Tiny,convnext_tiny,Full CMGT,8,C0008,2024_R125,2024,784.08,627.3023572009182
ConvNeXt-Tiny,convnext_tiny,Full CMGT,8,C0008,2024_R126,2024,653.1,610.7572243953326
ConvNeXt-Tiny,convnext_tiny,Full CMGT,8,C0008,2024_R217,2024,847.9,571.5677900172066
ConvNeXt-Tiny,convnext_tiny,Full CMGT,8,C0008,2024_R218,2024,390.85,651.5013275891504
ConvNeXt-Tiny,convnext_tiny,Full CMGT,8,C0008,2024_R219,2024,125.4,474.3053770348977
ConvNeXt-Tiny,convnext_tiny,Full CMGT,8,C0008,2024_R227,2024,618.45,622.24421481881
ConvNeXt-Tiny,convnext_tiny,Full CMGT,8,C0008,2024_R228,2024,462.77,600.6146597656461
ConvNeXt-Tiny,convnext_tiny,Full CMGT,8,C0008,2024_R229,2024,476.055,648.3453927888731
ConvNeXt-Tiny,convnext_tiny,Static Image ExtraTrees,9,C0009,2024_R2110,2024,491.25,776.8786408333353
ConvNeXt-Tiny,convnext_tiny,Static Image ExtraTrees,9,C0009,2024_R2111,2024,973.5,776.8786408333353
ConvNeXt-Tiny,convnext_tiny,Static Image ExtraTrees,9,C0009,2024_R2112,2024,765.0,776.8786408333353
ConvNeXt-Tiny,convnext_tiny,Static Image ExtraTrees,9,C0009,2024_R2210,2024,322.16,776.8786408333353
ConvNeXt-Tiny,convnext_tiny,Static Image ExtraTrees,9,C0009,2024_R2211,2024,620.36,776.8786408333353
ConvNeXt-Tiny,convnext_tiny,Static Image ExtraTrees,9,C0009,2024_R2212,2024,649.35,776.8786408333353
ConvNeXt-Tiny,convnext_tiny,Static Image ExtraTrees,9,C0009,2024_R314,2024,112.5,776.8786408333353
ConvNeXt-Tiny,convnext_tiny,Static Image ExtraTrees,9,C0009,2024_R315,2024,530.0,776.8786408333353
ConvNeXt-Tiny,convnext_tiny,Static Image ExtraTrees,9,C0009,2024_R316,2024,366.65,776.8786408333353
ConvNeXt-Tiny,convnext_tiny,Static Image ExtraTrees,9,C0009,2024_R324,2024,373.8,776.8786408333353
ConvNeXt-Tiny,convnext_tiny,Static Image ExtraTrees,9,C0009,2024_R325,2024,812.165,776.8786408333353
ConvNeXt-Tiny,convnext_tiny,Static Image ExtraTrees,9,C0009,2024_R326,2024,588.03,776.8786408333353
ConvNeXt-Tiny,convnext_tiny,Image Trajectory ExtraTrees,9,C0009,2024_R2110,2024,491.25,826.8432808333353
ConvNeXt-Tiny,convnext_tiny,Image Trajectory ExtraTrees,9,C0009,2024_R2111,2024,973.5,826.8432808333353
ConvNeXt-Tiny,convnext_tiny,Image Trajectory ExtraTrees,9,C0009,2024_R2112,2024,765.0,826.8432808333353
ConvNeXt-Tiny,convnext_tiny,Image Trajectory ExtraTrees,9,C0009,2024_R2210,2024,322.16,826.8432808333353
ConvNeXt-Tiny,convnext_tiny,Image Trajectory ExtraTrees,9,C0009,2024_R2211,2024,620.36,826.8432808333353
ConvNeXt-Tiny,convnext_tiny,Image Trajectory ExtraTrees,9,C0009,2024_R2212,2024,649.35,826.8432808333353
ConvNeXt-Tiny,convnext_tiny,Image Trajectory ExtraTrees,9,C0009,2024_R314,2024,112.5,826.8432808333353
ConvNeXt-Tiny,convnext_tiny,Image Trajectory ExtraTrees,9,C0009,2024_R315,2024,530.0,826.8432808333353
ConvNeXt-Tiny,convnext_tiny,Image Trajectory ExtraTrees,9,C0009,2024_R316,2024,366.65,826.8432808333353
ConvNeXt-Tiny,convnext_tiny,Image Trajectory ExtraTrees,9,C0009,2024_R324,2024,373.8,826.8432808333353
ConvNeXt-Tiny,convnext_tiny,Image Trajectory ExtraTrees,9,C0009,2024_R325,2024,812.165,826.8432808333353
ConvNeXt-Tiny,convnext_tiny,Image Trajectory ExtraTrees,9,C0009,2024_R326,2024,588.03,826.8432808333353
ConvNeXt-Tiny,convnext_tiny,Full CMGT,9,C0009,2024_R2110,2024,491.25,488.2644173708097
ConvNeXt-Tiny,convnext_tiny,Full CMGT,9,C0009,2024_R2111,2024,973.5,773.5284658282044
ConvNeXt-Tiny,convnext_tiny,Full CMGT,9,C0009,2024_R2112,2024,765.0,526.7730359499899
ConvNeXt-Tiny,convnext_tiny,Full CMGT,9,C0009,2024_R2210,2024,322.16,596.0059262178617
ConvNeXt-Tiny,convnext_tiny,Full CMGT,9,C0009,2024_R2211,2024,620.36,535.5542607562577
ConvNeXt-Tiny,convnext_tiny,Full CMGT,9,C0009,2024_R2212,2024,649.35,632.0003663740135
ConvNeXt-Tiny,convnext_tiny,Full CMGT,9,C0009,2024_R314,2024,112.5,531.9167477754529
ConvNeXt-Tiny,convnext_tiny,Full CMGT,9,C0009,2024_R315,2024,530.0,631.6212803537455
ConvNeXt-Tiny,convnext_tiny,Full CMGT,9,C0009,2024_R316,2024,366.65,751.4603683226276
ConvNeXt-Tiny,convnext_tiny,Full CMGT,9,C0009,2024_R324,2024,373.8,662.9188493563084
ConvNeXt-Tiny,convnext_tiny,Full CMGT,9,C0009,2024_R325,2024,812.165,553.1826829386089
ConvNeXt-Tiny,convnext_tiny,Full CMGT,9,C0009,2024_R326,2024,588.03,840.5235706500908
ConvNeXt-Tiny,convnext_tiny,Static Image ExtraTrees,10,C0010,2024_R517,2024,892.5,1032.8879605555594
ConvNeXt-Tiny,convnext_tiny,Static Image ExtraTrees,10,C0010,2024_R518,2024,393.75,1032.8879605555594
ConvNeXt-Tiny,convnext_tiny,Static Image ExtraTrees,10,C0010,2024_R519,2024,565.0,1032.8879605555594
ConvNeXt-Tiny,convnext_tiny,Static Image ExtraTrees,10,C0010,2024_R527,2024,487.49,1032.8879605555594
ConvNeXt-Tiny,convnext_tiny,Static Image ExtraTrees,10,C0010,2024_R528,2024,926.52,1032.8879605555594
ConvNeXt-Tiny,convnext_tiny,Static Image ExtraTrees,10,C0010,2024_R529,2024,630.41,1032.8879605555594
ConvNeXt-Tiny,convnext_tiny,Static Image ExtraTrees,10,C0010,2024_R617,2024,1021.25,1032.8879605555594
ConvNeXt-Tiny,convnext_tiny,Static Image ExtraTrees,10,C0010,2024_R618,2024,1031.25,1032.8879605555594
ConvNeXt-Tiny,convnext_tiny,Static Image ExtraTrees,10,C0010,2024_R619,2024,75.0,1032.8879605555594
ConvNeXt-Tiny,convnext_tiny,Static Image ExtraTrees,10,C0010,2024_R627,2024,613.97,1032.8879605555594
ConvNeXt-Tiny,convnext_tiny,Static Image ExtraTrees,10,C0010,2024_R628,2024,469.8,1032.8879605555594
ConvNeXt-Tiny,convnext_tiny,Static Image ExtraTrees,10,C0010,2024_R629,2024,710.08,1032.8879605555594
ConvNeXt-Tiny,convnext_tiny,Image Trajectory ExtraTrees,10,C0010,2024_R517,2024,892.5,745.5741694444454
ConvNeXt-Tiny,convnext_tiny,Image Trajectory ExtraTrees,10,C0010,2024_R518,2024,393.75,745.5741694444454
ConvNeXt-Tiny,convnext_tiny,Image Trajectory ExtraTrees,10,C0010,2024_R519,2024,565.0,745.5741694444454
ConvNeXt-Tiny,convnext_tiny,Image Trajectory ExtraTrees,10,C0010,2024_R527,2024,487.49,745.5741694444454
ConvNeXt-Tiny,convnext_tiny,Image Trajectory ExtraTrees,10,C0010,2024_R528,2024,926.52,745.5741694444454
ConvNeXt-Tiny,convnext_tiny,Image Trajectory ExtraTrees,10,C0010,2024_R529,2024,630.41,745.5741694444454
ConvNeXt-Tiny,convnext_tiny,Image Trajectory ExtraTrees,10,C0010,2024_R617,2024,1021.25,745.5741694444454
ConvNeXt-Tiny,convnext_tiny,Image Trajectory ExtraTrees,10,C0010,2024_R618,2024,1031.25,745.5741694444454
ConvNeXt-Tiny,convnext_tiny,Image Trajectory ExtraTrees,10,C0010,2024_R619,2024,75.0,745.5741694444454
ConvNeXt-Tiny,convnext_tiny,Image Trajectory ExtraTrees,10,C0010,2024_R627,2024,613.97,745.5741694444454
ConvNeXt-Tiny,convnext_tiny,Image Trajectory ExtraTrees,10,C0010,2024_R628,2024,469.8,745.5741694444454
ConvNeXt-Tiny,convnext_tiny,Image Trajectory ExtraTrees,10,C0010,2024_R629,2024,710.08,745.5741694444454
ConvNeXt-Tiny,convnext_tiny,Full CMGT,10,C0010,2024_R517,2024,892.5,552.9406134266675
ConvNeXt-Tiny,convnext_tiny,Full CMGT,10,C0010,2024_R518,2024,393.75,545.6663340698608
ConvNeXt-Tiny,convnext_tiny,Full CMGT,10,C0010,2024_R519,2024,565.0,504.3610491980361
ConvNeXt-Tiny,convnext_tiny,Full CMGT,10,C0010,2024_R527,2024,487.49,640.0843085230888
ConvNeXt-Tiny,convnext_tiny,Full CMGT,10,C0010,2024_R528,2024,926.52,655.0627181593072
ConvNeXt-Tiny,convnext_tiny,Full CMGT,10,C0010,2024_R529,2024,630.41,613.1433466505373
ConvNeXt-Tiny,convnext_tiny,Full CMGT,10,C0010,2024_R617,2024,1021.25,611.3930344938487
ConvNeXt-Tiny,convnext_tiny,Full CMGT,10,C0010,2024_R618,2024,1031.25,579.9620322278982
ConvNeXt-Tiny,convnext_tiny,Full CMGT,10,C0010,2024_R619,2024,75.0,571.462881476606
ConvNeXt-Tiny,convnext_tiny,Full CMGT,10,C0010,2024_R627,2024,613.97,616.0261955422228
ConvNeXt-Tiny,convnext_tiny,Full CMGT,10,C0010,2024_R628,2024,469.8,748.8679887579666
ConvNeXt-Tiny,convnext_tiny,Full CMGT,10,C0010,2024_R629,2024,710.08,630.2736642735084
ConvNeXt-Tiny,convnext_tiny,Static Image ExtraTrees,11,C0011,2025_CK11,2025,420.0,958.4163005555595
ConvNeXt-Tiny,convnext_tiny,Static Image ExtraTrees,11,C0011,2025_CK12,2025,333.3,958.4163005555595
ConvNeXt-Tiny,convnext_tiny,Static Image ExtraTrees,11,C0011,2025_CK13,2025,350.0,958.4163005555595
ConvNeXt-Tiny,convnext_tiny,Static Image ExtraTrees,11,C0011,2025_CK21,2025,1412.4,958.4163005555595
ConvNeXt-Tiny,convnext_tiny,Static Image ExtraTrees,11,C0011,2025_CK22,2025,1438.2,958.4163005555595
ConvNeXt-Tiny,convnext_tiny,Static Image ExtraTrees,11,C0011,2025_CK23,2025,1649.1,958.4163005555595
ConvNeXt-Tiny,convnext_tiny,Static Image ExtraTrees,11,C0011,2025_L411,2025,1621.8,958.4163005555595
ConvNeXt-Tiny,convnext_tiny,Static Image ExtraTrees,11,C0011,2025_L412,2025,15.0,958.4163005555595
ConvNeXt-Tiny,convnext_tiny,Static Image ExtraTrees,11,C0011,2025_L413,2025,2125.0,958.4163005555595
ConvNeXt-Tiny,convnext_tiny,Static Image ExtraTrees,11,C0011,2025_L421,2025,1841.28,958.4163005555595
ConvNeXt-Tiny,convnext_tiny,Static Image ExtraTrees,11,C0011,2025_L422,2025,1594.54,958.4163005555595
ConvNeXt-Tiny,convnext_tiny,Static Image ExtraTrees,11,C0011,2025_L423,2025,1519.38,958.4163005555595
ConvNeXt-Tiny,convnext_tiny,Image Trajectory ExtraTrees,11,C0011,2025_CK11,2025,420.0,843.5658000000025
ConvNeXt-Tiny,convnext_tiny,Image Trajectory ExtraTrees,11,C0011,2025_CK12,2025,333.3,843.5658000000025
ConvNeXt-Tiny,convnext_tiny,Image Trajectory ExtraTrees,11,C0011,2025_CK13,2025,350.0,843.5658000000025
ConvNeXt-Tiny,convnext_tiny,Image Trajectory ExtraTrees,11,C0011,2025_CK21,2025,1412.4,843.5658000000025
ConvNeXt-Tiny,convnext_tiny,Image Trajectory ExtraTrees,11,C0011,2025_CK22,2025,1438.2,843.5658000000025
ConvNeXt-Tiny,convnext_tiny,Image Trajectory ExtraTrees,11,C0011,2025_CK23,2025,1649.1,843.5658000000025
ConvNeXt-Tiny,convnext_tiny,Image Trajectory ExtraTrees,11,C0011,2025_L411,2025,1621.8,843.5658000000025
ConvNeXt-Tiny,convnext_tiny,Image Trajectory ExtraTrees,11,C0011,2025_L412,2025,15.0,843.5658000000025
ConvNeXt-Tiny,convnext_tiny,Image Trajectory ExtraTrees,11,C0011,2025_L413,2025,2125.0,843.5658000000025
ConvNeXt-Tiny,convnext_tiny,Image Trajectory ExtraTrees,11,C0011,2025_L421,2025,1841.28,843.5658000000025
ConvNeXt-Tiny,convnext_tiny,Image Trajectory ExtraTrees,11,C0011,2025_L422,2025,1594.54,843.5658000000025
ConvNeXt-Tiny,convnext_tiny,Image Trajectory ExtraTrees,11,C0011,2025_L423,2025,1519.38,843.5658000000025
ConvNeXt-Tiny,convnext_tiny,Full CMGT,11,C0011,2025_CK11,2025,420.0,889.3249781278863
ConvNeXt-Tiny,convnext_tiny,Full CMGT,11,C0011,2025_CK12,2025,333.3,1010.3504737485302
ConvNeXt-Tiny,convnext_tiny,Full CMGT,11,C0011,2025_CK13,2025,350.0,1179.7460153478057
ConvNeXt-Tiny,convnext_tiny,Full CMGT,11,C0011,2025_CK21,2025,1412.4,1020.0231987433109
ConvNeXt-Tiny,convnext_tiny,Full CMGT,11,C0011,2025_CK22,2025,1438.2,1098.1901198281998
ConvNeXt-Tiny,convnext_tiny,Full CMGT,11,C0011,2025_CK23,2025,1649.1,1186.1701057341495
ConvNeXt-Tiny,convnext_tiny,Full CMGT,11,C0011,2025_L411,2025,1621.8,902.2514283088342
ConvNeXt-Tiny,convnext_tiny,Full CMGT,11,C0011,2025_L412,2025,15.0,777.06909877197
ConvNeXt-Tiny,convnext_tiny,Full CMGT,11,C0011,2025_L413,2025,2125.0,945.0520637532107
ConvNeXt-Tiny,convnext_tiny,Full CMGT,11,C0011,2025_L421,2025,1841.28,841.6472853780542
ConvNeXt-Tiny,convnext_tiny,Full CMGT,11,C0011,2025_L422,2025,1594.54,867.6436266085935
ConvNeXt-Tiny,convnext_tiny,Full CMGT,11,C0011,2025_L423,2025,1519.38,1095.8877669845451
ConvNeXt-Tiny,convnext_tiny,Static Image ExtraTrees,12,C0012,2025_CK24,2025,1226.05,1510.8000000000086
ConvNeXt-Tiny,convnext_tiny,Image Trajectory ExtraTrees,12,C0012,2025_CK24,2025,1226.05,1510.8000000000086
ConvNeXt-Tiny,convnext_tiny,Full CMGT,12,C0012,2025_CK24,2025,1226.05,1410.136769694586
ConvNeXt-Tiny,convnext_tiny,Static Image ExtraTrees,13,C0013,2025_CK25,2025,1358.76,1444.4449999999902
ConvNeXt-Tiny,convnext_tiny,Image Trajectory ExtraTrees,13,C0013,2025_CK25,2025,1358.76,1444.4449999999902
ConvNeXt-Tiny,convnext_tiny,Full CMGT,13,C0013,2025_CK25,2025,1358.76,1326.5822458528187
ConvNeXt-Tiny,convnext_tiny,Static Image ExtraTrees,14,C0014,2025_CK26,2025,1662.84,1292.3617933333496
ConvNeXt-Tiny,convnext_tiny,Image Trajectory ExtraTrees,14,C0014,2025_CK26,2025,1662.84,1292.4050000000161
ConvNeXt-Tiny,convnext_tiny,Full CMGT,14,C0014,2025_CK26,2025,1662.84,1272.7642347424985
ConvNeXt-Tiny,convnext_tiny,Static Image ExtraTrees,15,C0015,2025_L111,2025,1081.7,959.664717521366
ConvNeXt-Tiny,convnext_tiny,Static Image ExtraTrees,15,C0015,2025_L112,2025,160.0,959.664717521366
ConvNeXt-Tiny,convnext_tiny,Static Image ExtraTrees,15,C0015,2025_L113,2025,0.0,959.664717521366
ConvNeXt-Tiny,convnext_tiny,Static Image ExtraTrees,15,C0015,2025_L121,2025,1367.3,959.664717521366
ConvNeXt-Tiny,convnext_tiny,Static Image ExtraTrees,15,C0015,2025_L122,2025,1323.0,959.664717521366
ConvNeXt-Tiny,convnext_tiny,Static Image ExtraTrees,15,C0015,2025_L123,2025,1340.64,959.664717521366
ConvNeXt-Tiny,convnext_tiny,Static Image ExtraTrees,15,C0015,2025_L211,2025,758.6,959.664717521366
ConvNeXt-Tiny,convnext_tiny,Static Image ExtraTrees,15,C0015,2025_L212,2025,458.3,959.664717521366
ConvNeXt-Tiny,convnext_tiny,Static Image ExtraTrees,15,C0015,2025_L213,2025,110.0,959.664717521366
ConvNeXt-Tiny,convnext_tiny,Static Image ExtraTrees,15,C0015,2025_L221,2025,1403.36,959.664717521366
ConvNeXt-Tiny,convnext_tiny,Static Image ExtraTrees,15,C0015,2025_L222,2025,1425.6,959.664717521366
ConvNeXt-Tiny,convnext_tiny,Static Image ExtraTrees,15,C0015,2025_L223,2025,1546.96,959.664717521366
ConvNeXt-Tiny,convnext_tiny,Image Trajectory ExtraTrees,15,C0015,2025_L111,2025,1081.7,888.0636636111109
ConvNeXt-Tiny,convnext_tiny,Image Trajectory ExtraTrees,15,C0015,2025_L112,2025,160.0,888.0636636111109
ConvNeXt-Tiny,convnext_tiny,Image Trajectory ExtraTrees,15,C0015,2025_L113,2025,0.0,888.0636636111109
ConvNeXt-Tiny,convnext_tiny,Image Trajectory ExtraTrees,15,C0015,2025_L121,2025,1367.3,888.0636636111109
ConvNeXt-Tiny,convnext_tiny,Image Trajectory ExtraTrees,15,C0015,2025_L122,2025,1323.0,888.0636636111109
ConvNeXt-Tiny,convnext_tiny,Image Trajectory ExtraTrees,15,C0015,2025_L123,2025,1340.64,888.0636636111109
ConvNeXt-Tiny,convnext_tiny,Image Trajectory ExtraTrees,15,C0015,2025_L211,2025,758.6,888.0636636111109
ConvNeXt-Tiny,convnext_tiny,Image Trajectory ExtraTrees,15,C0015,2025_L212,2025,458.3,888.0636636111109
ConvNeXt-Tiny,convnext_tiny,Image Trajectory ExtraTrees,15,C0015,2025_L213,2025,110.0,888.0636636111109
ConvNeXt-Tiny,convnext_tiny,Image Trajectory ExtraTrees,15,C0015,2025_L221,2025,1403.36,888.0636636111109
ConvNeXt-Tiny,convnext_tiny,Image Trajectory ExtraTrees,15,C0015,2025_L222,2025,1425.6,888.0636636111109
ConvNeXt-Tiny,convnext_tiny,Image Trajectory ExtraTrees,15,C0015,2025_L223,2025,1546.96,888.0636636111109
ConvNeXt-Tiny,convnext_tiny,Full CMGT,15,C0015,2025_L111,2025,1081.7,529.1132437188895
ConvNeXt-Tiny,convnext_tiny,Full CMGT,15,C0015,2025_L112,2025,160.0,603.8007729557146
ConvNeXt-Tiny,convnext_tiny,Full CMGT,15,C0015,2025_L113,2025,0.0,877.2208548896399
ConvNeXt-Tiny,convnext_tiny,Full CMGT,15,C0015,2025_L121,2025,1367.3,1262.9690927388592
ConvNeXt-Tiny,convnext_tiny,Full CMGT,15,C0015,2025_L122,2025,1323.0,1524.2501602024722
ConvNeXt-Tiny,convnext_tiny,Full CMGT,15,C0015,2025_L123,2025,1340.64,1368.0849988184718
ConvNeXt-Tiny,convnext_tiny,Full CMGT,15,C0015,2025_L211,2025,758.6,1061.3721091358211
ConvNeXt-Tiny,convnext_tiny,Full CMGT,15,C0015,2025_L212,2025,458.3,635.992870558954
ConvNeXt-Tiny,convnext_tiny,Full CMGT,15,C0015,2025_L213,2025,110.0,1309.8501359104262
ConvNeXt-Tiny,convnext_tiny,Full CMGT,15,C0015,2025_L221,2025,1403.36,850.1683296404464
ConvNeXt-Tiny,convnext_tiny,Full CMGT,15,C0015,2025_L222,2025,1425.6,1348.1294554824976
ConvNeXt-Tiny,convnext_tiny,Full CMGT,15,C0015,2025_L223,2025,1546.96,1085.5466932414824
ConvNeXt-Tiny,convnext_tiny,Static Image ExtraTrees,16,C0016,2025_L214,2025,562.5,904.6810152777764
ConvNeXt-Tiny,convnext_tiny,Static Image ExtraTrees,16,C0016,2025_L215,2025,899.999999999999,904.6810152777764
ConvNeXt-Tiny,convnext_tiny,Static Image ExtraTrees,16,C0016,2025_L216,2025,633.3,904.6810152777764
ConvNeXt-Tiny,convnext_tiny,Static Image ExtraTrees,16,C0016,2025_L224,2025,1048.6,904.6810152777764
ConvNeXt-Tiny,convnext_tiny,Static Image ExtraTrees,16,C0016,2025_L225,2025,1122.0,904.6810152777764
ConvNeXt-Tiny,convnext_tiny,Static Image ExtraTrees,16,C0016,2025_L226,2025,1374.25,904.6810152777764
ConvNeXt-Tiny,convnext_tiny,Static Image ExtraTrees,16,C0016,2025_L311,2025,410.0,904.6810152777764
ConvNeXt-Tiny,convnext_tiny,Static Image ExtraTrees,16,C0016,2025_L312,2025,100.0,904.6810152777764
ConvNeXt-Tiny,convnext_tiny,Static Image ExtraTrees,16,C0016,2025_L313,2025,840.0,904.6810152777764
ConvNeXt-Tiny,convnext_tiny,Static Image ExtraTrees,16,C0016,2025_L321,2025,1447.16,904.6810152777764
ConvNeXt-Tiny,convnext_tiny,Static Image ExtraTrees,16,C0016,2025_L322,2025,1370.88,904.6810152777764
ConvNeXt-Tiny,convnext_tiny,Static Image ExtraTrees,16,C0016,2025_L323,2025,1288.0,904.6810152777764
ConvNeXt-Tiny,convnext_tiny,Image Trajectory ExtraTrees,16,C0016,2025_L214,2025,562.5,1000.8308186111103
ConvNeXt-Tiny,convnext_tiny,Image Trajectory ExtraTrees,16,C0016,2025_L215,2025,899.999999999999,1000.8308186111103
ConvNeXt-Tiny,convnext_tiny,Image Trajectory ExtraTrees,16,C0016,2025_L216,2025,633.3,1000.8308186111103
ConvNeXt-Tiny,convnext_tiny,Image Trajectory ExtraTrees,16,C0016,2025_L224,2025,1048.6,1000.8308186111103
ConvNeXt-Tiny,convnext_tiny,Image Trajectory ExtraTrees,16,C0016,2025_L225,2025,1122.0,1000.8308186111103
ConvNeXt-Tiny,convnext_tiny,Image Trajectory ExtraTrees,16,C0016,2025_L226,2025,1374.25,1000.8308186111103
ConvNeXt-Tiny,convnext_tiny,Image Trajectory ExtraTrees,16,C0016,2025_L311,2025,410.0,1000.8308186111103
ConvNeXt-Tiny,convnext_tiny,Image Trajectory ExtraTrees,16,C0016,2025_L312,2025,100.0,1000.8308186111103
ConvNeXt-Tiny,convnext_tiny,Image Trajectory ExtraTrees,16,C0016,2025_L313,2025,840.0,1000.8308186111103
ConvNeXt-Tiny,convnext_tiny,Image Trajectory ExtraTrees,16,C0016,2025_L321,2025,1447.16,1000.8308186111103
ConvNeXt-Tiny,convnext_tiny,Image Trajectory ExtraTrees,16,C0016,2025_L322,2025,1370.88,1000.8308186111103
ConvNeXt-Tiny,convnext_tiny,Image Trajectory ExtraTrees,16,C0016,2025_L323,2025,1288.0,1000.8308186111103
ConvNeXt-Tiny,convnext_tiny,Full CMGT,16,C0016,2025_L214,2025,562.5,723.7963701145773
ConvNeXt-Tiny,convnext_tiny,Full CMGT,16,C0016,2025_L215,2025,899.999999999999,660.2796899947176
ConvNeXt-Tiny,convnext_tiny,Full CMGT,16,C0016,2025_L216,2025,633.3,788.2919629081676
ConvNeXt-Tiny,convnext_tiny,Full CMGT,16,C0016,2025_L224,2025,1048.6,634.0212413124136
ConvNeXt-Tiny,convnext_tiny,Full CMGT,16,C0016,2025_L225,2025,1122.0,652.9098267042874
ConvNeXt-Tiny,convnext_tiny,Full CMGT,16,C0016,2025_L226,2025,1374.25,862.3746969887827
ConvNeXt-Tiny,convnext_tiny,Full CMGT,16,C0016,2025_L311,2025,410.0,1201.9915032389122
ConvNeXt-Tiny,convnext_tiny,Full CMGT,16,C0016,2025_L312,2025,100.0,624.3499645618407
ConvNeXt-Tiny,convnext_tiny,Full CMGT,16,C0016,2025_L313,2025,840.0,779.6753807339481
ConvNeXt-Tiny,convnext_tiny,Full CMGT,16,C0016,2025_L321,2025,1447.16,899.4396397162756
ConvNeXt-Tiny,convnext_tiny,Full CMGT,16,C0016,2025_L322,2025,1370.88,920.7152512424158
ConvNeXt-Tiny,convnext_tiny,Full CMGT,16,C0016,2025_L323,2025,1288.0,750.6378041956149
ConvNeXt-Tiny,convnext_tiny,Static Image ExtraTrees,17,C0017,2025_L511,2025,300.0,942.7603836111113
ConvNeXt-Tiny,convnext_tiny,Static Image ExtraTrees,17,C0017,2025_L512,2025,1150.0,942.7603836111113
ConvNeXt-Tiny,convnext_tiny,Static Image ExtraTrees,17,C0017,2025_L513,2025,1292.5,942.7603836111113
ConvNeXt-Tiny,convnext_tiny,Static Image ExtraTrees,17,C0017,2025_L521,2025,1286.2,942.7603836111113
ConvNeXt-Tiny,convnext_tiny,Static Image ExtraTrees,17,C0017,2025_L522,2025,1462.86,942.7603836111113
ConvNeXt-Tiny,convnext_tiny,Static Image ExtraTrees,17,C0017,2025_L523,2025,1384.32,942.7603836111113
ConvNeXt-Tiny,convnext_tiny,Static Image ExtraTrees,17,C0017,2025_L611,2025,800.0,942.7603836111113
ConvNeXt-Tiny,convnext_tiny,Static Image ExtraTrees,17,C0017,2025_L612,2025,666.6,942.7603836111113
ConvNeXt-Tiny,convnext_tiny,Static Image ExtraTrees,17,C0017,2025_L613,2025,650.7,942.7603836111113
ConvNeXt-Tiny,convnext_tiny,Static Image ExtraTrees,17,C0017,2025_L621,2025,1220.4,942.7603836111113
ConvNeXt-Tiny,convnext_tiny,Static Image ExtraTrees,17,C0017,2025_L622,2025,535.5,942.7603836111113
ConvNeXt-Tiny,convnext_tiny,Static Image ExtraTrees,17,C0017,2025_L623,2025,964.32,942.7603836111113
ConvNeXt-Tiny,convnext_tiny,Image Trajectory ExtraTrees,17,C0017,2025_L511,2025,300.0,869.3932914529915
ConvNeXt-Tiny,convnext_tiny,Image Trajectory ExtraTrees,17,C0017,2025_L512,2025,1150.0,869.3932914529915
ConvNeXt-Tiny,convnext_tiny,Image Trajectory ExtraTrees,17,C0017,2025_L513,2025,1292.5,869.3932914529915
ConvNeXt-Tiny,convnext_tiny,Image Trajectory ExtraTrees,17,C0017,2025_L521,2025,1286.2,869.3932914529915
ConvNeXt-Tiny,convnext_tiny,Image Trajectory ExtraTrees,17,C0017,2025_L522,2025,1462.86,869.3932914529915
ConvNeXt-Tiny,convnext_tiny,Image Trajectory ExtraTrees,17,C0017,2025_L523,2025,1384.32,869.3932914529915
ConvNeXt-Tiny,convnext_tiny,Image Trajectory ExtraTrees,17,C0017,2025_L611,2025,800.0,869.3932914529915
ConvNeXt-Tiny,convnext_tiny,Image Trajectory ExtraTrees,17,C0017,2025_L612,2025,666.6,869.3932914529915
ConvNeXt-Tiny,convnext_tiny,Image Trajectory ExtraTrees,17,C0017,2025_L613,2025,650.7,869.3932914529915
ConvNeXt-Tiny,convnext_tiny,Image Trajectory ExtraTrees,17,C0017,2025_L621,2025,1220.4,869.3932914529915
ConvNeXt-Tiny,convnext_tiny,Image Trajectory ExtraTrees,17,C0017,2025_L622,2025,535.5,869.3932914529915
ConvNeXt-Tiny,convnext_tiny,Image Trajectory ExtraTrees,17,C0017,2025_L623,2025,964.32,869.3932914529915
ConvNeXt-Tiny,convnext_tiny,Full CMGT,17,C0017,2025_L511,2025,300.0,837.6930649370037
ConvNeXt-Tiny,convnext_tiny,Full CMGT,17,C0017,2025_L512,2025,1150.0,1235.7751821935485
ConvNeXt-Tiny,convnext_tiny,Full CMGT,17,C0017,2025_L513,2025,1292.5,762.7012387062473
ConvNeXt-Tiny,convnext_tiny,Full CMGT,17,C0017,2025_L521,2025,1286.2,1024.119136405804
ConvNeXt-Tiny,convnext_tiny,Full CMGT,17,C0017,2025_L522,2025,1462.86,1132.9259465148662
ConvNeXt-Tiny,convnext_tiny,Full CMGT,17,C0017,2025_L523,2025,1384.32,928.8732673014159
ConvNeXt-Tiny,convnext_tiny,Full CMGT,17,C0017,2025_L611,2025,800.0,1027.1750019419924
ConvNeXt-Tiny,convnext_tiny,Full CMGT,17,C0017,2025_L612,2025,666.6,983.550645745779
ConvNeXt-Tiny,convnext_tiny,Full CMGT,17,C0017,2025_L613,2025,650.7,924.8482432375268
ConvNeXt-Tiny,convnext_tiny,Full CMGT,17,C0017,2025_L621,2025,1220.4,1297.6792368860547
ConvNeXt-Tiny,convnext_tiny,Full CMGT,17,C0017,2025_L622,2025,535.5,605.4726695571375
ConvNeXt-Tiny,convnext_tiny,Full CMGT,17,C0017,2025_L623,2025,964.32,875.4519287269366
ConvNeXt-Tiny,convnext_tiny,Static Image ExtraTrees,18,C0018,2025_L514,2025,1650.0,978.4207437362596
ConvNeXt-Tiny,convnext_tiny,Static Image ExtraTrees,18,C0018,2025_L515,2025,205.0,978.4207437362596
ConvNeXt-Tiny,convnext_tiny,Static Image ExtraTrees,18,C0018,2025_L516,2025,105.0,978.4207437362596
ConvNeXt-Tiny,convnext_tiny,Static Image ExtraTrees,18,C0018,2025_L524,2025,1566.25,978.4207437362596
ConvNeXt-Tiny,convnext_tiny,Static Image ExtraTrees,18,C0018,2025_L525,2025,1476.2,978.4207437362596
ConvNeXt-Tiny,convnext_tiny,Static Image ExtraTrees,18,C0018,2025_L526,2025,1557.6,978.4207437362596
ConvNeXt-Tiny,convnext_tiny,Static Image ExtraTrees,18,C0018,2025_L614,2025,721.0,978.4207437362596
ConvNeXt-Tiny,convnext_tiny,Static Image ExtraTrees,18,C0018,2025_L615,2025,933.0,978.4207437362596
ConvNeXt-Tiny,convnext_tiny,Static Image ExtraTrees,18,C0018,2025_L616,2025,37.5,978.4207437362596
ConvNeXt-Tiny,convnext_tiny,Image Trajectory ExtraTrees,18,C0018,2025_L514,2025,1650.0,1070.5179448626375
ConvNeXt-Tiny,convnext_tiny,Image Trajectory ExtraTrees,18,C0018,2025_L515,2025,205.0,1070.5179448626375
ConvNeXt-Tiny,convnext_tiny,Image Trajectory ExtraTrees,18,C0018,2025_L516,2025,105.0,1070.5179448626375
ConvNeXt-Tiny,convnext_tiny,Image Trajectory ExtraTrees,18,C0018,2025_L524,2025,1566.25,1070.5179448626375
ConvNeXt-Tiny,convnext_tiny,Image Trajectory ExtraTrees,18,C0018,2025_L525,2025,1476.2,1070.5179448626375
ConvNeXt-Tiny,convnext_tiny,Image Trajectory ExtraTrees,18,C0018,2025_L526,2025,1557.6,1070.5179448626375
ConvNeXt-Tiny,convnext_tiny,Image Trajectory ExtraTrees,18,C0018,2025_L614,2025,721.0,1070.5179448626375
ConvNeXt-Tiny,convnext_tiny,Image Trajectory ExtraTrees,18,C0018,2025_L615,2025,933.0,1070.5179448626375
ConvNeXt-Tiny,convnext_tiny,Image Trajectory ExtraTrees,18,C0018,2025_L616,2025,37.5,1070.5179448626375
ConvNeXt-Tiny,convnext_tiny,Full CMGT,18,C0018,2025_L514,2025,1650.0,1098.2270080261032
ConvNeXt-Tiny,convnext_tiny,Full CMGT,18,C0018,2025_L515,2025,205.0,651.6945420213844
ConvNeXt-Tiny,convnext_tiny,Full CMGT,18,C0018,2025_L516,2025,105.0,534.9637233757445
ConvNeXt-Tiny,convnext_tiny,Full CMGT,18,C0018,2025_L524,2025,1566.25,980.2383457917713
ConvNeXt-Tiny,convnext_tiny,Full CMGT,18,C0018,2025_L525,2025,1476.2,1036.6231799019852
ConvNeXt-Tiny,convnext_tiny,Full CMGT,18,C0018,2025_L526,2025,1557.6,1131.4659180825058
ConvNeXt-Tiny,convnext_tiny,Full CMGT,18,C0018,2025_L614,2025,721.0,493.35228716124107
ConvNeXt-Tiny,convnext_tiny,Full CMGT,18,C0018,2025_L615,2025,933.0,891.532768514762
ConvNeXt-Tiny,convnext_tiny,Full CMGT,18,C0018,2025_L616,2025,37.5,607.1331646091252
DINOv2-Small,dinov2_small,Static Image ExtraTrees,1,C0001,2023_121,2023,910.0,908.9282172222191
DINOv2-Small,dinov2_small,Static Image ExtraTrees,1,C0001,2023_122,2023,868.0,908.9282172222191
DINOv2-Small,dinov2_small,Static Image ExtraTrees,1,C0001,2023_123,2023,1014.8,908.9282172222191
DINOv2-Small,dinov2_small,Static Image ExtraTrees,1,C0001,2023_221,2023,884.8,908.9282172222191
DINOv2-Small,dinov2_small,Static Image ExtraTrees,1,C0001,2023_222,2023,933.4,908.9282172222191
DINOv2-Small,dinov2_small,Static Image ExtraTrees,1,C0001,2023_223,2023,945.6,908.9282172222191
DINOv2-Small,dinov2_small,Static Image ExtraTrees,1,C0001,2023_224,2023,1118.6,1009.3435841666624
DINOv2-Small,dinov2_small,Static Image ExtraTrees,1,C0001,2023_225,2023,812.0,1009.3435841666624
DINOv2-Small,dinov2_small,Static Image ExtraTrees,1,C0001,2023_226,2023,760.8,1009.3435841666624
DINOv2-Small,dinov2_small,Static Image ExtraTrees,1,C0001,2023_321,2023,835.1,1009.3435841666624
DINOv2-Small,dinov2_small,Static Image ExtraTrees,1,C0001,2023_322,2023,821.0,1009.3435841666624
DINOv2-Small,dinov2_small,Static Image ExtraTrees,1,C0001,2023_323,2023,1046.8,1009.3435841666624
DINOv2-Small,dinov2_small,Static Image ExtraTrees,1,C0001,2023_324,2023,1041.2,869.9574099999985
DINOv2-Small,dinov2_small,Static Image ExtraTrees,1,C0001,2023_325,2023,1070.0,869.9574099999985
DINOv2-Small,dinov2_small,Static Image ExtraTrees,1,C0001,2023_326,2023,1134.6,869.9574099999985
DINOv2-Small,dinov2_small,Static Image ExtraTrees,1,C0001,2023_421,2023,987.16,978.6749247222185
DINOv2-Small,dinov2_small,Static Image ExtraTrees,1,C0001,2023_422,2023,1093.4,978.6749247222185
DINOv2-Small,dinov2_small,Static Image ExtraTrees,1,C0001,2023_423,2023,1070.67,978.6749247222185
DINOv2-Small,dinov2_small,Static Image ExtraTrees,1,C0001,2023_521,2023,1008.8,978.6749247222185
DINOv2-Small,dinov2_small,Static Image ExtraTrees,1,C0001,2023_522,2023,991.4,978.6749247222185
DINOv2-Small,dinov2_small,Static Image ExtraTrees,1,C0001,2023_523,2023,1078.2,978.6749247222185
DINOv2-Small,dinov2_small,Static Image ExtraTrees,1,C0001,2023_524,2023,1125.3,866.8869947222208
DINOv2-Small,dinov2_small,Static Image ExtraTrees,1,C0001,2023_525,2023,1087.0,866.8869947222208
DINOv2-Small,dinov2_small,Static Image ExtraTrees,1,C0001,2023_526,2023,1124.4,866.8869947222208
DINOv2-Small,dinov2_small,Static Image ExtraTrees,1,C0001,2023_527,2023,1451.6,850.1033822222207
DINOv2-Small,dinov2_small,Static Image ExtraTrees,1,C0001,2023_528,2023,1306.8,850.1033822222207
DINOv2-Small,dinov2_small,Static Image ExtraTrees,1,C0001,2023_529,2023,1158.2,850.1033822222207
DINOv2-Small,dinov2_small,Static Image ExtraTrees,1,C0001,2023_621,2023,1174.0,866.8869947222208
DINOv2-Small,dinov2_small,Static Image ExtraTrees,1,C0001,2023_622,2023,1112.9,866.8869947222208
DINOv2-Small,dinov2_small,Static Image ExtraTrees,1,C0001,2023_623,2023,1220.2,866.8869947222208
DINOv2-Small,dinov2_small,Static Image ExtraTrees,1,C0001,2023_624,2023,1096.5,850.1033822222207
DINOv2-Small,dinov2_small,Static Image ExtraTrees,1,C0001,2023_625,2023,1254.0,850.1033822222207
DINOv2-Small,dinov2_small,Static Image ExtraTrees,1,C0001,2023_626,2023,1260.0,849.9220197222206
DINOv2-Small,dinov2_small,Static Image ExtraTrees,1,C0001,2023_721,2023,1128.0,869.9574099999985
DINOv2-Small,dinov2_small,Static Image ExtraTrees,1,C0001,2023_722,2023,1065.6,870.3044905555538
DINOv2-Small,dinov2_small,Static Image ExtraTrees,1,C0001,2023_723,2023,1093.6,870.3044905555538
DINOv2-Small,dinov2_small,Static Image ExtraTrees,1,C0001,2023_724,2023,1070.4,887.1076086111087
DINOv2-Small,dinov2_small,Static Image ExtraTrees,1,C0001,2023_725,2023,1120.8,887.1076086111087
DINOv2-Small,dinov2_small,Static Image ExtraTrees,1,C0001,2023_726,2023,1081.6,887.1076086111087
DINOv2-Small,dinov2_small,Image Trajectory ExtraTrees,1,C0001,2023_121,2023,910.0,764.4151219444448
DINOv2-Small,dinov2_small,Image Trajectory ExtraTrees,1,C0001,2023_122,2023,868.0,764.4151219444448
DINOv2-Small,dinov2_small,Image Trajectory ExtraTrees,1,C0001,2023_123,2023,1014.8,764.4151219444448
DINOv2-Small,dinov2_small,Image Trajectory ExtraTrees,1,C0001,2023_221,2023,884.8,764.4151219444448
DINOv2-Small,dinov2_small,Image Trajectory ExtraTrees,1,C0001,2023_222,2023,933.4,764.4151219444448
DINOv2-Small,dinov2_small,Image Trajectory ExtraTrees,1,C0001,2023_223,2023,945.6,764.4151219444448
DINOv2-Small,dinov2_small,Image Trajectory ExtraTrees,1,C0001,2023_224,2023,1118.6,996.7746780555555
DINOv2-Small,dinov2_small,Image Trajectory ExtraTrees,1,C0001,2023_225,2023,812.0,996.7746780555555
DINOv2-Small,dinov2_small,Image Trajectory ExtraTrees,1,C0001,2023_226,2023,760.8,996.7746780555555
DINOv2-Small,dinov2_small,Image Trajectory ExtraTrees,1,C0001,2023_321,2023,835.1,996.7746780555555
DINOv2-Small,dinov2_small,Image Trajectory ExtraTrees,1,C0001,2023_322,2023,821.0,996.7746780555555
DINOv2-Small,dinov2_small,Image Trajectory ExtraTrees,1,C0001,2023_323,2023,1046.8,996.7746780555555
DINOv2-Small,dinov2_small,Image Trajectory ExtraTrees,1,C0001,2023_324,2023,1041.2,862.0643577777818
DINOv2-Small,dinov2_small,Image Trajectory ExtraTrees,1,C0001,2023_325,2023,1070.0,862.0643577777818
DINOv2-Small,dinov2_small,Image Trajectory ExtraTrees,1,C0001,2023_326,2023,1134.6,862.0643577777818
DINOv2-Small,dinov2_small,Image Trajectory ExtraTrees,1,C0001,2023_421,2023,987.16,807.7793144444446
DINOv2-Small,dinov2_small,Image Trajectory ExtraTrees,1,C0001,2023_422,2023,1093.4,807.7793144444446
DINOv2-Small,dinov2_small,Image Trajectory ExtraTrees,1,C0001,2023_423,2023,1070.67,807.7793144444446
DINOv2-Small,dinov2_small,Image Trajectory ExtraTrees,1,C0001,2023_521,2023,1008.8,807.7793144444446
DINOv2-Small,dinov2_small,Image Trajectory ExtraTrees,1,C0001,2023_522,2023,991.4,807.7793144444446
DINOv2-Small,dinov2_small,Image Trajectory ExtraTrees,1,C0001,2023_523,2023,1078.2,807.7793144444446
DINOv2-Small,dinov2_small,Image Trajectory ExtraTrees,1,C0001,2023_524,2023,1125.3,746.4250861111118
DINOv2-Small,dinov2_small,Image Trajectory ExtraTrees,1,C0001,2023_525,2023,1087.0,746.4250861111118
DINOv2-Small,dinov2_small,Image Trajectory ExtraTrees,1,C0001,2023_526,2023,1124.4,746.4250861111118
DINOv2-Small,dinov2_small,Image Trajectory ExtraTrees,1,C0001,2023_527,2023,1451.6,864.6075316666709
DINOv2-Small,dinov2_small,Image Trajectory ExtraTrees,1,C0001,2023_528,2023,1306.8,864.6075316666709
DINOv2-Small,dinov2_small,Image Trajectory ExtraTrees,1,C0001,2023_529,2023,1158.2,864.6075316666709
DINOv2-Small,dinov2_small,Image Trajectory ExtraTrees,1,C0001,2023_621,2023,1174.0,746.4250861111118
DINOv2-Small,dinov2_small,Image Trajectory ExtraTrees,1,C0001,2023_622,2023,1112.9,746.4250861111118
DINOv2-Small,dinov2_small,Image Trajectory ExtraTrees,1,C0001,2023_623,2023,1220.2,746.4250861111118
DINOv2-Small,dinov2_small,Image Trajectory ExtraTrees,1,C0001,2023_624,2023,1096.5,864.6075316666709
DINOv2-Small,dinov2_small,Image Trajectory ExtraTrees,1,C0001,2023_625,2023,1254.0,864.6075316666709
DINOv2-Small,dinov2_small,Image Trajectory ExtraTrees,1,C0001,2023_626,2023,1260.0,871.1814891666709
DINOv2-Small,dinov2_small,Image Trajectory ExtraTrees,1,C0001,2023_721,2023,1128.0,862.0643577777818
DINOv2-Small,dinov2_small,Image Trajectory ExtraTrees,1,C0001,2023_722,2023,1065.6,852.7010422222262
DINOv2-Small,dinov2_small,Image Trajectory ExtraTrees,1,C0001,2023_723,2023,1093.6,852.7010422222262
DINOv2-Small,dinov2_small,Image Trajectory ExtraTrees,1,C0001,2023_724,2023,1070.4,881.6324802777817
DINOv2-Small,dinov2_small,Image Trajectory ExtraTrees,1,C0001,2023_725,2023,1120.8,881.6324802777817
DINOv2-Small,dinov2_small,Image Trajectory ExtraTrees,1,C0001,2023_726,2023,1081.6,881.6324802777817
DINOv2-Small,dinov2_small,Full CMGT,1,C0001,2023_121,2023,910.0,698.3569396286987
DINOv2-Small,dinov2_small,Full CMGT,1,C0001,2023_122,2023,868.0,696.7391271272136
DINOv2-Small,dinov2_small,Full CMGT,1,C0001,2023_123,2023,1014.8,693.6432281136723
DINOv2-Small,dinov2_small,Full CMGT,1,C0001,2023_221,2023,884.8,672.6259822524822
DINOv2-Small,dinov2_small,Full CMGT,1,C0001,2023_222,2023,933.4,636.4130108213959
DINOv2-Small,dinov2_small,Full CMGT,1,C0001,2023_223,2023,945.6,750.4467758152657
DINOv2-Small,dinov2_small,Full CMGT,1,C0001,2023_224,2023,1118.6,723.921120768298
DINOv2-Small,dinov2_small,Full CMGT,1,C0001,2023_225,2023,812.0,768.1854032288904
DINOv2-Small,dinov2_small,Full CMGT,1,C0001,2023_226,2023,760.8,827.6760268535782
DINOv2-Small,dinov2_small,Full CMGT,1,C0001,2023_321,2023,835.1,829.0097382083164
DINOv2-Small,dinov2_small,Full CMGT,1,C0001,2023_322,2023,821.0,760.8611246475112
DINOv2-Small,dinov2_small,Full CMGT,1,C0001,2023_323,2023,1046.8,814.6759902842084
DINOv2-Small,dinov2_small,Full CMGT,1,C0001,2023_324,2023,1041.2,725.3420496751365
DINOv2-Small,dinov2_small,Full CMGT,1,C0001,2023_325,2023,1070.0,748.6870395141859
DINOv2-Small,dinov2_small,Full CMGT,1,C0001,2023_326,2023,1134.6,695.1688139106951
DINOv2-Small,dinov2_small,Full CMGT,1,C0001,2023_421,2023,987.16,716.8484095564264
DINOv2-Small,dinov2_small,Full CMGT,1,C0001,2023_422,2023,1093.4,735.4110167286982
DINOv2-Small,dinov2_small,Full CMGT,1,C0001,2023_423,2023,1070.67,761.8238605677768
DINOv2-Small,dinov2_small,Full CMGT,1,C0001,2023_521,2023,1008.8,740.2523543318506
DINOv2-Small,dinov2_small,Full CMGT,1,C0001,2023_522,2023,991.4,590.2741861059651
DINOv2-Small,dinov2_small,Full CMGT,1,C0001,2023_523,2023,1078.2,674.4551220568795
DINOv2-Small,dinov2_small,Full CMGT,1,C0001,2023_524,2023,1125.3,575.9339843155287
DINOv2-Small,dinov2_small,Full CMGT,1,C0001,2023_525,2023,1087.0,621.0052039348974
DINOv2-Small,dinov2_small,Full CMGT,1,C0001,2023_526,2023,1124.4,792.056765470665
DINOv2-Small,dinov2_small,Full CMGT,1,C0001,2023_527,2023,1451.6,840.1285475435757
DINOv2-Small,dinov2_small,Full CMGT,1,C0001,2023_528,2023,1306.8,730.4083894571619
DINOv2-Small,dinov2_small,Full CMGT,1,C0001,2023_529,2023,1158.2,735.2268790088001
DINOv2-Small,dinov2_small,Full CMGT,1,C0001,2023_621,2023,1174.0,482.55211598557753
DINOv2-Small,dinov2_small,Full CMGT,1,C0001,2023_622,2023,1112.9,673.6373950426756
DINOv2-Small,dinov2_small,Full CMGT,1,C0001,2023_623,2023,1220.2,586.9272197219709
DINOv2-Small,dinov2_small,Full CMGT,1,C0001,2023_624,2023,1096.5,640.3371117686687
DINOv2-Small,dinov2_small,Full CMGT,1,C0001,2023_625,2023,1254.0,634.2445855884362
DINOv2-Small,dinov2_small,Full CMGT,1,C0001,2023_626,2023,1260.0,925.7603220376502
DINOv2-Small,dinov2_small,Full CMGT,1,C0001,2023_721,2023,1128.0,668.7415297879014
DINOv2-Small,dinov2_small,Full CMGT,1,C0001,2023_722,2023,1065.6,715.61724062598
DINOv2-Small,dinov2_small,Full CMGT,1,C0001,2023_723,2023,1093.6,575.2920024341182
DINOv2-Small,dinov2_small,Full CMGT,1,C0001,2023_724,2023,1070.4,684.39115465214
DINOv2-Small,dinov2_small,Full CMGT,1,C0001,2023_725,2023,1120.8,650.3226869329377
DINOv2-Small,dinov2_small,Full CMGT,1,C0001,2023_726,2023,1081.6,922.3442006772736
DINOv2-Small,dinov2_small,Static Image ExtraTrees,2,C0002,2024_CK11,2024,210.0,1048.1582286507962
DINOv2-Small,dinov2_small,Static Image ExtraTrees,2,C0002,2024_CK12,2024,166.65,1048.1582286507962
DINOv2-Small,dinov2_small,Static Image ExtraTrees,2,C0002,2024_CK13,2024,175.0,1048.1582286507962
DINOv2-Small,dinov2_small,Static Image ExtraTrees,2,C0002,2024_CK21,2024,706.2,1048.1582286507962
DINOv2-Small,dinov2_small,Static Image ExtraTrees,2,C0002,2024_CK22,2024,719.1,1048.1582286507962
DINOv2-Small,dinov2_small,Static Image ExtraTrees,2,C0002,2024_CK23,2024,824.55,1048.1582286507962
DINOv2-Small,dinov2_small,Static Image ExtraTrees,2,C0002,2024_L411,2024,810.9,1048.1582286507962
DINOv2-Small,dinov2_small,Static Image ExtraTrees,2,C0002,2024_L412,2024,150.0,1048.1582286507962
DINOv2-Small,dinov2_small,Static Image ExtraTrees,2,C0002,2024_L413,2024,1062.5,1048.1582286507962
DINOv2-Small,dinov2_small,Static Image ExtraTrees,2,C0002,2024_L421,2024,920.64,1048.1582286507962
DINOv2-Small,dinov2_small,Static Image ExtraTrees,2,C0002,2024_L422,2024,797.27,1048.1582286507962
DINOv2-Small,dinov2_small,Static Image ExtraTrees,2,C0002,2024_L423,2024,759.69,1048.1582286507962
DINOv2-Small,dinov2_small,Image Trajectory ExtraTrees,2,C0002,2024_CK11,2024,210.0,802.3355150000017
DINOv2-Small,dinov2_small,Image Trajectory ExtraTrees,2,C0002,2024_CK12,2024,166.65,802.3355150000017
DINOv2-Small,dinov2_small,Image Trajectory ExtraTrees,2,C0002,2024_CK13,2024,175.0,802.3355150000017
DINOv2-Small,dinov2_small,Image Trajectory ExtraTrees,2,C0002,2024_CK21,2024,706.2,802.3355150000017
DINOv2-Small,dinov2_small,Image Trajectory ExtraTrees,2,C0002,2024_CK22,2024,719.1,802.3355150000017
DINOv2-Small,dinov2_small,Image Trajectory ExtraTrees,2,C0002,2024_CK23,2024,824.55,802.3355150000017
DINOv2-Small,dinov2_small,Image Trajectory ExtraTrees,2,C0002,2024_L411,2024,810.9,802.3355150000017
DINOv2-Small,dinov2_small,Image Trajectory ExtraTrees,2,C0002,2024_L412,2024,150.0,802.3355150000017
DINOv2-Small,dinov2_small,Image Trajectory ExtraTrees,2,C0002,2024_L413,2024,1062.5,802.3355150000017
DINOv2-Small,dinov2_small,Image Trajectory ExtraTrees,2,C0002,2024_L421,2024,920.64,802.3355150000017
DINOv2-Small,dinov2_small,Image Trajectory ExtraTrees,2,C0002,2024_L422,2024,797.27,802.3355150000017
DINOv2-Small,dinov2_small,Image Trajectory ExtraTrees,2,C0002,2024_L423,2024,759.69,802.3355150000017
DINOv2-Small,dinov2_small,Full CMGT,2,C0002,2024_CK11,2024,210.0,718.5212890102459
DINOv2-Small,dinov2_small,Full CMGT,2,C0002,2024_CK12,2024,166.65,562.2469942444372
DINOv2-Small,dinov2_small,Full CMGT,2,C0002,2024_CK13,2024,175.0,716.1766034599824
DINOv2-Small,dinov2_small,Full CMGT,2,C0002,2024_CK21,2024,706.2,645.1148661769648
DINOv2-Small,dinov2_small,Full CMGT,2,C0002,2024_CK22,2024,719.1,580.52637801032
DINOv2-Small,dinov2_small,Full CMGT,2,C0002,2024_CK23,2024,824.55,531.6419100551475
DINOv2-Small,dinov2_small,Full CMGT,2,C0002,2024_L411,2024,810.9,678.5703675576094
DINOv2-Small,dinov2_small,Full CMGT,2,C0002,2024_L412,2024,150.0,536.4790512827492
DINOv2-Small,dinov2_small,Full CMGT,2,C0002,2024_L413,2024,1062.5,527.7312907052867
DINOv2-Small,dinov2_small,Full CMGT,2,C0002,2024_L421,2024,920.64,583.9549079555741
DINOv2-Small,dinov2_small,Full CMGT,2,C0002,2024_L422,2024,797.27,625.501481865102
DINOv2-Small,dinov2_small,Full CMGT,2,C0002,2024_L423,2024,759.69,558.829506529151
DINOv2-Small,dinov2_small,Static Image ExtraTrees,3,C0003,2024_CK14,2024,820.0,1044.428470674606
DINOv2-Small,dinov2_small,Static Image ExtraTrees,3,C0003,2024_CK15,2024,464.25,1044.428470674606
DINOv2-Small,dinov2_small,Static Image ExtraTrees,3,C0003,2024_CK16,2024,536.65,1044.428470674606
DINOv2-Small,dinov2_small,Static Image ExtraTrees,3,C0003,2024_CK24,2024,613.025,1044.428470674606
DINOv2-Small,dinov2_small,Static Image ExtraTrees,3,C0003,2024_CK25,2024,679.38,1044.428470674606
DINOv2-Small,dinov2_small,Static Image ExtraTrees,3,C0003,2024_CK26,2024,831.42,1044.428470674606
DINOv2-Small,dinov2_small,Static Image ExtraTrees,3,C0003,2024_R414,2024,583.35,1044.428470674606
DINOv2-Small,dinov2_small,Static Image ExtraTrees,3,C0003,2024_R415,2024,0.0,1044.428470674606
DINOv2-Small,dinov2_small,Static Image ExtraTrees,3,C0003,2024_R416,2024,724.15,1044.428470674606
DINOv2-Small,dinov2_small,Static Image ExtraTrees,3,C0003,2024_R424,2024,612.48,1044.428470674606
DINOv2-Small,dinov2_small,Static Image ExtraTrees,3,C0003,2024_R425,2024,390.72,1044.428470674606
DINOv2-Small,dinov2_small,Static Image ExtraTrees,3,C0003,2024_R426,2024,574.77,1044.428470674606
DINOv2-Small,dinov2_small,Image Trajectory ExtraTrees,3,C0003,2024_CK14,2024,820.0,923.9603433333356
DINOv2-Small,dinov2_small,Image Trajectory ExtraTrees,3,C0003,2024_CK15,2024,464.25,923.9603433333356
DINOv2-Small,dinov2_small,Image Trajectory ExtraTrees,3,C0003,2024_CK16,2024,536.65,923.9603433333356
DINOv2-Small,dinov2_small,Image Trajectory ExtraTrees,3,C0003,2024_CK24,2024,613.025,923.9603433333356
DINOv2-Small,dinov2_small,Image Trajectory ExtraTrees,3,C0003,2024_CK25,2024,679.38,923.9603433333356
DINOv2-Small,dinov2_small,Image Trajectory ExtraTrees,3,C0003,2024_CK26,2024,831.42,923.9603433333356
DINOv2-Small,dinov2_small,Image Trajectory ExtraTrees,3,C0003,2024_R414,2024,583.35,923.9603433333356
DINOv2-Small,dinov2_small,Image Trajectory ExtraTrees,3,C0003,2024_R415,2024,0.0,923.9603433333356
DINOv2-Small,dinov2_small,Image Trajectory ExtraTrees,3,C0003,2024_R416,2024,724.15,923.9603433333356
DINOv2-Small,dinov2_small,Image Trajectory ExtraTrees,3,C0003,2024_R424,2024,612.48,923.9603433333356
DINOv2-Small,dinov2_small,Image Trajectory ExtraTrees,3,C0003,2024_R425,2024,390.72,923.9603433333356
DINOv2-Small,dinov2_small,Image Trajectory ExtraTrees,3,C0003,2024_R426,2024,574.77,923.9603433333356
DINOv2-Small,dinov2_small,Full CMGT,3,C0003,2024_CK14,2024,820.0,568.1260073329975
DINOv2-Small,dinov2_small,Full CMGT,3,C0003,2024_CK15,2024,464.25,594.5697971271246
DINOv2-Small,dinov2_small,Full CMGT,3,C0003,2024_CK16,2024,536.65,723.7327629227502
DINOv2-Small,dinov2_small,Full CMGT,3,C0003,2024_CK24,2024,613.025,625.6376649794477
DINOv2-Small,dinov2_small,Full CMGT,3,C0003,2024_CK25,2024,679.38,653.7207155495731
DINOv2-Small,dinov2_small,Full CMGT,3,C0003,2024_CK26,2024,831.42,693.0342070001888
DINOv2-Small,dinov2_small,Full CMGT,3,C0003,2024_R414,2024,583.35,629.0062460566852
DINOv2-Small,dinov2_small,Full CMGT,3,C0003,2024_R415,2024,0.0,607.7205405857651
DINOv2-Small,dinov2_small,Full CMGT,3,C0003,2024_R416,2024,724.15,779.4206226855747
DINOv2-Small,dinov2_small,Full CMGT,3,C0003,2024_R424,2024,612.48,679.8982622455135
DINOv2-Small,dinov2_small,Full CMGT,3,C0003,2024_R425,2024,390.72,671.4752614453441
DINOv2-Small,dinov2_small,Full CMGT,3,C0003,2024_R426,2024,574.77,566.0386336277364
DINOv2-Small,dinov2_small,Static Image ExtraTrees,4,C0004,2024_L111,2024,540.85,756.9317751923107
DINOv2-Small,dinov2_small,Static Image ExtraTrees,4,C0004,2024_L112,2024,651.0,756.9317751923107
DINOv2-Small,dinov2_small,Static Image ExtraTrees,4,C0004,2024_L113,2024,250.0,756.9317751923107
DINOv2-Small,dinov2_small,Static Image ExtraTrees,4,C0004,2024_L121,2024,683.65,756.9317751923107
DINOv2-Small,dinov2_small,Static Image ExtraTrees,4,C0004,2024_L122,2024,361.5,756.9317751923107
DINOv2-Small,dinov2_small,Static Image ExtraTrees,4,C0004,2024_L123,2024,270.32,756.9317751923107
DINOv2-Small,dinov2_small,Static Image ExtraTrees,4,C0004,2024_L211,2024,379.3,756.9317751923107
DINOv2-Small,dinov2_small,Static Image ExtraTrees,4,C0004,2024_L212,2024,229.15,756.9317751923107
DINOv2-Small,dinov2_small,Static Image ExtraTrees,4,C0004,2024_L213,2024,55.0,756.9317751923107
DINOv2-Small,dinov2_small,Static Image ExtraTrees,4,C0004,2024_L221,2024,701.68,756.9317751923107
DINOv2-Small,dinov2_small,Static Image ExtraTrees,4,C0004,2024_L222,2024,712.8,756.9317751923107
DINOv2-Small,dinov2_small,Static Image ExtraTrees,4,C0004,2024_L223,2024,773.48,756.9317751923107
DINOv2-Small,dinov2_small,Image Trajectory ExtraTrees,4,C0004,2024_L111,2024,540.85,738.4247477777794
DINOv2-Small,dinov2_small,Image Trajectory ExtraTrees,4,C0004,2024_L112,2024,651.0,738.4247477777794
DINOv2-Small,dinov2_small,Image Trajectory ExtraTrees,4,C0004,2024_L113,2024,250.0,738.4247477777794
DINOv2-Small,dinov2_small,Image Trajectory ExtraTrees,4,C0004,2024_L121,2024,683.65,738.4247477777794
DINOv2-Small,dinov2_small,Image Trajectory ExtraTrees,4,C0004,2024_L122,2024,361.5,738.4247477777794
DINOv2-Small,dinov2_small,Image Trajectory ExtraTrees,4,C0004,2024_L123,2024,270.32,738.4247477777794
DINOv2-Small,dinov2_small,Image Trajectory ExtraTrees,4,C0004,2024_L211,2024,379.3,738.4247477777794
DINOv2-Small,dinov2_small,Image Trajectory ExtraTrees,4,C0004,2024_L212,2024,229.15,738.4247477777794
DINOv2-Small,dinov2_small,Image Trajectory ExtraTrees,4,C0004,2024_L213,2024,55.0,738.4247477777794
DINOv2-Small,dinov2_small,Image Trajectory ExtraTrees,4,C0004,2024_L221,2024,701.68,738.4247477777794
DINOv2-Small,dinov2_small,Image Trajectory ExtraTrees,4,C0004,2024_L222,2024,712.8,738.4247477777794
DINOv2-Small,dinov2_small,Image Trajectory ExtraTrees,4,C0004,2024_L223,2024,773.48,738.4247477777794
DINOv2-Small,dinov2_small,Full CMGT,4,C0004,2024_L111,2024,540.85,624.899038339189
DINOv2-Small,dinov2_small,Full CMGT,4,C0004,2024_L112,2024,651.0,674.0283915156327
DINOv2-Small,dinov2_small,Full CMGT,4,C0004,2024_L113,2024,250.0,715.0674673090793
DINOv2-Small,dinov2_small,Full CMGT,4,C0004,2024_L121,2024,683.65,601.9544272909505
DINOv2-Small,dinov2_small,Full CMGT,4,C0004,2024_L122,2024,361.5,647.3972756898665
DINOv2-Small,dinov2_small,Full CMGT,4,C0004,2024_L123,2024,270.32,528.6385325117683
DINOv2-Small,dinov2_small,Full CMGT,4,C0004,2024_L211,2024,379.3,673.6657534439172
DINOv2-Small,dinov2_small,Full CMGT,4,C0004,2024_L212,2024,229.15,612.7820155177448
DINOv2-Small,dinov2_small,Full CMGT,4,C0004,2024_L213,2024,55.0,650.8540563276526
DINOv2-Small,dinov2_small,Full CMGT,4,C0004,2024_L221,2024,701.68,645.4170544265825
DINOv2-Small,dinov2_small,Full CMGT,4,C0004,2024_L222,2024,712.8,662.5134810358458
DINOv2-Small,dinov2_small,Full CMGT,4,C0004,2024_L223,2024,773.48,675.9412236010301
DINOv2-Small,dinov2_small,Static Image ExtraTrees,5,C0005,2024_L214,2024,881.25,988.0739272222261
DINOv2-Small,dinov2_small,Static Image ExtraTrees,5,C0005,2024_L215,2024,740.0,988.0739272222261
DINOv2-Small,dinov2_small,Static Image ExtraTrees,5,C0005,2024_L216,2024,916.65,988.0739272222261
DINOv2-Small,dinov2_small,Static Image ExtraTrees,5,C0005,2024_L224,2024,524.3,988.0739272222261
DINOv2-Small,dinov2_small,Static Image ExtraTrees,5,C0005,2024_L225,2024,561.0,988.0739272222261
DINOv2-Small,dinov2_small,Static Image ExtraTrees,5,C0005,2024_L226,2024,687.125,988.0739272222261
DINOv2-Small,dinov2_small,Static Image ExtraTrees,5,C0005,2024_L311,2024,805.0,988.0739272222261
DINOv2-Small,dinov2_small,Static Image ExtraTrees,5,C0005,2024_L312,2024,750.0,988.0739272222261
DINOv2-Small,dinov2_small,Static Image ExtraTrees,5,C0005,2024_L313,2024,620.0,988.0739272222261
DINOv2-Small,dinov2_small,Static Image ExtraTrees,5,C0005,2024_L321,2024,723.58,988.0739272222261
DINOv2-Small,dinov2_small,Static Image ExtraTrees,5,C0005,2024_L322,2024,685.44,988.0739272222261
DINOv2-Small,dinov2_small,Static Image ExtraTrees,5,C0005,2024_L323,2024,644.0,988.0739272222261
DINOv2-Small,dinov2_small,Image Trajectory ExtraTrees,5,C0005,2024_L214,2024,881.25,943.0491272222228
DINOv2-Small,dinov2_small,Image Trajectory ExtraTrees,5,C0005,2024_L215,2024,740.0,943.0491272222228
DINOv2-Small,dinov2_small,Image Trajectory ExtraTrees,5,C0005,2024_L216,2024,916.65,943.0491272222228
DINOv2-Small,dinov2_small,Image Trajectory ExtraTrees,5,C0005,2024_L224,2024,524.3,943.0491272222228
DINOv2-Small,dinov2_small,Image Trajectory ExtraTrees,5,C0005,2024_L225,2024,561.0,943.0491272222228
DINOv2-Small,dinov2_small,Image Trajectory ExtraTrees,5,C0005,2024_L226,2024,687.125,943.0491272222228
DINOv2-Small,dinov2_small,Image Trajectory ExtraTrees,5,C0005,2024_L311,2024,805.0,943.0491272222228
DINOv2-Small,dinov2_small,Image Trajectory ExtraTrees,5,C0005,2024_L312,2024,750.0,943.0491272222228
DINOv2-Small,dinov2_small,Image Trajectory ExtraTrees,5,C0005,2024_L313,2024,620.0,943.0491272222228
DINOv2-Small,dinov2_small,Image Trajectory ExtraTrees,5,C0005,2024_L321,2024,723.58,943.0491272222228
DINOv2-Small,dinov2_small,Image Trajectory ExtraTrees,5,C0005,2024_L322,2024,685.44,943.0491272222228
DINOv2-Small,dinov2_small,Image Trajectory ExtraTrees,5,C0005,2024_L323,2024,644.0,943.0491272222228
DINOv2-Small,dinov2_small,Full CMGT,5,C0005,2024_L214,2024,881.25,555.8579361288434
DINOv2-Small,dinov2_small,Full CMGT,5,C0005,2024_L215,2024,740.0,637.2909608764269
DINOv2-Small,dinov2_small,Full CMGT,5,C0005,2024_L216,2024,916.65,537.581658547367
DINOv2-Small,dinov2_small,Full CMGT,5,C0005,2024_L224,2024,524.3,607.7637279470097
DINOv2-Small,dinov2_small,Full CMGT,5,C0005,2024_L225,2024,561.0,518.8000813803565
DINOv2-Small,dinov2_small,Full CMGT,5,C0005,2024_L226,2024,687.125,568.9437167174653
DINOv2-Small,dinov2_small,Full CMGT,5,C0005,2024_L311,2024,805.0,507.18925237458024
DINOv2-Small,dinov2_small,Full CMGT,5,C0005,2024_L312,2024,750.0,565.0522224955665
DINOv2-Small,dinov2_small,Full CMGT,5,C0005,2024_L313,2024,620.0,595.337471245035
DINOv2-Small,dinov2_small,Full CMGT,5,C0005,2024_L321,2024,723.58,534.5627975817639
DINOv2-Small,dinov2_small,Full CMGT,5,C0005,2024_L322,2024,685.44,556.6930960704443
DINOv2-Small,dinov2_small,Full CMGT,5,C0005,2024_L323,2024,644.0,539.7613123614761
DINOv2-Small,dinov2_small,Static Image ExtraTrees,6,C0006,2024_L511,2024,150.0,722.2462005555575
DINOv2-Small,dinov2_small,Static Image ExtraTrees,6,C0006,2024_L512,2024,575.0,722.2462005555575
DINOv2-Small,dinov2_small,Static Image ExtraTrees,6,C0006,2024_L513,2024,646.25,722.2462005555575
DINOv2-Small,dinov2_small,Static Image ExtraTrees,6,C0006,2024_L521,2024,143.1,722.2462005555575
DINOv2-Small,dinov2_small,Static Image ExtraTrees,6,C0006,2024_L522,2024,731.43,722.2462005555575
DINOv2-Small,dinov2_small,Static Image ExtraTrees,6,C0006,2024_L523,2024,692.16,722.2462005555575
DINOv2-Small,dinov2_small,Static Image ExtraTrees,6,C0006,2024_L611,2024,0.0,722.2462005555575
DINOv2-Small,dinov2_small,Static Image ExtraTrees,6,C0006,2024_L612,2024,0.0,722.2462005555575
DINOv2-Small,dinov2_small,Static Image ExtraTrees,6,C0006,2024_L613,2024,325.35,722.2462005555575
DINOv2-Small,dinov2_small,Static Image ExtraTrees,6,C0006,2024_L621,2024,0.0,722.2462005555575
DINOv2-Small,dinov2_small,Static Image ExtraTrees,6,C0006,2024_L622,2024,267.75,722.2462005555575
DINOv2-Small,dinov2_small,Static Image ExtraTrees,6,C0006,2024_L623,2024,482.16,722.2462005555575
DINOv2-Small,dinov2_small,Image Trajectory ExtraTrees,6,C0006,2024_L511,2024,150.0,823.2296294444492
DINOv2-Small,dinov2_small,Image Trajectory ExtraTrees,6,C0006,2024_L512,2024,575.0,823.2296294444492
DINOv2-Small,dinov2_small,Image Trajectory ExtraTrees,6,C0006,2024_L513,2024,646.25,823.2296294444492
DINOv2-Small,dinov2_small,Image Trajectory ExtraTrees,6,C0006,2024_L521,2024,143.1,823.2296294444492
DINOv2-Small,dinov2_small,Image Trajectory ExtraTrees,6,C0006,2024_L522,2024,731.43,823.2296294444492
DINOv2-Small,dinov2_small,Image Trajectory ExtraTrees,6,C0006,2024_L523,2024,692.16,823.2296294444492
DINOv2-Small,dinov2_small,Image Trajectory ExtraTrees,6,C0006,2024_L611,2024,0.0,823.2296294444492
DINOv2-Small,dinov2_small,Image Trajectory ExtraTrees,6,C0006,2024_L612,2024,0.0,823.2296294444492
DINOv2-Small,dinov2_small,Image Trajectory ExtraTrees,6,C0006,2024_L613,2024,325.35,823.2296294444492
DINOv2-Small,dinov2_small,Image Trajectory ExtraTrees,6,C0006,2024_L621,2024,0.0,823.2296294444492
DINOv2-Small,dinov2_small,Image Trajectory ExtraTrees,6,C0006,2024_L622,2024,267.75,823.2296294444492
DINOv2-Small,dinov2_small,Image Trajectory ExtraTrees,6,C0006,2024_L623,2024,482.16,823.2296294444492
DINOv2-Small,dinov2_small,Full CMGT,6,C0006,2024_L511,2024,150.0,744.30654209287
DINOv2-Small,dinov2_small,Full CMGT,6,C0006,2024_L512,2024,575.0,551.023751624337
DINOv2-Small,dinov2_small,Full CMGT,6,C0006,2024_L513,2024,646.25,582.3335054142434
DINOv2-Small,dinov2_small,Full CMGT,6,C0006,2024_L521,2024,143.1,638.6258131659434
DINOv2-Small,dinov2_small,Full CMGT,6,C0006,2024_L522,2024,731.43,505.35389050490164
DINOv2-Small,dinov2_small,Full CMGT,6,C0006,2024_L523,2024,692.16,569.4845175771036
DINOv2-Small,dinov2_small,Full CMGT,6,C0006,2024_L611,2024,0.0,744.30654209287
DINOv2-Small,dinov2_small,Full CMGT,6,C0006,2024_L612,2024,0.0,744.30654209287
DINOv2-Small,dinov2_small,Full CMGT,6,C0006,2024_L613,2024,325.35,676.0536712947762
DINOv2-Small,dinov2_small,Full CMGT,6,C0006,2024_L621,2024,0.0,595.4761950235389
DINOv2-Small,dinov2_small,Full CMGT,6,C0006,2024_L622,2024,267.75,541.959481998392
DINOv2-Small,dinov2_small,Full CMGT,6,C0006,2024_L623,2024,482.16,567.5907081914706
DINOv2-Small,dinov2_small,Static Image ExtraTrees,7,C0007,2024_L514,2024,825.0,657.6532038888913
DINOv2-Small,dinov2_small,Static Image ExtraTrees,7,C0007,2024_L515,2024,102.5,657.6532038888913
DINOv2-Small,dinov2_small,Static Image ExtraTrees,7,C0007,2024_L516,2024,252.5,657.6532038888913
DINOv2-Small,dinov2_small,Static Image ExtraTrees,7,C0007,2024_L524,2024,283.125,657.6532038888913
DINOv2-Small,dinov2_small,Static Image ExtraTrees,7,C0007,2024_L525,2024,738.1,657.6532038888913
DINOv2-Small,dinov2_small,Static Image ExtraTrees,7,C0007,2024_L526,2024,778.8,657.6532038888913
DINOv2-Small,dinov2_small,Static Image ExtraTrees,7,C0007,2024_L614,2024,360.5,657.6532038888913
DINOv2-Small,dinov2_small,Static Image ExtraTrees,7,C0007,2024_L615,2024,466.5,657.6532038888913
DINOv2-Small,dinov2_small,Static Image ExtraTrees,7,C0007,2024_L616,2024,180.75,657.6532038888913
DINOv2-Small,dinov2_small,Static Image ExtraTrees,7,C0007,2024_L624,2024,565.25,657.6532038888913
DINOv2-Small,dinov2_small,Static Image ExtraTrees,7,C0007,2024_L625,2024,563.76,657.6532038888913
DINOv2-Small,dinov2_small,Static Image ExtraTrees,7,C0007,2024_L626,2024,1144.48,657.6532038888913
DINOv2-Small,dinov2_small,Image Trajectory ExtraTrees,7,C0007,2024_L514,2024,825.0,730.1904644444467
DINOv2-Small,dinov2_small,Image Trajectory ExtraTrees,7,C0007,2024_L515,2024,102.5,730.1904644444467
DINOv2-Small,dinov2_small,Image Trajectory ExtraTrees,7,C0007,2024_L516,2024,252.5,730.1904644444467
DINOv2-Small,dinov2_small,Image Trajectory ExtraTrees,7,C0007,2024_L524,2024,283.125,730.1904644444467
DINOv2-Small,dinov2_small,Image Trajectory ExtraTrees,7,C0007,2024_L525,2024,738.1,730.1904644444467
DINOv2-Small,dinov2_small,Image Trajectory ExtraTrees,7,C0007,2024_L526,2024,778.8,730.1904644444467
DINOv2-Small,dinov2_small,Image Trajectory ExtraTrees,7,C0007,2024_L614,2024,360.5,730.1904644444467
DINOv2-Small,dinov2_small,Image Trajectory ExtraTrees,7,C0007,2024_L615,2024,466.5,730.1904644444467
DINOv2-Small,dinov2_small,Image Trajectory ExtraTrees,7,C0007,2024_L616,2024,180.75,730.1904644444467
DINOv2-Small,dinov2_small,Image Trajectory ExtraTrees,7,C0007,2024_L624,2024,565.25,730.1904644444467
DINOv2-Small,dinov2_small,Image Trajectory ExtraTrees,7,C0007,2024_L625,2024,563.76,730.1904644444467
DINOv2-Small,dinov2_small,Image Trajectory ExtraTrees,7,C0007,2024_L626,2024,1144.48,730.1904644444467
DINOv2-Small,dinov2_small,Full CMGT,7,C0007,2024_L514,2024,825.0,645.6575634186325
DINOv2-Small,dinov2_small,Full CMGT,7,C0007,2024_L515,2024,102.5,542.5718813887495
DINOv2-Small,dinov2_small,Full CMGT,7,C0007,2024_L516,2024,252.5,702.4735348385757
DINOv2-Small,dinov2_small,Full CMGT,7,C0007,2024_L524,2024,283.125,615.6813380422906
DINOv2-Small,dinov2_small,Full CMGT,7,C0007,2024_L525,2024,738.1,638.3568221688005
DINOv2-Small,dinov2_small,Full CMGT,7,C0007,2024_L526,2024,778.8,666.9631997418056
DINOv2-Small,dinov2_small,Full CMGT,7,C0007,2024_L614,2024,360.5,697.4479711013294
DINOv2-Small,dinov2_small,Full CMGT,7,C0007,2024_L615,2024,466.5,589.3991074835029
DINOv2-Small,dinov2_small,Full CMGT,7,C0007,2024_L616,2024,180.75,732.958488925871
DINOv2-Small,dinov2_small,Full CMGT,7,C0007,2024_L624,2024,565.25,744.9011016846915
DINOv2-Small,dinov2_small,Full CMGT,7,C0007,2024_L625,2024,563.76,669.5402549704378
DINOv2-Small,dinov2_small,Full CMGT,7,C0007,2024_L626,2024,1144.48,592.5580416837375
DINOv2-Small,dinov2_small,Static Image ExtraTrees,8,C0008,2024_R114,2024,819.65,891.5694876068408
DINOv2-Small,dinov2_small,Static Image ExtraTrees,8,C0008,2024_R115,2024,648.75,891.5694876068408
DINOv2-Small,dinov2_small,Static Image ExtraTrees,8,C0008,2024_R116,2024,553.35,891.5694876068408
DINOv2-Small,dinov2_small,Static Image ExtraTrees,8,C0008,2024_R124,2024,523.6,891.5694876068408
DINOv2-Small,dinov2_small,Static Image ExtraTrees,8,C0008,2024_R125,2024,784.08,891.5694876068408
DINOv2-Small,dinov2_small,Static Image ExtraTrees,8,C0008,2024_R126,2024,653.1,891.5694876068408
DINOv2-Small,dinov2_small,Static Image ExtraTrees,8,C0008,2024_R217,2024,847.9,891.5694876068408
DINOv2-Small,dinov2_small,Static Image ExtraTrees,8,C0008,2024_R218,2024,390.85,891.5694876068408
DINOv2-Small,dinov2_small,Static Image ExtraTrees,8,C0008,2024_R219,2024,125.4,891.5694876068408
DINOv2-Small,dinov2_small,Static Image ExtraTrees,8,C0008,2024_R227,2024,618.45,891.5694876068408
DINOv2-Small,dinov2_small,Static Image ExtraTrees,8,C0008,2024_R228,2024,462.77,891.5694876068408
DINOv2-Small,dinov2_small,Static Image ExtraTrees,8,C0008,2024_R229,2024,476.055,891.5694876068408
DINOv2-Small,dinov2_small,Image Trajectory ExtraTrees,8,C0008,2024_R114,2024,819.65,934.1581869841302
DINOv2-Small,dinov2_small,Image Trajectory ExtraTrees,8,C0008,2024_R115,2024,648.75,934.1581869841302
DINOv2-Small,dinov2_small,Image Trajectory ExtraTrees,8,C0008,2024_R116,2024,553.35,934.1581869841302
DINOv2-Small,dinov2_small,Image Trajectory ExtraTrees,8,C0008,2024_R124,2024,523.6,934.1581869841302
DINOv2-Small,dinov2_small,Image Trajectory ExtraTrees,8,C0008,2024_R125,2024,784.08,934.1581869841302
DINOv2-Small,dinov2_small,Image Trajectory ExtraTrees,8,C0008,2024_R126,2024,653.1,934.1581869841302
DINOv2-Small,dinov2_small,Image Trajectory ExtraTrees,8,C0008,2024_R217,2024,847.9,934.1581869841302
DINOv2-Small,dinov2_small,Image Trajectory ExtraTrees,8,C0008,2024_R218,2024,390.85,934.1581869841302
DINOv2-Small,dinov2_small,Image Trajectory ExtraTrees,8,C0008,2024_R219,2024,125.4,934.1581869841302
DINOv2-Small,dinov2_small,Image Trajectory ExtraTrees,8,C0008,2024_R227,2024,618.45,934.1581869841302
DINOv2-Small,dinov2_small,Image Trajectory ExtraTrees,8,C0008,2024_R228,2024,462.77,934.1581869841302
DINOv2-Small,dinov2_small,Image Trajectory ExtraTrees,8,C0008,2024_R229,2024,476.055,934.1581869841302
DINOv2-Small,dinov2_small,Full CMGT,8,C0008,2024_R114,2024,819.65,637.4155189709062
DINOv2-Small,dinov2_small,Full CMGT,8,C0008,2024_R115,2024,648.75,623.3179235544831
DINOv2-Small,dinov2_small,Full CMGT,8,C0008,2024_R116,2024,553.35,598.3529097827115
DINOv2-Small,dinov2_small,Full CMGT,8,C0008,2024_R124,2024,523.6,539.199737085372
DINOv2-Small,dinov2_small,Full CMGT,8,C0008,2024_R125,2024,784.08,676.8814402250969
DINOv2-Small,dinov2_small,Full CMGT,8,C0008,2024_R126,2024,653.1,541.7094066008424
DINOv2-Small,dinov2_small,Full CMGT,8,C0008,2024_R217,2024,847.9,536.3297140607697
DINOv2-Small,dinov2_small,Full CMGT,8,C0008,2024_R218,2024,390.85,680.8151919554061
DINOv2-Small,dinov2_small,Full CMGT,8,C0008,2024_R219,2024,125.4,627.0321919708823
DINOv2-Small,dinov2_small,Full CMGT,8,C0008,2024_R227,2024,618.45,615.1834710749376
DINOv2-Small,dinov2_small,Full CMGT,8,C0008,2024_R228,2024,462.77,543.9043893731009
DINOv2-Small,dinov2_small,Full CMGT,8,C0008,2024_R229,2024,476.055,694.8747125865384
DINOv2-Small,dinov2_small,Static Image ExtraTrees,9,C0009,2024_R2110,2024,491.25,733.1329115079396
DINOv2-Small,dinov2_small,Static Image ExtraTrees,9,C0009,2024_R2111,2024,973.5,733.1329115079396
DINOv2-Small,dinov2_small,Static Image ExtraTrees,9,C0009,2024_R2112,2024,765.0,733.1329115079396
DINOv2-Small,dinov2_small,Static Image ExtraTrees,9,C0009,2024_R2210,2024,322.16,733.1329115079396
DINOv2-Small,dinov2_small,Static Image ExtraTrees,9,C0009,2024_R2211,2024,620.36,733.1329115079396
DINOv2-Small,dinov2_small,Static Image ExtraTrees,9,C0009,2024_R2212,2024,649.35,733.1329115079396
DINOv2-Small,dinov2_small,Static Image ExtraTrees,9,C0009,2024_R314,2024,112.5,733.1329115079396
DINOv2-Small,dinov2_small,Static Image ExtraTrees,9,C0009,2024_R315,2024,530.0,733.1329115079396
DINOv2-Small,dinov2_small,Static Image ExtraTrees,9,C0009,2024_R316,2024,366.65,733.1329115079396
DINOv2-Small,dinov2_small,Static Image ExtraTrees,9,C0009,2024_R324,2024,373.8,733.1329115079396
DINOv2-Small,dinov2_small,Static Image ExtraTrees,9,C0009,2024_R325,2024,812.165,733.1329115079396
DINOv2-Small,dinov2_small,Static Image ExtraTrees,9,C0009,2024_R326,2024,588.03,733.1329115079396
DINOv2-Small,dinov2_small,Image Trajectory ExtraTrees,9,C0009,2024_R2110,2024,491.25,743.350586388891
DINOv2-Small,dinov2_small,Image Trajectory ExtraTrees,9,C0009,2024_R2111,2024,973.5,743.350586388891
DINOv2-Small,dinov2_small,Image Trajectory ExtraTrees,9,C0009,2024_R2112,2024,765.0,743.350586388891
DINOv2-Small,dinov2_small,Image Trajectory ExtraTrees,9,C0009,2024_R2210,2024,322.16,743.350586388891
DINOv2-Small,dinov2_small,Image Trajectory ExtraTrees,9,C0009,2024_R2211,2024,620.36,743.350586388891
DINOv2-Small,dinov2_small,Image Trajectory ExtraTrees,9,C0009,2024_R2212,2024,649.35,743.350586388891
DINOv2-Small,dinov2_small,Image Trajectory ExtraTrees,9,C0009,2024_R314,2024,112.5,743.350586388891
DINOv2-Small,dinov2_small,Image Trajectory ExtraTrees,9,C0009,2024_R315,2024,530.0,743.350586388891
DINOv2-Small,dinov2_small,Image Trajectory ExtraTrees,9,C0009,2024_R316,2024,366.65,743.350586388891
DINOv2-Small,dinov2_small,Image Trajectory ExtraTrees,9,C0009,2024_R324,2024,373.8,743.350586388891
DINOv2-Small,dinov2_small,Image Trajectory ExtraTrees,9,C0009,2024_R325,2024,812.165,743.350586388891
DINOv2-Small,dinov2_small,Image Trajectory ExtraTrees,9,C0009,2024_R326,2024,588.03,743.350586388891
DINOv2-Small,dinov2_small,Full CMGT,9,C0009,2024_R2110,2024,491.25,484.11015162693855
DINOv2-Small,dinov2_small,Full CMGT,9,C0009,2024_R2111,2024,973.5,612.4605047840012
DINOv2-Small,dinov2_small,Full CMGT,9,C0009,2024_R2112,2024,765.0,422.78164651090754
DINOv2-Small,dinov2_small,Full CMGT,9,C0009,2024_R2210,2024,322.16,422.3019336874946
DINOv2-Small,dinov2_small,Full CMGT,9,C0009,2024_R2211,2024,620.36,431.0573624308354
DINOv2-Small,dinov2_small,Full CMGT,9,C0009,2024_R2212,2024,649.35,552.3013492309285
DINOv2-Small,dinov2_small,Full CMGT,9,C0009,2024_R314,2024,112.5,507.01859232267225
DINOv2-Small,dinov2_small,Full CMGT,9,C0009,2024_R315,2024,530.0,542.9586312295758
DINOv2-Small,dinov2_small,Full CMGT,9,C0009,2024_R316,2024,366.65,605.0332186447874
DINOv2-Small,dinov2_small,Full CMGT,9,C0009,2024_R324,2024,373.8,508.77390125677925
DINOv2-Small,dinov2_small,Full CMGT,9,C0009,2024_R325,2024,812.165,432.3052643167197
DINOv2-Small,dinov2_small,Full CMGT,9,C0009,2024_R326,2024,588.03,628.7483225415746
DINOv2-Small,dinov2_small,Static Image ExtraTrees,10,C0010,2024_R517,2024,892.5,781.6414591666703
DINOv2-Small,dinov2_small,Static Image ExtraTrees,10,C0010,2024_R518,2024,393.75,781.6414591666703
DINOv2-Small,dinov2_small,Static Image ExtraTrees,10,C0010,2024_R519,2024,565.0,781.6414591666703
DINOv2-Small,dinov2_small,Static Image ExtraTrees,10,C0010,2024_R527,2024,487.49,781.6414591666703
DINOv2-Small,dinov2_small,Static Image ExtraTrees,10,C0010,2024_R528,2024,926.52,781.6414591666703
DINOv2-Small,dinov2_small,Static Image ExtraTrees,10,C0010,2024_R529,2024,630.41,781.6414591666703
DINOv2-Small,dinov2_small,Static Image ExtraTrees,10,C0010,2024_R617,2024,1021.25,781.6414591666703
DINOv2-Small,dinov2_small,Static Image ExtraTrees,10,C0010,2024_R618,2024,1031.25,781.6414591666703
DINOv2-Small,dinov2_small,Static Image ExtraTrees,10,C0010,2024_R619,2024,75.0,781.6414591666703
DINOv2-Small,dinov2_small,Static Image ExtraTrees,10,C0010,2024_R627,2024,613.97,781.6414591666703
DINOv2-Small,dinov2_small,Static Image ExtraTrees,10,C0010,2024_R628,2024,469.8,781.6414591666703
DINOv2-Small,dinov2_small,Static Image ExtraTrees,10,C0010,2024_R629,2024,710.08,781.6414591666703
DINOv2-Small,dinov2_small,Image Trajectory ExtraTrees,10,C0010,2024_R517,2024,892.5,773.4521041880361
DINOv2-Small,dinov2_small,Image Trajectory ExtraTrees,10,C0010,2024_R518,2024,393.75,773.4521041880361
DINOv2-Small,dinov2_small,Image Trajectory ExtraTrees,10,C0010,2024_R519,2024,565.0,773.4521041880361
DINOv2-Small,dinov2_small,Image Trajectory ExtraTrees,10,C0010,2024_R527,2024,487.49,773.4521041880361
DINOv2-Small,dinov2_small,Image Trajectory ExtraTrees,10,C0010,2024_R528,2024,926.52,773.4521041880361
DINOv2-Small,dinov2_small,Image Trajectory ExtraTrees,10,C0010,2024_R529,2024,630.41,773.4521041880361
DINOv2-Small,dinov2_small,Image Trajectory ExtraTrees,10,C0010,2024_R617,2024,1021.25,773.4521041880361
DINOv2-Small,dinov2_small,Image Trajectory ExtraTrees,10,C0010,2024_R618,2024,1031.25,773.4521041880361
DINOv2-Small,dinov2_small,Image Trajectory ExtraTrees,10,C0010,2024_R619,2024,75.0,773.4521041880361
DINOv2-Small,dinov2_small,Image Trajectory ExtraTrees,10,C0010,2024_R627,2024,613.97,773.4521041880361
DINOv2-Small,dinov2_small,Image Trajectory ExtraTrees,10,C0010,2024_R628,2024,469.8,773.4521041880361
DINOv2-Small,dinov2_small,Image Trajectory ExtraTrees,10,C0010,2024_R629,2024,710.08,773.4521041880361
DINOv2-Small,dinov2_small,Full CMGT,10,C0010,2024_R517,2024,892.5,565.0624752169269
DINOv2-Small,dinov2_small,Full CMGT,10,C0010,2024_R518,2024,393.75,542.9072901617162
DINOv2-Small,dinov2_small,Full CMGT,10,C0010,2024_R519,2024,565.0,471.87636183687744
DINOv2-Small,dinov2_small,Full CMGT,10,C0010,2024_R527,2024,487.49,544.752608951428
DINOv2-Small,dinov2_small,Full CMGT,10,C0010,2024_R528,2024,926.52,608.2182625753074
DINOv2-Small,dinov2_small,Full CMGT,10,C0010,2024_R529,2024,630.41,561.2089829775193
DINOv2-Small,dinov2_small,Full CMGT,10,C0010,2024_R617,2024,1021.25,602.8867243000846
DINOv2-Small,dinov2_small,Full CMGT,10,C0010,2024_R618,2024,1031.25,547.8986351581668
DINOv2-Small,dinov2_small,Full CMGT,10,C0010,2024_R619,2024,75.0,563.6809087319426
DINOv2-Small,dinov2_small,Full CMGT,10,C0010,2024_R627,2024,613.97,626.273538787171
DINOv2-Small,dinov2_small,Full CMGT,10,C0010,2024_R628,2024,469.8,652.7296156324154
DINOv2-Small,dinov2_small,Full CMGT,10,C0010,2024_R629,2024,710.08,628.5240684039335
DINOv2-Small,dinov2_small,Static Image ExtraTrees,11,C0011,2025_CK11,2025,420.0,948.0813577777769
DINOv2-Small,dinov2_small,Static Image ExtraTrees,11,C0011,2025_CK12,2025,333.3,948.0813577777769
DINOv2-Small,dinov2_small,Static Image ExtraTrees,11,C0011,2025_CK13,2025,350.0,948.0813577777769
DINOv2-Small,dinov2_small,Static Image ExtraTrees,11,C0011,2025_CK21,2025,1412.4,948.0813577777769
DINOv2-Small,dinov2_small,Static Image ExtraTrees,11,C0011,2025_CK22,2025,1438.2,948.0813577777769
DINOv2-Small,dinov2_small,Static Image ExtraTrees,11,C0011,2025_CK23,2025,1649.1,948.0813577777769
DINOv2-Small,dinov2_small,Static Image ExtraTrees,11,C0011,2025_L411,2025,1621.8,948.0813577777769
DINOv2-Small,dinov2_small,Static Image ExtraTrees,11,C0011,2025_L412,2025,15.0,948.0813577777769
DINOv2-Small,dinov2_small,Static Image ExtraTrees,11,C0011,2025_L413,2025,2125.0,948.0813577777769
DINOv2-Small,dinov2_small,Static Image ExtraTrees,11,C0011,2025_L421,2025,1841.28,948.0813577777769
DINOv2-Small,dinov2_small,Static Image ExtraTrees,11,C0011,2025_L422,2025,1594.54,948.0813577777769
DINOv2-Small,dinov2_small,Static Image ExtraTrees,11,C0011,2025_L423,2025,1519.38,948.0813577777769
DINOv2-Small,dinov2_small,Image Trajectory ExtraTrees,11,C0011,2025_CK11,2025,420.0,859.982918333334
DINOv2-Small,dinov2_small,Image Trajectory ExtraTrees,11,C0011,2025_CK12,2025,333.3,859.982918333334
DINOv2-Small,dinov2_small,Image Trajectory ExtraTrees,11,C0011,2025_CK13,2025,350.0,859.982918333334
DINOv2-Small,dinov2_small,Image Trajectory ExtraTrees,11,C0011,2025_CK21,2025,1412.4,859.982918333334
DINOv2-Small,dinov2_small,Image Trajectory ExtraTrees,11,C0011,2025_CK22,2025,1438.2,859.982918333334
DINOv2-Small,dinov2_small,Image Trajectory ExtraTrees,11,C0011,2025_CK23,2025,1649.1,859.982918333334
DINOv2-Small,dinov2_small,Image Trajectory ExtraTrees,11,C0011,2025_L411,2025,1621.8,859.982918333334
DINOv2-Small,dinov2_small,Image Trajectory ExtraTrees,11,C0011,2025_L412,2025,15.0,859.982918333334
DINOv2-Small,dinov2_small,Image Trajectory ExtraTrees,11,C0011,2025_L413,2025,2125.0,859.982918333334
DINOv2-Small,dinov2_small,Image Trajectory ExtraTrees,11,C0011,2025_L421,2025,1841.28,859.982918333334
DINOv2-Small,dinov2_small,Image Trajectory ExtraTrees,11,C0011,2025_L422,2025,1594.54,859.982918333334
DINOv2-Small,dinov2_small,Image Trajectory ExtraTrees,11,C0011,2025_L423,2025,1519.38,859.982918333334
DINOv2-Small,dinov2_small,Full CMGT,11,C0011,2025_CK11,2025,420.0,807.0810364858795
DINOv2-Small,dinov2_small,Full CMGT,11,C0011,2025_CK12,2025,333.3,953.2131103278078
DINOv2-Small,dinov2_small,Full CMGT,11,C0011,2025_CK13,2025,350.0,1123.6943272599713
DINOv2-Small,dinov2_small,Full CMGT,11,C0011,2025_CK21,2025,1412.4,966.1761371878817
DINOv2-Small,dinov2_small,Full CMGT,11,C0011,2025_CK22,2025,1438.2,1007.499134858902
DINOv2-Small,dinov2_small,Full CMGT,11,C0011,2025_CK23,2025,1649.1,1212.8836807091163
DINOv2-Small,dinov2_small,Full CMGT,11,C0011,2025_L411,2025,1621.8,887.3742830995417
DINOv2-Small,dinov2_small,Full CMGT,11,C0011,2025_L412,2025,15.0,737.9930356601351
DINOv2-Small,dinov2_small,Full CMGT,11,C0011,2025_L413,2025,2125.0,933.2470414444653
DINOv2-Small,dinov2_small,Full CMGT,11,C0011,2025_L421,2025,1841.28,780.2902781052671
DINOv2-Small,dinov2_small,Full CMGT,11,C0011,2025_L422,2025,1594.54,745.3972855495969
DINOv2-Small,dinov2_small,Full CMGT,11,C0011,2025_L423,2025,1519.38,1001.9079778161284
DINOv2-Small,dinov2_small,Static Image ExtraTrees,12,C0012,2025_CK24,2025,1226.05,1510.6328000000085
DINOv2-Small,dinov2_small,Image Trajectory ExtraTrees,12,C0012,2025_CK24,2025,1226.05,1510.6328000000087
DINOv2-Small,dinov2_small,Full CMGT,12,C0012,2025_CK24,2025,1226.05,1234.7286820830236
DINOv2-Small,dinov2_small,Static Image ExtraTrees,13,C0013,2025_CK25,2025,1358.76,1444.4449999999902
DINOv2-Small,dinov2_small,Image Trajectory ExtraTrees,13,C0013,2025_CK25,2025,1358.76,1444.4449999999902
DINOv2-Small,dinov2_small,Full CMGT,13,C0013,2025_CK25,2025,1358.76,1224.4260508315165
DINOv2-Small,dinov2_small,Static Image ExtraTrees,14,C0014,2025_CK26,2025,1662.84,1292.3833966666828
DINOv2-Small,dinov2_small,Image Trajectory ExtraTrees,14,C0014,2025_CK26,2025,1662.84,1292.3185866666824
DINOv2-Small,dinov2_small,Full CMGT,14,C0014,2025_CK26,2025,1662.84,1175.7896383800353
DINOv2-Small,dinov2_small,Static Image ExtraTrees,15,C0015,2025_L111,2025,1081.7,953.6743692887657
DINOv2-Small,dinov2_small,Static Image ExtraTrees,15,C0015,2025_L112,2025,160.0,953.6743692887657
DINOv2-Small,dinov2_small,Static Image ExtraTrees,15,C0015,2025_L113,2025,0.0,953.6743692887657
DINOv2-Small,dinov2_small,Static Image ExtraTrees,15,C0015,2025_L121,2025,1367.3,953.6743692887657
DINOv2-Small,dinov2_small,Static Image ExtraTrees,15,C0015,2025_L122,2025,1323.0,953.6743692887657
DINOv2-Small,dinov2_small,Static Image ExtraTrees,15,C0015,2025_L123,2025,1340.64,953.6743692887657
DINOv2-Small,dinov2_small,Static Image ExtraTrees,15,C0015,2025_L211,2025,758.6,953.6743692887657
DINOv2-Small,dinov2_small,Static Image ExtraTrees,15,C0015,2025_L212,2025,458.3,953.6743692887657
DINOv2-Small,dinov2_small,Static Image ExtraTrees,15,C0015,2025_L213,2025,110.0,953.6743692887657
DINOv2-Small,dinov2_small,Static Image ExtraTrees,15,C0015,2025_L221,2025,1403.36,953.6743692887657
DINOv2-Small,dinov2_small,Static Image ExtraTrees,15,C0015,2025_L222,2025,1425.6,953.6743692887657
DINOv2-Small,dinov2_small,Static Image ExtraTrees,15,C0015,2025_L223,2025,1546.96,953.6743692887657
DINOv2-Small,dinov2_small,Image Trajectory ExtraTrees,15,C0015,2025_L111,2025,1081.7,1043.5370409371199
DINOv2-Small,dinov2_small,Image Trajectory ExtraTrees,15,C0015,2025_L112,2025,160.0,1043.5370409371199
DINOv2-Small,dinov2_small,Image Trajectory ExtraTrees,15,C0015,2025_L113,2025,0.0,1043.5370409371199
DINOv2-Small,dinov2_small,Image Trajectory ExtraTrees,15,C0015,2025_L121,2025,1367.3,1043.5370409371199
DINOv2-Small,dinov2_small,Image Trajectory ExtraTrees,15,C0015,2025_L122,2025,1323.0,1043.5370409371199
DINOv2-Small,dinov2_small,Image Trajectory ExtraTrees,15,C0015,2025_L123,2025,1340.64,1043.5370409371199
DINOv2-Small,dinov2_small,Image Trajectory ExtraTrees,15,C0015,2025_L211,2025,758.6,1043.5370409371199
DINOv2-Small,dinov2_small,Image Trajectory ExtraTrees,15,C0015,2025_L212,2025,458.3,1043.5370409371199
DINOv2-Small,dinov2_small,Image Trajectory ExtraTrees,15,C0015,2025_L213,2025,110.0,1043.5370409371199
DINOv2-Small,dinov2_small,Image Trajectory ExtraTrees,15,C0015,2025_L221,2025,1403.36,1043.5370409371199
DINOv2-Small,dinov2_small,Image Trajectory ExtraTrees,15,C0015,2025_L222,2025,1425.6,1043.5370409371199
DINOv2-Small,dinov2_small,Image Trajectory ExtraTrees,15,C0015,2025_L223,2025,1546.96,1043.5370409371199
DINOv2-Small,dinov2_small,Full CMGT,15,C0015,2025_L111,2025,1081.7,780.2104746706912
DINOv2-Small,dinov2_small,Full CMGT,15,C0015,2025_L112,2025,160.0,915.2902325102847
DINOv2-Small,dinov2_small,Full CMGT,15,C0015,2025_L113,2025,0.0,1213.6898558990642
DINOv2-Small,dinov2_small,Full CMGT,15,C0015,2025_L121,2025,1367.3,925.6431076323271
DINOv2-Small,dinov2_small,Full CMGT,15,C0015,2025_L122,2025,1323.0,1242.5982135524396
DINOv2-Small,dinov2_small,Full CMGT,15,C0015,2025_L123,2025,1340.64,1145.8894083965447
DINOv2-Small,dinov2_small,Full CMGT,15,C0015,2025_L211,2025,758.6,880.5715567067473
DINOv2-Small,dinov2_small,Full CMGT,15,C0015,2025_L212,2025,458.3,989.7076087189436
DINOv2-Small,dinov2_small,Full CMGT,15,C0015,2025_L213,2025,110.0,1246.3109124648786
DINOv2-Small,dinov2_small,Full CMGT,15,C0015,2025_L221,2025,1403.36,1073.805835110094
DINOv2-Small,dinov2_small,Full CMGT,15,C0015,2025_L222,2025,1425.6,1218.7606605042552
DINOv2-Small,dinov2_small,Full CMGT,15,C0015,2025_L223,2025,1546.96,1132.8221416288193
DINOv2-Small,dinov2_small,Static Image ExtraTrees,16,C0016,2025_L214,2025,562.5,959.9334191666669
DINOv2-Small,dinov2_small,Static Image ExtraTrees,16,C0016,2025_L215,2025,899.999999999999,959.9334191666669
DINOv2-Small,dinov2_small,Static Image ExtraTrees,16,C0016,2025_L216,2025,633.3,959.9334191666669
DINOv2-Small,dinov2_small,Static Image ExtraTrees,16,C0016,2025_L224,2025,1048.6,959.9334191666669
DINOv2-Small,dinov2_small,Static Image ExtraTrees,16,C0016,2025_L225,2025,1122.0,959.9334191666669
DINOv2-Small,dinov2_small,Static Image ExtraTrees,16,C0016,2025_L226,2025,1374.25,959.9334191666669
DINOv2-Small,dinov2_small,Static Image ExtraTrees,16,C0016,2025_L311,2025,410.0,959.9334191666669
DINOv2-Small,dinov2_small,Static Image ExtraTrees,16,C0016,2025_L312,2025,100.0,959.9334191666669
DINOv2-Small,dinov2_small,Static Image ExtraTrees,16,C0016,2025_L313,2025,840.0,959.9334191666669
DINOv2-Small,dinov2_small,Static Image ExtraTrees,16,C0016,2025_L321,2025,1447.16,959.9334191666669
DINOv2-Small,dinov2_small,Static Image ExtraTrees,16,C0016,2025_L322,2025,1370.88,959.9334191666669
DINOv2-Small,dinov2_small,Static Image ExtraTrees,16,C0016,2025_L323,2025,1288.0,959.9334191666669
DINOv2-Small,dinov2_small,Image Trajectory ExtraTrees,16,C0016,2025_L214,2025,562.5,1102.009811388892
DINOv2-Small,dinov2_small,Image Trajectory ExtraTrees,16,C0016,2025_L215,2025,899.999999999999,1102.009811388892
DINOv2-Small,dinov2_small,Image Trajectory ExtraTrees,16,C0016,2025_L216,2025,633.3,1102.009811388892
DINOv2-Small,dinov2_small,Image Trajectory ExtraTrees,16,C0016,2025_L224,2025,1048.6,1102.009811388892
DINOv2-Small,dinov2_small,Image Trajectory ExtraTrees,16,C0016,2025_L225,2025,1122.0,1102.009811388892
DINOv2-Small,dinov2_small,Image Trajectory ExtraTrees,16,C0016,2025_L226,2025,1374.25,1102.009811388892
DINOv2-Small,dinov2_small,Image Trajectory ExtraTrees,16,C0016,2025_L311,2025,410.0,1102.009811388892
DINOv2-Small,dinov2_small,Image Trajectory ExtraTrees,16,C0016,2025_L312,2025,100.0,1102.009811388892
DINOv2-Small,dinov2_small,Image Trajectory ExtraTrees,16,C0016,2025_L313,2025,840.0,1102.009811388892
DINOv2-Small,dinov2_small,Image Trajectory ExtraTrees,16,C0016,2025_L321,2025,1447.16,1102.009811388892
DINOv2-Small,dinov2_small,Image Trajectory ExtraTrees,16,C0016,2025_L322,2025,1370.88,1102.009811388892
DINOv2-Small,dinov2_small,Image Trajectory ExtraTrees,16,C0016,2025_L323,2025,1288.0,1102.009811388892
DINOv2-Small,dinov2_small,Full CMGT,16,C0016,2025_L214,2025,562.5,963.5030269200937
DINOv2-Small,dinov2_small,Full CMGT,16,C0016,2025_L215,2025,899.999999999999,1064.130448889989
DINOv2-Small,dinov2_small,Full CMGT,16,C0016,2025_L216,2025,633.3,1077.8217450857676
DINOv2-Small,dinov2_small,Full CMGT,16,C0016,2025_L224,2025,1048.6,776.9171709506388
DINOv2-Small,dinov2_small,Full CMGT,16,C0016,2025_L225,2025,1122.0,852.869751551402
DINOv2-Small,dinov2_small,Full CMGT,16,C0016,2025_L226,2025,1374.25,1160.9551068512271
DINOv2-Small,dinov2_small,Full CMGT,16,C0016,2025_L311,2025,410.0,1062.1308439872919
DINOv2-Small,dinov2_small,Full CMGT,16,C0016,2025_L312,2025,100.0,893.1596723298202
DINOv2-Small,dinov2_small,Full CMGT,16,C0016,2025_L313,2025,840.0,1107.6468203820455
DINOv2-Small,dinov2_small,Full CMGT,16,C0016,2025_L321,2025,1447.16,1272.1653230814327
DINOv2-Small,dinov2_small,Full CMGT,16,C0016,2025_L322,2025,1370.88,1052.0112450678598
DINOv2-Small,dinov2_small,Full CMGT,16,C0016,2025_L323,2025,1288.0,949.3446941381554
DINOv2-Small,dinov2_small,Static Image ExtraTrees,17,C0017,2025_L511,2025,300.0,1054.2822672863294
DINOv2-Small,dinov2_small,Static Image ExtraTrees,17,C0017,2025_L512,2025,1150.0,1054.2822672863294
DINOv2-Small,dinov2_small,Static Image ExtraTrees,17,C0017,2025_L513,2025,1292.5,1054.2822672863294
DINOv2-Small,dinov2_small,Static Image ExtraTrees,17,C0017,2025_L521,2025,1286.2,1054.2822672863294
DINOv2-Small,dinov2_small,Static Image ExtraTrees,17,C0017,2025_L522,2025,1462.86,1054.2822672863294
DINOv2-Small,dinov2_small,Static Image ExtraTrees,17,C0017,2025_L523,2025,1384.32,1054.2822672863294
DINOv2-Small,dinov2_small,Static Image ExtraTrees,17,C0017,2025_L611,2025,800.0,1054.2822672863294
DINOv2-Small,dinov2_small,Static Image ExtraTrees,17,C0017,2025_L612,2025,666.6,1054.2822672863294
DINOv2-Small,dinov2_small,Static Image ExtraTrees,17,C0017,2025_L613,2025,650.7,1054.2822672863294
DINOv2-Small,dinov2_small,Static Image ExtraTrees,17,C0017,2025_L621,2025,1220.4,1054.2822672863294
DINOv2-Small,dinov2_small,Static Image ExtraTrees,17,C0017,2025_L622,2025,535.5,1054.2822672863294
DINOv2-Small,dinov2_small,Static Image ExtraTrees,17,C0017,2025_L623,2025,964.32,1054.2822672863294
DINOv2-Small,dinov2_small,Image Trajectory ExtraTrees,17,C0017,2025_L511,2025,300.0,891.6076316666681
DINOv2-Small,dinov2_small,Image Trajectory ExtraTrees,17,C0017,2025_L512,2025,1150.0,891.6076316666681
DINOv2-Small,dinov2_small,Image Trajectory ExtraTrees,17,C0017,2025_L513,2025,1292.5,891.6076316666681
DINOv2-Small,dinov2_small,Image Trajectory ExtraTrees,17,C0017,2025_L521,2025,1286.2,891.6076316666681
DINOv2-Small,dinov2_small,Image Trajectory ExtraTrees,17,C0017,2025_L522,2025,1462.86,891.6076316666681
DINOv2-Small,dinov2_small,Image Trajectory ExtraTrees,17,C0017,2025_L523,2025,1384.32,891.6076316666681
DINOv2-Small,dinov2_small,Image Trajectory ExtraTrees,17,C0017,2025_L611,2025,800.0,891.6076316666681
DINOv2-Small,dinov2_small,Image Trajectory ExtraTrees,17,C0017,2025_L612,2025,666.6,891.6076316666681
DINOv2-Small,dinov2_small,Image Trajectory ExtraTrees,17,C0017,2025_L613,2025,650.7,891.6076316666681
DINOv2-Small,dinov2_small,Image Trajectory ExtraTrees,17,C0017,2025_L621,2025,1220.4,891.6076316666681
DINOv2-Small,dinov2_small,Image Trajectory ExtraTrees,17,C0017,2025_L622,2025,535.5,891.6076316666681
DINOv2-Small,dinov2_small,Image Trajectory ExtraTrees,17,C0017,2025_L623,2025,964.32,891.6076316666681
DINOv2-Small,dinov2_small,Full CMGT,17,C0017,2025_L511,2025,300.0,827.9997697936316
DINOv2-Small,dinov2_small,Full CMGT,17,C0017,2025_L512,2025,1150.0,1102.6544519410818
DINOv2-Small,dinov2_small,Full CMGT,17,C0017,2025_L513,2025,1292.5,868.4060818556108
DINOv2-Small,dinov2_small,Full CMGT,17,C0017,2025_L521,2025,1286.2,961.6769876319114
DINOv2-Small,dinov2_small,Full CMGT,17,C0017,2025_L522,2025,1462.86,1011.4540814383346
DINOv2-Small,dinov2_small,Full CMGT,17,C0017,2025_L523,2025,1384.32,947.2969532212745
DINOv2-Small,dinov2_small,Full CMGT,17,C0017,2025_L611,2025,800.0,999.9185903713636
DINOv2-Small,dinov2_small,Full CMGT,17,C0017,2025_L612,2025,666.6,930.6160221587143
DINOv2-Small,dinov2_small,Full CMGT,17,C0017,2025_L613,2025,650.7,769.2124846569194
DINOv2-Small,dinov2_small,Full CMGT,17,C0017,2025_L621,2025,1220.4,1167.4947597562418
DINOv2-Small,dinov2_small,Full CMGT,17,C0017,2025_L622,2025,535.5,717.9341062463807
DINOv2-Small,dinov2_small,Full CMGT,17,C0017,2025_L623,2025,964.32,1049.4572123589128
DINOv2-Small,dinov2_small,Static Image ExtraTrees,18,C0018,2025_L514,2025,1650.0,1060.4716033333352
DINOv2-Small,dinov2_small,Static Image ExtraTrees,18,C0018,2025_L515,2025,205.0,1060.4716033333352
DINOv2-Small,dinov2_small,Static Image ExtraTrees,18,C0018,2025_L516,2025,105.0,1060.4716033333352
DINOv2-Small,dinov2_small,Static Image ExtraTrees,18,C0018,2025_L524,2025,1566.25,1060.4716033333352
DINOv2-Small,dinov2_small,Static Image ExtraTrees,18,C0018,2025_L525,2025,1476.2,1060.4716033333352
DINOv2-Small,dinov2_small,Static Image ExtraTrees,18,C0018,2025_L526,2025,1557.6,1060.4716033333352
DINOv2-Small,dinov2_small,Static Image ExtraTrees,18,C0018,2025_L614,2025,721.0,1060.4716033333352
DINOv2-Small,dinov2_small,Static Image ExtraTrees,18,C0018,2025_L615,2025,933.0,1060.4716033333352
DINOv2-Small,dinov2_small,Static Image ExtraTrees,18,C0018,2025_L616,2025,37.5,1060.4716033333352
DINOv2-Small,dinov2_small,Image Trajectory ExtraTrees,18,C0018,2025_L514,2025,1650.0,988.6200847435895
DINOv2-Small,dinov2_small,Image Trajectory ExtraTrees,18,C0018,2025_L515,2025,205.0,988.6200847435895
DINOv2-Small,dinov2_small,Image Trajectory ExtraTrees,18,C0018,2025_L516,2025,105.0,988.6200847435895
DINOv2-Small,dinov2_small,Image Trajectory ExtraTrees,18,C0018,2025_L524,2025,1566.25,988.6200847435895
DINOv2-Small,dinov2_small,Image Trajectory ExtraTrees,18,C0018,2025_L525,2025,1476.2,988.6200847435895
DINOv2-Small,dinov2_small,Image Trajectory ExtraTrees,18,C0018,2025_L526,2025,1557.6,988.6200847435895
DINOv2-Small,dinov2_small,Image Trajectory ExtraTrees,18,C0018,2025_L614,2025,721.0,988.6200847435895
DINOv2-Small,dinov2_small,Image Trajectory ExtraTrees,18,C0018,2025_L615,2025,933.0,988.6200847435895
DINOv2-Small,dinov2_small,Image Trajectory ExtraTrees,18,C0018,2025_L616,2025,37.5,988.6200847435895
DINOv2-Small,dinov2_small,Full CMGT,18,C0018,2025_L514,2025,1650.0,1062.3693353086937
DINOv2-Small,dinov2_small,Full CMGT,18,C0018,2025_L515,2025,205.0,851.4290567391985
DINOv2-Small,dinov2_small,Full CMGT,18,C0018,2025_L516,2025,105.0,711.8853300046009
DINOv2-Small,dinov2_small,Full CMGT,18,C0018,2025_L524,2025,1566.25,1104.0532598480286
DINOv2-Small,dinov2_small,Full CMGT,18,C0018,2025_L525,2025,1476.2,934.1952132651611
DINOv2-Small,dinov2_small,Full CMGT,18,C0018,2025_L526,2025,1557.6,981.6445215809096
DINOv2-Small,dinov2_small,Full CMGT,18,C0018,2025_L614,2025,721.0,758.642471615255
DINOv2-Small,dinov2_small,Full CMGT,18,C0018,2025_L615,2025,933.0,995.8363401178962
DINOv2-Small,dinov2_small,Full CMGT,18,C0018,2025_L616,2025,37.5,797.5288882779749
DINOv3 ViT-S/16,dinov3_vits16,Static Image ExtraTrees,1,C0001,2023_121,2023,910.0,894.2784830555539
DINOv3 ViT-S/16,dinov3_vits16,Static Image ExtraTrees,1,C0001,2023_122,2023,868.0,894.2784830555539
DINOv3 ViT-S/16,dinov3_vits16,Static Image ExtraTrees,1,C0001,2023_123,2023,1014.8,894.2784830555539
DINOv3 ViT-S/16,dinov3_vits16,Static Image ExtraTrees,1,C0001,2023_221,2023,884.8,894.2784830555539
DINOv3 ViT-S/16,dinov3_vits16,Static Image ExtraTrees,1,C0001,2023_222,2023,933.4,894.2784830555539
DINOv3 ViT-S/16,dinov3_vits16,Static Image ExtraTrees,1,C0001,2023_223,2023,945.6,894.2784830555539
DINOv3 ViT-S/16,dinov3_vits16,Static Image ExtraTrees,1,C0001,2023_224,2023,1118.6,924.3160222222203
DINOv3 ViT-S/16,dinov3_vits16,Static Image ExtraTrees,1,C0001,2023_225,2023,812.0,924.3160222222203
DINOv3 ViT-S/16,dinov3_vits16,Static Image ExtraTrees,1,C0001,2023_226,2023,760.8,924.3160222222203
DINOv3 ViT-S/16,dinov3_vits16,Static Image ExtraTrees,1,C0001,2023_321,2023,835.1,924.3160222222203
DINOv3 ViT-S/16,dinov3_vits16,Static Image ExtraTrees,1,C0001,2023_322,2023,821.0,924.3160222222203
DINOv3 ViT-S/16,dinov3_vits16,Static Image ExtraTrees,1,C0001,2023_323,2023,1046.8,924.3160222222203
DINOv3 ViT-S/16,dinov3_vits16,Static Image ExtraTrees,1,C0001,2023_324,2023,1041.2,865.4320797222204
DINOv3 ViT-S/16,dinov3_vits16,Static Image ExtraTrees,1,C0001,2023_325,2023,1070.0,865.4320797222204
DINOv3 ViT-S/16,dinov3_vits16,Static Image ExtraTrees,1,C0001,2023_326,2023,1134.6,865.4320797222204
DINOv3 ViT-S/16,dinov3_vits16,Static Image ExtraTrees,1,C0001,2023_421,2023,987.16,876.4115741666649
DINOv3 ViT-S/16,dinov3_vits16,Static Image ExtraTrees,1,C0001,2023_422,2023,1093.4,876.4115741666649
DINOv3 ViT-S/16,dinov3_vits16,Static Image ExtraTrees,1,C0001,2023_423,2023,1070.67,876.4115741666649
DINOv3 ViT-S/16,dinov3_vits16,Static Image ExtraTrees,1,C0001,2023_521,2023,1008.8,876.4115741666649
DINOv3 ViT-S/16,dinov3_vits16,Static Image ExtraTrees,1,C0001,2023_522,2023,991.4,876.4115741666649
DINOv3 ViT-S/16,dinov3_vits16,Static Image ExtraTrees,1,C0001,2023_523,2023,1078.2,876.4115741666649
DINOv3 ViT-S/16,dinov3_vits16,Static Image ExtraTrees,1,C0001,2023_524,2023,1125.3,837.7559886111105
DINOv3 ViT-S/16,dinov3_vits16,Static Image ExtraTrees,1,C0001,2023_525,2023,1087.0,837.7559886111105
DINOv3 ViT-S/16,dinov3_vits16,Static Image ExtraTrees,1,C0001,2023_526,2023,1124.4,837.7559886111105
DINOv3 ViT-S/16,dinov3_vits16,Static Image ExtraTrees,1,C0001,2023_527,2023,1451.6,864.9291863888867
DINOv3 ViT-S/16,dinov3_vits16,Static Image ExtraTrees,1,C0001,2023_528,2023,1306.8,864.9291863888867
DINOv3 ViT-S/16,dinov3_vits16,Static Image ExtraTrees,1,C0001,2023_529,2023,1158.2,864.9291863888867
DINOv3 ViT-S/16,dinov3_vits16,Static Image ExtraTrees,1,C0001,2023_621,2023,1174.0,837.7559886111105
DINOv3 ViT-S/16,dinov3_vits16,Static Image ExtraTrees,1,C0001,2023_622,2023,1112.9,837.7559886111105
DINOv3 ViT-S/16,dinov3_vits16,Static Image ExtraTrees,1,C0001,2023_623,2023,1220.2,837.7559886111105
DINOv3 ViT-S/16,dinov3_vits16,Static Image ExtraTrees,1,C0001,2023_624,2023,1096.5,864.9291863888867
DINOv3 ViT-S/16,dinov3_vits16,Static Image ExtraTrees,1,C0001,2023_625,2023,1254.0,864.9291863888867
DINOv3 ViT-S/16,dinov3_vits16,Static Image ExtraTrees,1,C0001,2023_626,2023,1260.0,876.984081666664
DINOv3 ViT-S/16,dinov3_vits16,Static Image ExtraTrees,1,C0001,2023_721,2023,1128.0,865.4320797222204
DINOv3 ViT-S/16,dinov3_vits16,Static Image ExtraTrees,1,C0001,2023_722,2023,1065.6,858.9158119444428
DINOv3 ViT-S/16,dinov3_vits16,Static Image ExtraTrees,1,C0001,2023_723,2023,1093.6,858.9158119444428
DINOv3 ViT-S/16,dinov3_vits16,Static Image ExtraTrees,1,C0001,2023_724,2023,1070.4,900.0432444444414
DINOv3 ViT-S/16,dinov3_vits16,Static Image ExtraTrees,1,C0001,2023_725,2023,1120.8,900.0432444444414
DINOv3 ViT-S/16,dinov3_vits16,Static Image ExtraTrees,1,C0001,2023_726,2023,1081.6,900.0432444444414
DINOv3 ViT-S/16,dinov3_vits16,Image Trajectory ExtraTrees,1,C0001,2023_121,2023,910.0,742.3650313888904
DINOv3 ViT-S/16,dinov3_vits16,Image Trajectory ExtraTrees,1,C0001,2023_122,2023,868.0,742.3650313888904
DINOv3 ViT-S/16,dinov3_vits16,Image Trajectory ExtraTrees,1,C0001,2023_123,2023,1014.8,742.3650313888904
DINOv3 ViT-S/16,dinov3_vits16,Image Trajectory ExtraTrees,1,C0001,2023_221,2023,884.8,742.3650313888904
DINOv3 ViT-S/16,dinov3_vits16,Image Trajectory ExtraTrees,1,C0001,2023_222,2023,933.4,742.3650313888904
DINOv3 ViT-S/16,dinov3_vits16,Image Trajectory ExtraTrees,1,C0001,2023_223,2023,945.6,742.3650313888904
DINOv3 ViT-S/16,dinov3_vits16,Image Trajectory ExtraTrees,1,C0001,2023_224,2023,1118.6,826.7159577777775
DINOv3 ViT-S/16,dinov3_vits16,Image Trajectory ExtraTrees,1,C0001,2023_225,2023,812.0,826.7159577777775
DINOv3 ViT-S/16,dinov3_vits16,Image Trajectory ExtraTrees,1,C0001,2023_226,2023,760.8,826.7159577777775
DINOv3 ViT-S/16,dinov3_vits16,Image Trajectory ExtraTrees,1,C0001,2023_321,2023,835.1,826.7159577777775
DINOv3 ViT-S/16,dinov3_vits16,Image Trajectory ExtraTrees,1,C0001,2023_322,2023,821.0,826.7159577777775
DINOv3 ViT-S/16,dinov3_vits16,Image Trajectory ExtraTrees,1,C0001,2023_323,2023,1046.8,826.7159577777775
DINOv3 ViT-S/16,dinov3_vits16,Image Trajectory ExtraTrees,1,C0001,2023_324,2023,1041.2,911.8535863888944
DINOv3 ViT-S/16,dinov3_vits16,Image Trajectory ExtraTrees,1,C0001,2023_325,2023,1070.0,911.8535863888944
DINOv3 ViT-S/16,dinov3_vits16,Image Trajectory ExtraTrees,1,C0001,2023_326,2023,1134.6,911.8535863888944
DINOv3 ViT-S/16,dinov3_vits16,Image Trajectory ExtraTrees,1,C0001,2023_421,2023,987.16,769.1498255555571
DINOv3 ViT-S/16,dinov3_vits16,Image Trajectory ExtraTrees,1,C0001,2023_422,2023,1093.4,769.1498255555571
DINOv3 ViT-S/16,dinov3_vits16,Image Trajectory ExtraTrees,1,C0001,2023_423,2023,1070.67,769.1498255555571
DINOv3 ViT-S/16,dinov3_vits16,Image Trajectory ExtraTrees,1,C0001,2023_521,2023,1008.8,769.1498255555571
DINOv3 ViT-S/16,dinov3_vits16,Image Trajectory ExtraTrees,1,C0001,2023_522,2023,991.4,769.1498255555571
DINOv3 ViT-S/16,dinov3_vits16,Image Trajectory ExtraTrees,1,C0001,2023_523,2023,1078.2,769.1498255555571
DINOv3 ViT-S/16,dinov3_vits16,Image Trajectory ExtraTrees,1,C0001,2023_524,2023,1125.3,695.6388105555569
DINOv3 ViT-S/16,dinov3_vits16,Image Trajectory ExtraTrees,1,C0001,2023_525,2023,1087.0,695.6388105555569
DINOv3 ViT-S/16,dinov3_vits16,Image Trajectory ExtraTrees,1,C0001,2023_526,2023,1124.4,695.6388105555569
DINOv3 ViT-S/16,dinov3_vits16,Image Trajectory ExtraTrees,1,C0001,2023_527,2023,1451.6,916.9451550000055
DINOv3 ViT-S/16,dinov3_vits16,Image Trajectory ExtraTrees,1,C0001,2023_528,2023,1306.8,916.9451550000055
DINOv3 ViT-S/16,dinov3_vits16,Image Trajectory ExtraTrees,1,C0001,2023_529,2023,1158.2,916.9451550000055
DINOv3 ViT-S/16,dinov3_vits16,Image Trajectory ExtraTrees,1,C0001,2023_621,2023,1174.0,695.6388105555569
DINOv3 ViT-S/16,dinov3_vits16,Image Trajectory ExtraTrees,1,C0001,2023_622,2023,1112.9,695.6388105555569
DINOv3 ViT-S/16,dinov3_vits16,Image Trajectory ExtraTrees,1,C0001,2023_623,2023,1220.2,695.6388105555569
DINOv3 ViT-S/16,dinov3_vits16,Image Trajectory ExtraTrees,1,C0001,2023_624,2023,1096.5,916.9451550000055
DINOv3 ViT-S/16,dinov3_vits16,Image Trajectory ExtraTrees,1,C0001,2023_625,2023,1254.0,916.9451550000055
DINOv3 ViT-S/16,dinov3_vits16,Image Trajectory ExtraTrees,1,C0001,2023_626,2023,1260.0,923.9814775000057
DINOv3 ViT-S/16,dinov3_vits16,Image Trajectory ExtraTrees,1,C0001,2023_721,2023,1128.0,911.8535863888944
DINOv3 ViT-S/16,dinov3_vits16,Image Trajectory ExtraTrees,1,C0001,2023_722,2023,1065.6,903.6207341666722
DINOv3 ViT-S/16,dinov3_vits16,Image Trajectory ExtraTrees,1,C0001,2023_723,2023,1093.6,903.6207341666722
DINOv3 ViT-S/16,dinov3_vits16,Image Trajectory ExtraTrees,1,C0001,2023_724,2023,1070.4,937.3204380555615
DINOv3 ViT-S/16,dinov3_vits16,Image Trajectory ExtraTrees,1,C0001,2023_725,2023,1120.8,937.3204380555615
DINOv3 ViT-S/16,dinov3_vits16,Image Trajectory ExtraTrees,1,C0001,2023_726,2023,1081.6,937.3204380555615
DINOv3 ViT-S/16,dinov3_vits16,Full CMGT,1,C0001,2023_121,2023,910.0,1026.1234923386178
DINOv3 ViT-S/16,dinov3_vits16,Full CMGT,1,C0001,2023_122,2023,868.0,1038.3613472356642
DINOv3 ViT-S/16,dinov3_vits16,Full CMGT,1,C0001,2023_123,2023,1014.8,998.9516872653664
DINOv3 ViT-S/16,dinov3_vits16,Full CMGT,1,C0001,2023_221,2023,884.8,1093.7395652207606
DINOv3 ViT-S/16,dinov3_vits16,Full CMGT,1,C0001,2023_222,2023,933.4,1025.3421802945354
DINOv3 ViT-S/16,dinov3_vits16,Full CMGT,1,C0001,2023_223,2023,945.6,1116.0021316446591
DINOv3 ViT-S/16,dinov3_vits16,Full CMGT,1,C0001,2023_224,2023,1118.6,978.3933571916294
DINOv3 ViT-S/16,dinov3_vits16,Full CMGT,1,C0001,2023_225,2023,812.0,1040.73563868155
DINOv3 ViT-S/16,dinov3_vits16,Full CMGT,1,C0001,2023_226,2023,760.8,1022.5055349944053
DINOv3 ViT-S/16,dinov3_vits16,Full CMGT,1,C0001,2023_321,2023,835.1,1060.9039905426662
DINOv3 ViT-S/16,dinov3_vits16,Full CMGT,1,C0001,2023_322,2023,821.0,1032.4024697884806
DINOv3 ViT-S/16,dinov3_vits16,Full CMGT,1,C0001,2023_323,2023,1046.8,1068.0538528697393
DINOv3 ViT-S/16,dinov3_vits16,Full CMGT,1,C0001,2023_324,2023,1041.2,1137.2734965867676
DINOv3 ViT-S/16,dinov3_vits16,Full CMGT,1,C0001,2023_325,2023,1070.0,1089.322116566546
DINOv3 ViT-S/16,dinov3_vits16,Full CMGT,1,C0001,2023_326,2023,1134.6,992.9043178542015
DINOv3 ViT-S/16,dinov3_vits16,Full CMGT,1,C0001,2023_421,2023,987.16,1068.144960237049
DINOv3 ViT-S/16,dinov3_vits16,Full CMGT,1,C0001,2023_422,2023,1093.4,1117.2237028870313
DINOv3 ViT-S/16,dinov3_vits16,Full CMGT,1,C0001,2023_423,2023,1070.67,1036.8247799546066
DINOv3 ViT-S/16,dinov3_vits16,Full CMGT,1,C0001,2023_521,2023,1008.8,950.6497726043244
DINOv3 ViT-S/16,dinov3_vits16,Full CMGT,1,C0001,2023_522,2023,991.4,1010.2377566319175
DINOv3 ViT-S/16,dinov3_vits16,Full CMGT,1,C0001,2023_523,2023,1078.2,1006.5209811374574
DINOv3 ViT-S/16,dinov3_vits16,Full CMGT,1,C0001,2023_524,2023,1125.3,983.8291557203855
DINOv3 ViT-S/16,dinov3_vits16,Full CMGT,1,C0001,2023_525,2023,1087.0,1086.3677880624696
DINOv3 ViT-S/16,dinov3_vits16,Full CMGT,1,C0001,2023_526,2023,1124.4,1107.4700520487368
DINOv3 ViT-S/16,dinov3_vits16,Full CMGT,1,C0001,2023_527,2023,1451.6,1175.3763713864973
DINOv3 ViT-S/16,dinov3_vits16,Full CMGT,1,C0001,2023_528,2023,1306.8,985.8569505701794
DINOv3 ViT-S/16,dinov3_vits16,Full CMGT,1,C0001,2023_529,2023,1158.2,1074.5278860838052
DINOv3 ViT-S/16,dinov3_vits16,Full CMGT,1,C0001,2023_621,2023,1174.0,972.3242250415077
DINOv3 ViT-S/16,dinov3_vits16,Full CMGT,1,C0001,2023_622,2023,1112.9,1026.5348516707832
DINOv3 ViT-S/16,dinov3_vits16,Full CMGT,1,C0001,2023_623,2023,1220.2,1013.1260985921964
DINOv3 ViT-S/16,dinov3_vits16,Full CMGT,1,C0001,2023_624,2023,1096.5,993.2215508286421
DINOv3 ViT-S/16,dinov3_vits16,Full CMGT,1,C0001,2023_625,2023,1254.0,978.4567939775549
DINOv3 ViT-S/16,dinov3_vits16,Full CMGT,1,C0001,2023_626,2023,1260.0,1098.8187872830395
DINOv3 ViT-S/16,dinov3_vits16,Full CMGT,1,C0001,2023_721,2023,1128.0,1107.4537701973072
DINOv3 ViT-S/16,dinov3_vits16,Full CMGT,1,C0001,2023_722,2023,1065.6,1034.2280020334924
DINOv3 ViT-S/16,dinov3_vits16,Full CMGT,1,C0001,2023_723,2023,1093.6,942.8345624981661
DINOv3 ViT-S/16,dinov3_vits16,Full CMGT,1,C0001,2023_724,2023,1070.4,964.6031960748286
DINOv3 ViT-S/16,dinov3_vits16,Full CMGT,1,C0001,2023_725,2023,1120.8,1107.5007444131684
DINOv3 ViT-S/16,dinov3_vits16,Full CMGT,1,C0001,2023_726,2023,1081.6,1075.243748895165
DINOv3 ViT-S/16,dinov3_vits16,Static Image ExtraTrees,2,C0002,2024_CK11,2024,210.0,904.9538969444474
DINOv3 ViT-S/16,dinov3_vits16,Static Image ExtraTrees,2,C0002,2024_CK12,2024,166.65,904.9538969444474
DINOv3 ViT-S/16,dinov3_vits16,Static Image ExtraTrees,2,C0002,2024_CK13,2024,175.0,904.9538969444474
DINOv3 ViT-S/16,dinov3_vits16,Static Image ExtraTrees,2,C0002,2024_CK21,2024,706.2,904.9538969444474
DINOv3 ViT-S/16,dinov3_vits16,Static Image ExtraTrees,2,C0002,2024_CK22,2024,719.1,904.9538969444474
DINOv3 ViT-S/16,dinov3_vits16,Static Image ExtraTrees,2,C0002,2024_CK23,2024,824.55,904.9538969444474
DINOv3 ViT-S/16,dinov3_vits16,Static Image ExtraTrees,2,C0002,2024_L411,2024,810.9,904.9538969444474
DINOv3 ViT-S/16,dinov3_vits16,Static Image ExtraTrees,2,C0002,2024_L412,2024,150.0,904.9538969444474
DINOv3 ViT-S/16,dinov3_vits16,Static Image ExtraTrees,2,C0002,2024_L413,2024,1062.5,904.9538969444474
DINOv3 ViT-S/16,dinov3_vits16,Static Image ExtraTrees,2,C0002,2024_L421,2024,920.64,904.9538969444474
DINOv3 ViT-S/16,dinov3_vits16,Static Image ExtraTrees,2,C0002,2024_L422,2024,797.27,904.9538969444474
DINOv3 ViT-S/16,dinov3_vits16,Static Image ExtraTrees,2,C0002,2024_L423,2024,759.69,904.9538969444474
DINOv3 ViT-S/16,dinov3_vits16,Image Trajectory ExtraTrees,2,C0002,2024_CK11,2024,210.0,803.1732841666679
DINOv3 ViT-S/16,dinov3_vits16,Image Trajectory ExtraTrees,2,C0002,2024_CK12,2024,166.65,803.1732841666679
DINOv3 ViT-S/16,dinov3_vits16,Image Trajectory ExtraTrees,2,C0002,2024_CK13,2024,175.0,803.1732841666679
DINOv3 ViT-S/16,dinov3_vits16,Image Trajectory ExtraTrees,2,C0002,2024_CK21,2024,706.2,803.1732841666679
DINOv3 ViT-S/16,dinov3_vits16,Image Trajectory ExtraTrees,2,C0002,2024_CK22,2024,719.1,803.1732841666679
DINOv3 ViT-S/16,dinov3_vits16,Image Trajectory ExtraTrees,2,C0002,2024_CK23,2024,824.55,803.1732841666679
DINOv3 ViT-S/16,dinov3_vits16,Image Trajectory ExtraTrees,2,C0002,2024_L411,2024,810.9,803.1732841666679
DINOv3 ViT-S/16,dinov3_vits16,Image Trajectory ExtraTrees,2,C0002,2024_L412,2024,150.0,803.1732841666679
DINOv3 ViT-S/16,dinov3_vits16,Image Trajectory ExtraTrees,2,C0002,2024_L413,2024,1062.5,803.1732841666679
DINOv3 ViT-S/16,dinov3_vits16,Image Trajectory ExtraTrees,2,C0002,2024_L421,2024,920.64,803.1732841666679
DINOv3 ViT-S/16,dinov3_vits16,Image Trajectory ExtraTrees,2,C0002,2024_L422,2024,797.27,803.1732841666679
DINOv3 ViT-S/16,dinov3_vits16,Image Trajectory ExtraTrees,2,C0002,2024_L423,2024,759.69,803.1732841666679
DINOv3 ViT-S/16,dinov3_vits16,Full CMGT,2,C0002,2024_CK11,2024,210.0,556.1876102624786
DINOv3 ViT-S/16,dinov3_vits16,Full CMGT,2,C0002,2024_CK12,2024,166.65,553.2387515219052
DINOv3 ViT-S/16,dinov3_vits16,Full CMGT,2,C0002,2024_CK13,2024,175.0,640.9871112039401
DINOv3 ViT-S/16,dinov3_vits16,Full CMGT,2,C0002,2024_CK21,2024,706.2,660.05198826744
DINOv3 ViT-S/16,dinov3_vits16,Full CMGT,2,C0002,2024_CK22,2024,719.1,550.2043152827468
DINOv3 ViT-S/16,dinov3_vits16,Full CMGT,2,C0002,2024_CK23,2024,824.55,595.019846745416
DINOv3 ViT-S/16,dinov3_vits16,Full CMGT,2,C0002,2024_L411,2024,810.9,511.5506893389057
DINOv3 ViT-S/16,dinov3_vits16,Full CMGT,2,C0002,2024_L412,2024,150.0,568.1633861765731
DINOv3 ViT-S/16,dinov3_vits16,Full CMGT,2,C0002,2024_L413,2024,1062.5,468.3796039890472
DINOv3 ViT-S/16,dinov3_vits16,Full CMGT,2,C0002,2024_L421,2024,920.64,566.4333478388257
DINOv3 ViT-S/16,dinov3_vits16,Full CMGT,2,C0002,2024_L422,2024,797.27,624.5045282047492
DINOv3 ViT-S/16,dinov3_vits16,Full CMGT,2,C0002,2024_L423,2024,759.69,575.2366858816374
DINOv3 ViT-S/16,dinov3_vits16,Static Image ExtraTrees,3,C0003,2024_CK14,2024,820.0,890.0968311996362
DINOv3 ViT-S/16,dinov3_vits16,Static Image ExtraTrees,3,C0003,2024_CK15,2024,464.25,890.0968311996362
DINOv3 ViT-S/16,dinov3_vits16,Static Image ExtraTrees,3,C0003,2024_CK16,2024,536.65,890.0968311996362
DINOv3 ViT-S/16,dinov3_vits16,Static Image ExtraTrees,3,C0003,2024_CK24,2024,613.025,890.0968311996362
DINOv3 ViT-S/16,dinov3_vits16,Static Image ExtraTrees,3,C0003,2024_CK25,2024,679.38,890.0968311996362
DINOv3 ViT-S/16,dinov3_vits16,Static Image ExtraTrees,3,C0003,2024_CK26,2024,831.42,890.0968311996362
DINOv3 ViT-S/16,dinov3_vits16,Static Image ExtraTrees,3,C0003,2024_R414,2024,583.35,890.0968311996362
DINOv3 ViT-S/16,dinov3_vits16,Static Image ExtraTrees,3,C0003,2024_R415,2024,0.0,890.0968311996362
DINOv3 ViT-S/16,dinov3_vits16,Static Image ExtraTrees,3,C0003,2024_R416,2024,724.15,890.0968311996362
DINOv3 ViT-S/16,dinov3_vits16,Static Image ExtraTrees,3,C0003,2024_R424,2024,612.48,890.0968311996362
DINOv3 ViT-S/16,dinov3_vits16,Static Image ExtraTrees,3,C0003,2024_R425,2024,390.72,890.0968311996362
DINOv3 ViT-S/16,dinov3_vits16,Static Image ExtraTrees,3,C0003,2024_R426,2024,574.77,890.0968311996362
DINOv3 ViT-S/16,dinov3_vits16,Image Trajectory ExtraTrees,3,C0003,2024_CK14,2024,820.0,836.8133247222244
DINOv3 ViT-S/16,dinov3_vits16,Image Trajectory ExtraTrees,3,C0003,2024_CK15,2024,464.25,836.8133247222244
DINOv3 ViT-S/16,dinov3_vits16,Image Trajectory ExtraTrees,3,C0003,2024_CK16,2024,536.65,836.8133247222244
DINOv3 ViT-S/16,dinov3_vits16,Image Trajectory ExtraTrees,3,C0003,2024_CK24,2024,613.025,836.8133247222244
DINOv3 ViT-S/16,dinov3_vits16,Image Trajectory ExtraTrees,3,C0003,2024_CK25,2024,679.38,836.8133247222244
DINOv3 ViT-S/16,dinov3_vits16,Image Trajectory ExtraTrees,3,C0003,2024_CK26,2024,831.42,836.8133247222244
DINOv3 ViT-S/16,dinov3_vits16,Image Trajectory ExtraTrees,3,C0003,2024_R414,2024,583.35,836.8133247222244
DINOv3 ViT-S/16,dinov3_vits16,Image Trajectory ExtraTrees,3,C0003,2024_R415,2024,0.0,836.8133247222244
DINOv3 ViT-S/16,dinov3_vits16,Image Trajectory ExtraTrees,3,C0003,2024_R416,2024,724.15,836.8133247222244
DINOv3 ViT-S/16,dinov3_vits16,Image Trajectory ExtraTrees,3,C0003,2024_R424,2024,612.48,836.8133247222244
DINOv3 ViT-S/16,dinov3_vits16,Image Trajectory ExtraTrees,3,C0003,2024_R425,2024,390.72,836.8133247222244
DINOv3 ViT-S/16,dinov3_vits16,Image Trajectory ExtraTrees,3,C0003,2024_R426,2024,574.77,836.8133247222244
DINOv3 ViT-S/16,dinov3_vits16,Full CMGT,3,C0003,2024_CK14,2024,820.0,574.9165784724617
DINOv3 ViT-S/16,dinov3_vits16,Full CMGT,3,C0003,2024_CK15,2024,464.25,556.9923488025349
DINOv3 ViT-S/16,dinov3_vits16,Full CMGT,3,C0003,2024_CK16,2024,536.65,671.6413113076042
DINOv3 ViT-S/16,dinov3_vits16,Full CMGT,3,C0003,2024_CK24,2024,613.025,650.0055874150239
DINOv3 ViT-S/16,dinov3_vits16,Full CMGT,3,C0003,2024_CK25,2024,679.38,611.1942832987302
DINOv3 ViT-S/16,dinov3_vits16,Full CMGT,3,C0003,2024_CK26,2024,831.42,667.0525759198939
DINOv3 ViT-S/16,dinov3_vits16,Full CMGT,3,C0003,2024_R414,2024,583.35,600.5325182683075
DINOv3 ViT-S/16,dinov3_vits16,Full CMGT,3,C0003,2024_R415,2024,0.0,596.2858853301931
DINOv3 ViT-S/16,dinov3_vits16,Full CMGT,3,C0003,2024_R416,2024,724.15,693.9768388405205
DINOv3 ViT-S/16,dinov3_vits16,Full CMGT,3,C0003,2024_R424,2024,612.48,634.3318361911645
DINOv3 ViT-S/16,dinov3_vits16,Full CMGT,3,C0003,2024_R425,2024,390.72,622.4977457786682
DINOv3 ViT-S/16,dinov3_vits16,Full CMGT,3,C0003,2024_R426,2024,574.77,531.0738442843169
DINOv3 ViT-S/16,dinov3_vits16,Static Image ExtraTrees,4,C0004,2024_L111,2024,540.85,871.5039827777821
DINOv3 ViT-S/16,dinov3_vits16,Static Image ExtraTrees,4,C0004,2024_L112,2024,651.0,871.5039827777821
DINOv3 ViT-S/16,dinov3_vits16,Static Image ExtraTrees,4,C0004,2024_L113,2024,250.0,871.5039827777821
DINOv3 ViT-S/16,dinov3_vits16,Static Image ExtraTrees,4,C0004,2024_L121,2024,683.65,871.5039827777821
DINOv3 ViT-S/16,dinov3_vits16,Static Image ExtraTrees,4,C0004,2024_L122,2024,361.5,871.5039827777821
DINOv3 ViT-S/16,dinov3_vits16,Static Image ExtraTrees,4,C0004,2024_L123,2024,270.32,871.5039827777821
DINOv3 ViT-S/16,dinov3_vits16,Static Image ExtraTrees,4,C0004,2024_L211,2024,379.3,871.5039827777821
DINOv3 ViT-S/16,dinov3_vits16,Static Image ExtraTrees,4,C0004,2024_L212,2024,229.15,871.5039827777821
DINOv3 ViT-S/16,dinov3_vits16,Static Image ExtraTrees,4,C0004,2024_L213,2024,55.0,871.5039827777821
DINOv3 ViT-S/16,dinov3_vits16,Static Image ExtraTrees,4,C0004,2024_L221,2024,701.68,871.5039827777821
DINOv3 ViT-S/16,dinov3_vits16,Static Image ExtraTrees,4,C0004,2024_L222,2024,712.8,871.5039827777821
DINOv3 ViT-S/16,dinov3_vits16,Static Image ExtraTrees,4,C0004,2024_L223,2024,773.48,871.5039827777821
DINOv3 ViT-S/16,dinov3_vits16,Image Trajectory ExtraTrees,4,C0004,2024_L111,2024,540.85,845.3743300000032
DINOv3 ViT-S/16,dinov3_vits16,Image Trajectory ExtraTrees,4,C0004,2024_L112,2024,651.0,845.3743300000032
DINOv3 ViT-S/16,dinov3_vits16,Image Trajectory ExtraTrees,4,C0004,2024_L113,2024,250.0,845.3743300000032
DINOv3 ViT-S/16,dinov3_vits16,Image Trajectory ExtraTrees,4,C0004,2024_L121,2024,683.65,845.3743300000032
DINOv3 ViT-S/16,dinov3_vits16,Image Trajectory ExtraTrees,4,C0004,2024_L122,2024,361.5,845.3743300000032
DINOv3 ViT-S/16,dinov3_vits16,Image Trajectory ExtraTrees,4,C0004,2024_L123,2024,270.32,845.3743300000032
DINOv3 ViT-S/16,dinov3_vits16,Image Trajectory ExtraTrees,4,C0004,2024_L211,2024,379.3,845.3743300000032
DINOv3 ViT-S/16,dinov3_vits16,Image Trajectory ExtraTrees,4,C0004,2024_L212,2024,229.15,845.3743300000032
DINOv3 ViT-S/16,dinov3_vits16,Image Trajectory ExtraTrees,4,C0004,2024_L213,2024,55.0,845.3743300000032
DINOv3 ViT-S/16,dinov3_vits16,Image Trajectory ExtraTrees,4,C0004,2024_L221,2024,701.68,845.3743300000032
DINOv3 ViT-S/16,dinov3_vits16,Image Trajectory ExtraTrees,4,C0004,2024_L222,2024,712.8,845.3743300000032
DINOv3 ViT-S/16,dinov3_vits16,Image Trajectory ExtraTrees,4,C0004,2024_L223,2024,773.48,845.3743300000032
DINOv3 ViT-S/16,dinov3_vits16,Full CMGT,4,C0004,2024_L111,2024,540.85,592.7033443183167
DINOv3 ViT-S/16,dinov3_vits16,Full CMGT,4,C0004,2024_L112,2024,651.0,762.5512207119514
DINOv3 ViT-S/16,dinov3_vits16,Full CMGT,4,C0004,2024_L113,2024,250.0,703.0041719358042
DINOv3 ViT-S/16,dinov3_vits16,Full CMGT,4,C0004,2024_L121,2024,683.65,557.6659193328954
DINOv3 ViT-S/16,dinov3_vits16,Full CMGT,4,C0004,2024_L122,2024,361.5,597.8203771580309
DINOv3 ViT-S/16,dinov3_vits16,Full CMGT,4,C0004,2024_L123,2024,270.32,533.7287152769146
DINOv3 ViT-S/16,dinov3_vits16,Full CMGT,4,C0004,2024_L211,2024,379.3,617.8167324014014
DINOv3 ViT-S/16,dinov3_vits16,Full CMGT,4,C0004,2024_L212,2024,229.15,612.7516749156193
DINOv3 ViT-S/16,dinov3_vits16,Full CMGT,4,C0004,2024_L213,2024,55.0,620.8603726759931
DINOv3 ViT-S/16,dinov3_vits16,Full CMGT,4,C0004,2024_L221,2024,701.68,662.0753928401241
DINOv3 ViT-S/16,dinov3_vits16,Full CMGT,4,C0004,2024_L222,2024,712.8,653.9695373166803
DINOv3 ViT-S/16,dinov3_vits16,Full CMGT,4,C0004,2024_L223,2024,773.48,652.4725562777502
DINOv3 ViT-S/16,dinov3_vits16,Static Image ExtraTrees,5,C0005,2024_L214,2024,881.25,901.2049380372421
DINOv3 ViT-S/16,dinov3_vits16,Static Image ExtraTrees,5,C0005,2024_L215,2024,740.0,901.2049380372421
DINOv3 ViT-S/16,dinov3_vits16,Static Image ExtraTrees,5,C0005,2024_L216,2024,916.65,901.2049380372421
DINOv3 ViT-S/16,dinov3_vits16,Static Image ExtraTrees,5,C0005,2024_L224,2024,524.3,901.2049380372421
DINOv3 ViT-S/16,dinov3_vits16,Static Image ExtraTrees,5,C0005,2024_L225,2024,561.0,901.2049380372421
DINOv3 ViT-S/16,dinov3_vits16,Static Image ExtraTrees,5,C0005,2024_L226,2024,687.125,901.2049380372421
DINOv3 ViT-S/16,dinov3_vits16,Static Image ExtraTrees,5,C0005,2024_L311,2024,805.0,901.2049380372421
DINOv3 ViT-S/16,dinov3_vits16,Static Image ExtraTrees,5,C0005,2024_L312,2024,750.0,901.2049380372421
DINOv3 ViT-S/16,dinov3_vits16,Static Image ExtraTrees,5,C0005,2024_L313,2024,620.0,901.2049380372421
DINOv3 ViT-S/16,dinov3_vits16,Static Image ExtraTrees,5,C0005,2024_L321,2024,723.58,901.2049380372421
DINOv3 ViT-S/16,dinov3_vits16,Static Image ExtraTrees,5,C0005,2024_L322,2024,685.44,901.2049380372421
DINOv3 ViT-S/16,dinov3_vits16,Static Image ExtraTrees,5,C0005,2024_L323,2024,644.0,901.2049380372421
DINOv3 ViT-S/16,dinov3_vits16,Image Trajectory ExtraTrees,5,C0005,2024_L214,2024,881.25,756.1288986324802
DINOv3 ViT-S/16,dinov3_vits16,Image Trajectory ExtraTrees,5,C0005,2024_L215,2024,740.0,756.1288986324802
DINOv3 ViT-S/16,dinov3_vits16,Image Trajectory ExtraTrees,5,C0005,2024_L216,2024,916.65,756.1288986324802
DINOv3 ViT-S/16,dinov3_vits16,Image Trajectory ExtraTrees,5,C0005,2024_L224,2024,524.3,756.1288986324802
DINOv3 ViT-S/16,dinov3_vits16,Image Trajectory ExtraTrees,5,C0005,2024_L225,2024,561.0,756.1288986324802
DINOv3 ViT-S/16,dinov3_vits16,Image Trajectory ExtraTrees,5,C0005,2024_L226,2024,687.125,756.1288986324802
DINOv3 ViT-S/16,dinov3_vits16,Image Trajectory ExtraTrees,5,C0005,2024_L311,2024,805.0,756.1288986324802
DINOv3 ViT-S/16,dinov3_vits16,Image Trajectory ExtraTrees,5,C0005,2024_L312,2024,750.0,756.1288986324802
DINOv3 ViT-S/16,dinov3_vits16,Image Trajectory ExtraTrees,5,C0005,2024_L313,2024,620.0,756.1288986324802
DINOv3 ViT-S/16,dinov3_vits16,Image Trajectory ExtraTrees,5,C0005,2024_L321,2024,723.58,756.1288986324802
DINOv3 ViT-S/16,dinov3_vits16,Image Trajectory ExtraTrees,5,C0005,2024_L322,2024,685.44,756.1288986324802
DINOv3 ViT-S/16,dinov3_vits16,Image Trajectory ExtraTrees,5,C0005,2024_L323,2024,644.0,756.1288986324802
DINOv3 ViT-S/16,dinov3_vits16,Full CMGT,5,C0005,2024_L214,2024,881.25,547.6802527739075
DINOv3 ViT-S/16,dinov3_vits16,Full CMGT,5,C0005,2024_L215,2024,740.0,582.4225298427033
DINOv3 ViT-S/16,dinov3_vits16,Full CMGT,5,C0005,2024_L216,2024,916.65,522.9462618913283
DINOv3 ViT-S/16,dinov3_vits16,Full CMGT,5,C0005,2024_L224,2024,524.3,613.3180504974745
DINOv3 ViT-S/16,dinov3_vits16,Full CMGT,5,C0005,2024_L225,2024,561.0,528.4903607646727
DINOv3 ViT-S/16,dinov3_vits16,Full CMGT,5,C0005,2024_L226,2024,687.125,563.9628673235138
DINOv3 ViT-S/16,dinov3_vits16,Full CMGT,5,C0005,2024_L311,2024,805.0,476.029809135228
DINOv3 ViT-S/16,dinov3_vits16,Full CMGT,5,C0005,2024_L312,2024,750.0,574.5231223229202
DINOv3 ViT-S/16,dinov3_vits16,Full CMGT,5,C0005,2024_L313,2024,620.0,657.109357293434
DINOv3 ViT-S/16,dinov3_vits16,Full CMGT,5,C0005,2024_L321,2024,723.58,562.4003440370832
DINOv3 ViT-S/16,dinov3_vits16,Full CMGT,5,C0005,2024_L322,2024,685.44,523.6004832742451
DINOv3 ViT-S/16,dinov3_vits16,Full CMGT,5,C0005,2024_L323,2024,644.0,573.0338397353845
DINOv3 ViT-S/16,dinov3_vits16,Static Image ExtraTrees,6,C0006,2024_L511,2024,150.0,776.4266411111148
DINOv3 ViT-S/16,dinov3_vits16,Static Image ExtraTrees,6,C0006,2024_L512,2024,575.0,776.4266411111148
DINOv3 ViT-S/16,dinov3_vits16,Static Image ExtraTrees,6,C0006,2024_L513,2024,646.25,776.4266411111148
DINOv3 ViT-S/16,dinov3_vits16,Static Image ExtraTrees,6,C0006,2024_L521,2024,143.1,776.4266411111148
DINOv3 ViT-S/16,dinov3_vits16,Static Image ExtraTrees,6,C0006,2024_L522,2024,731.43,776.4266411111148
DINOv3 ViT-S/16,dinov3_vits16,Static Image ExtraTrees,6,C0006,2024_L523,2024,692.16,776.4266411111148
DINOv3 ViT-S/16,dinov3_vits16,Static Image ExtraTrees,6,C0006,2024_L611,2024,0.0,776.4266411111148
DINOv3 ViT-S/16,dinov3_vits16,Static Image ExtraTrees,6,C0006,2024_L612,2024,0.0,776.4266411111148
DINOv3 ViT-S/16,dinov3_vits16,Static Image ExtraTrees,6,C0006,2024_L613,2024,325.35,776.4266411111148
DINOv3 ViT-S/16,dinov3_vits16,Static Image ExtraTrees,6,C0006,2024_L621,2024,0.0,776.4266411111148
DINOv3 ViT-S/16,dinov3_vits16,Static Image ExtraTrees,6,C0006,2024_L622,2024,267.75,776.4266411111148
DINOv3 ViT-S/16,dinov3_vits16,Static Image ExtraTrees,6,C0006,2024_L623,2024,482.16,776.4266411111148
DINOv3 ViT-S/16,dinov3_vits16,Image Trajectory ExtraTrees,6,C0006,2024_L511,2024,150.0,840.895151153848
DINOv3 ViT-S/16,dinov3_vits16,Image Trajectory ExtraTrees,6,C0006,2024_L512,2024,575.0,840.895151153848
DINOv3 ViT-S/16,dinov3_vits16,Image Trajectory ExtraTrees,6,C0006,2024_L513,2024,646.25,840.895151153848
DINOv3 ViT-S/16,dinov3_vits16,Image Trajectory ExtraTrees,6,C0006,2024_L521,2024,143.1,840.895151153848
DINOv3 ViT-S/16,dinov3_vits16,Image Trajectory ExtraTrees,6,C0006,2024_L522,2024,731.43,840.895151153848
DINOv3 ViT-S/16,dinov3_vits16,Image Trajectory ExtraTrees,6,C0006,2024_L523,2024,692.16,840.895151153848
DINOv3 ViT-S/16,dinov3_vits16,Image Trajectory ExtraTrees,6,C0006,2024_L611,2024,0.0,840.895151153848
DINOv3 ViT-S/16,dinov3_vits16,Image Trajectory ExtraTrees,6,C0006,2024_L612,2024,0.0,840.895151153848
DINOv3 ViT-S/16,dinov3_vits16,Image Trajectory ExtraTrees,6,C0006,2024_L613,2024,325.35,840.895151153848
DINOv3 ViT-S/16,dinov3_vits16,Image Trajectory ExtraTrees,6,C0006,2024_L621,2024,0.0,840.895151153848
DINOv3 ViT-S/16,dinov3_vits16,Image Trajectory ExtraTrees,6,C0006,2024_L622,2024,267.75,840.895151153848
DINOv3 ViT-S/16,dinov3_vits16,Image Trajectory ExtraTrees,6,C0006,2024_L623,2024,482.16,840.895151153848
DINOv3 ViT-S/16,dinov3_vits16,Full CMGT,6,C0006,2024_L511,2024,150.0,766.6553713865685
DINOv3 ViT-S/16,dinov3_vits16,Full CMGT,6,C0006,2024_L512,2024,575.0,541.0395511244909
DINOv3 ViT-S/16,dinov3_vits16,Full CMGT,6,C0006,2024_L513,2024,646.25,573.3882738337306
DINOv3 ViT-S/16,dinov3_vits16,Full CMGT,6,C0006,2024_L521,2024,143.1,633.1513443020708
DINOv3 ViT-S/16,dinov3_vits16,Full CMGT,6,C0006,2024_L522,2024,731.43,463.96957552138537
DINOv3 ViT-S/16,dinov3_vits16,Full CMGT,6,C0006,2024_L523,2024,692.16,595.9750130843873
DINOv3 ViT-S/16,dinov3_vits16,Full CMGT,6,C0006,2024_L611,2024,0.0,766.6553713865685
DINOv3 ViT-S/16,dinov3_vits16,Full CMGT,6,C0006,2024_L612,2024,0.0,766.6553713865685
DINOv3 ViT-S/16,dinov3_vits16,Full CMGT,6,C0006,2024_L613,2024,325.35,662.3733438624691
DINOv3 ViT-S/16,dinov3_vits16,Full CMGT,6,C0006,2024_L621,2024,0.0,548.9640151458234
DINOv3 ViT-S/16,dinov3_vits16,Full CMGT,6,C0006,2024_L622,2024,267.75,538.2269227417606
DINOv3 ViT-S/16,dinov3_vits16,Full CMGT,6,C0006,2024_L623,2024,482.16,550.578819064543
DINOv3 ViT-S/16,dinov3_vits16,Static Image ExtraTrees,7,C0007,2024_L514,2024,825.0,694.5010319444469
DINOv3 ViT-S/16,dinov3_vits16,Static Image ExtraTrees,7,C0007,2024_L515,2024,102.5,694.5010319444469
DINOv3 ViT-S/16,dinov3_vits16,Static Image ExtraTrees,7,C0007,2024_L516,2024,252.5,694.5010319444469
DINOv3 ViT-S/16,dinov3_vits16,Static Image ExtraTrees,7,C0007,2024_L524,2024,283.125,694.5010319444469
DINOv3 ViT-S/16,dinov3_vits16,Static Image ExtraTrees,7,C0007,2024_L525,2024,738.1,694.5010319444469
DINOv3 ViT-S/16,dinov3_vits16,Static Image ExtraTrees,7,C0007,2024_L526,2024,778.8,694.5010319444469
DINOv3 ViT-S/16,dinov3_vits16,Static Image ExtraTrees,7,C0007,2024_L614,2024,360.5,694.5010319444469
DINOv3 ViT-S/16,dinov3_vits16,Static Image ExtraTrees,7,C0007,2024_L615,2024,466.5,694.5010319444469
DINOv3 ViT-S/16,dinov3_vits16,Static Image ExtraTrees,7,C0007,2024_L616,2024,180.75,694.5010319444469
DINOv3 ViT-S/16,dinov3_vits16,Static Image ExtraTrees,7,C0007,2024_L624,2024,565.25,694.5010319444469
DINOv3 ViT-S/16,dinov3_vits16,Static Image ExtraTrees,7,C0007,2024_L625,2024,563.76,694.5010319444469
DINOv3 ViT-S/16,dinov3_vits16,Static Image ExtraTrees,7,C0007,2024_L626,2024,1144.48,694.5010319444469
DINOv3 ViT-S/16,dinov3_vits16,Image Trajectory ExtraTrees,7,C0007,2024_L514,2024,825.0,689.5253213888906
DINOv3 ViT-S/16,dinov3_vits16,Image Trajectory ExtraTrees,7,C0007,2024_L515,2024,102.5,689.5253213888906
DINOv3 ViT-S/16,dinov3_vits16,Image Trajectory ExtraTrees,7,C0007,2024_L516,2024,252.5,689.5253213888906
DINOv3 ViT-S/16,dinov3_vits16,Image Trajectory ExtraTrees,7,C0007,2024_L524,2024,283.125,689.5253213888906
DINOv3 ViT-S/16,dinov3_vits16,Image Trajectory ExtraTrees,7,C0007,2024_L525,2024,738.1,689.5253213888906
DINOv3 ViT-S/16,dinov3_vits16,Image Trajectory ExtraTrees,7,C0007,2024_L526,2024,778.8,689.5253213888906
DINOv3 ViT-S/16,dinov3_vits16,Image Trajectory ExtraTrees,7,C0007,2024_L614,2024,360.5,689.5253213888906
DINOv3 ViT-S/16,dinov3_vits16,Image Trajectory ExtraTrees,7,C0007,2024_L615,2024,466.5,689.5253213888906
DINOv3 ViT-S/16,dinov3_vits16,Image Trajectory ExtraTrees,7,C0007,2024_L616,2024,180.75,689.5253213888906
DINOv3 ViT-S/16,dinov3_vits16,Image Trajectory ExtraTrees,7,C0007,2024_L624,2024,565.25,689.5253213888906
DINOv3 ViT-S/16,dinov3_vits16,Image Trajectory ExtraTrees,7,C0007,2024_L625,2024,563.76,689.5253213888906
DINOv3 ViT-S/16,dinov3_vits16,Image Trajectory ExtraTrees,7,C0007,2024_L626,2024,1144.48,689.5253213888906
DINOv3 ViT-S/16,dinov3_vits16,Full CMGT,7,C0007,2024_L514,2024,825.0,557.7309544366364
DINOv3 ViT-S/16,dinov3_vits16,Full CMGT,7,C0007,2024_L515,2024,102.5,516.0119147466669
DINOv3 ViT-S/16,dinov3_vits16,Full CMGT,7,C0007,2024_L516,2024,252.5,655.0689851398785
DINOv3 ViT-S/16,dinov3_vits16,Full CMGT,7,C0007,2024_L524,2024,283.125,546.358707722547
DINOv3 ViT-S/16,dinov3_vits16,Full CMGT,7,C0007,2024_L525,2024,738.1,666.2139042944793
DINOv3 ViT-S/16,dinov3_vits16,Full CMGT,7,C0007,2024_L526,2024,778.8,574.7538604491665
DINOv3 ViT-S/16,dinov3_vits16,Full CMGT,7,C0007,2024_L614,2024,360.5,646.625291307582
DINOv3 ViT-S/16,dinov3_vits16,Full CMGT,7,C0007,2024_L615,2024,466.5,577.0855921488785
DINOv3 ViT-S/16,dinov3_vits16,Full CMGT,7,C0007,2024_L616,2024,180.75,648.2578216597755
DINOv3 ViT-S/16,dinov3_vits16,Full CMGT,7,C0007,2024_L624,2024,565.25,624.6588029630935
DINOv3 ViT-S/16,dinov3_vits16,Full CMGT,7,C0007,2024_L625,2024,563.76,709.2436383469512
DINOv3 ViT-S/16,dinov3_vits16,Full CMGT,7,C0007,2024_L626,2024,1144.48,508.8756058930622
DINOv3 ViT-S/16,dinov3_vits16,Static Image ExtraTrees,8,C0008,2024_R114,2024,819.65,816.7062377777814
DINOv3 ViT-S/16,dinov3_vits16,Static Image ExtraTrees,8,C0008,2024_R115,2024,648.75,816.7062377777814
DINOv3 ViT-S/16,dinov3_vits16,Static Image ExtraTrees,8,C0008,2024_R116,2024,553.35,816.7062377777814
DINOv3 ViT-S/16,dinov3_vits16,Static Image ExtraTrees,8,C0008,2024_R124,2024,523.6,816.7062377777814
DINOv3 ViT-S/16,dinov3_vits16,Static Image ExtraTrees,8,C0008,2024_R125,2024,784.08,816.7062377777814
DINOv3 ViT-S/16,dinov3_vits16,Static Image ExtraTrees,8,C0008,2024_R126,2024,653.1,816.7062377777814
DINOv3 ViT-S/16,dinov3_vits16,Static Image ExtraTrees,8,C0008,2024_R217,2024,847.9,816.7062377777814
DINOv3 ViT-S/16,dinov3_vits16,Static Image ExtraTrees,8,C0008,2024_R218,2024,390.85,816.7062377777814
DINOv3 ViT-S/16,dinov3_vits16,Static Image ExtraTrees,8,C0008,2024_R219,2024,125.4,816.7062377777814
DINOv3 ViT-S/16,dinov3_vits16,Static Image ExtraTrees,8,C0008,2024_R227,2024,618.45,816.7062377777814
DINOv3 ViT-S/16,dinov3_vits16,Static Image ExtraTrees,8,C0008,2024_R228,2024,462.77,816.7062377777814
DINOv3 ViT-S/16,dinov3_vits16,Static Image ExtraTrees,8,C0008,2024_R229,2024,476.055,816.7062377777814
DINOv3 ViT-S/16,dinov3_vits16,Image Trajectory ExtraTrees,8,C0008,2024_R114,2024,819.65,955.6300482875472
DINOv3 ViT-S/16,dinov3_vits16,Image Trajectory ExtraTrees,8,C0008,2024_R115,2024,648.75,955.6300482875472
DINOv3 ViT-S/16,dinov3_vits16,Image Trajectory ExtraTrees,8,C0008,2024_R116,2024,553.35,955.6300482875472
DINOv3 ViT-S/16,dinov3_vits16,Image Trajectory ExtraTrees,8,C0008,2024_R124,2024,523.6,955.6300482875472
DINOv3 ViT-S/16,dinov3_vits16,Image Trajectory ExtraTrees,8,C0008,2024_R125,2024,784.08,955.6300482875472
DINOv3 ViT-S/16,dinov3_vits16,Image Trajectory ExtraTrees,8,C0008,2024_R126,2024,653.1,955.6300482875472
DINOv3 ViT-S/16,dinov3_vits16,Image Trajectory ExtraTrees,8,C0008,2024_R217,2024,847.9,955.6300482875472
DINOv3 ViT-S/16,dinov3_vits16,Image Trajectory ExtraTrees,8,C0008,2024_R218,2024,390.85,955.6300482875472
DINOv3 ViT-S/16,dinov3_vits16,Image Trajectory ExtraTrees,8,C0008,2024_R219,2024,125.4,955.6300482875472
DINOv3 ViT-S/16,dinov3_vits16,Image Trajectory ExtraTrees,8,C0008,2024_R227,2024,618.45,955.6300482875472
DINOv3 ViT-S/16,dinov3_vits16,Image Trajectory ExtraTrees,8,C0008,2024_R228,2024,462.77,955.6300482875472
DINOv3 ViT-S/16,dinov3_vits16,Image Trajectory ExtraTrees,8,C0008,2024_R229,2024,476.055,955.6300482875472
DINOv3 ViT-S/16,dinov3_vits16,Full CMGT,8,C0008,2024_R114,2024,819.65,607.2787999144475
DINOv3 ViT-S/16,dinov3_vits16,Full CMGT,8,C0008,2024_R115,2024,648.75,681.1790590881682
DINOv3 ViT-S/16,dinov3_vits16,Full CMGT,8,C0008,2024_R116,2024,553.35,588.7358618246907
DINOv3 ViT-S/16,dinov3_vits16,Full CMGT,8,C0008,2024_R124,2024,523.6,607.4797657824168
DINOv3 ViT-S/16,dinov3_vits16,Full CMGT,8,C0008,2024_R125,2024,784.08,665.2945211883128
DINOv3 ViT-S/16,dinov3_vits16,Full CMGT,8,C0008,2024_R126,2024,653.1,547.4387582315499
DINOv3 ViT-S/16,dinov3_vits16,Full CMGT,8,C0008,2024_R217,2024,847.9,668.9369985423745
DINOv3 ViT-S/16,dinov3_vits16,Full CMGT,8,C0008,2024_R218,2024,390.85,681.8386442831113
DINOv3 ViT-S/16,dinov3_vits16,Full CMGT,8,C0008,2024_R219,2024,125.4,584.201539186462
DINOv3 ViT-S/16,dinov3_vits16,Full CMGT,8,C0008,2024_R227,2024,618.45,596.7589569872773
DINOv3 ViT-S/16,dinov3_vits16,Full CMGT,8,C0008,2024_R228,2024,462.77,627.0262529504323
DINOv3 ViT-S/16,dinov3_vits16,Full CMGT,8,C0008,2024_R229,2024,476.055,703.9998657809887
DINOv3 ViT-S/16,dinov3_vits16,Static Image ExtraTrees,9,C0009,2024_R2110,2024,491.25,683.4034500641046
DINOv3 ViT-S/16,dinov3_vits16,Static Image ExtraTrees,9,C0009,2024_R2111,2024,973.5,683.4034500641046
DINOv3 ViT-S/16,dinov3_vits16,Static Image ExtraTrees,9,C0009,2024_R2112,2024,765.0,683.4034500641046
DINOv3 ViT-S/16,dinov3_vits16,Static Image ExtraTrees,9,C0009,2024_R2210,2024,322.16,683.4034500641046
DINOv3 ViT-S/16,dinov3_vits16,Static Image ExtraTrees,9,C0009,2024_R2211,2024,620.36,683.4034500641046
DINOv3 ViT-S/16,dinov3_vits16,Static Image ExtraTrees,9,C0009,2024_R2212,2024,649.35,683.4034500641046
DINOv3 ViT-S/16,dinov3_vits16,Static Image ExtraTrees,9,C0009,2024_R314,2024,112.5,683.4034500641046
DINOv3 ViT-S/16,dinov3_vits16,Static Image ExtraTrees,9,C0009,2024_R315,2024,530.0,683.4034500641046
DINOv3 ViT-S/16,dinov3_vits16,Static Image ExtraTrees,9,C0009,2024_R316,2024,366.65,683.4034500641046
DINOv3 ViT-S/16,dinov3_vits16,Static Image ExtraTrees,9,C0009,2024_R324,2024,373.8,683.4034500641046
DINOv3 ViT-S/16,dinov3_vits16,Static Image ExtraTrees,9,C0009,2024_R325,2024,812.165,683.4034500641046
DINOv3 ViT-S/16,dinov3_vits16,Static Image ExtraTrees,9,C0009,2024_R326,2024,588.03,683.4034500641046
DINOv3 ViT-S/16,dinov3_vits16,Image Trajectory ExtraTrees,9,C0009,2024_R2110,2024,491.25,630.3682686111121
DINOv3 ViT-S/16,dinov3_vits16,Image Trajectory ExtraTrees,9,C0009,2024_R2111,2024,973.5,630.3682686111121
DINOv3 ViT-S/16,dinov3_vits16,Image Trajectory ExtraTrees,9,C0009,2024_R2112,2024,765.0,630.3682686111121
DINOv3 ViT-S/16,dinov3_vits16,Image Trajectory ExtraTrees,9,C0009,2024_R2210,2024,322.16,630.3682686111121
DINOv3 ViT-S/16,dinov3_vits16,Image Trajectory ExtraTrees,9,C0009,2024_R2211,2024,620.36,630.3682686111121
DINOv3 ViT-S/16,dinov3_vits16,Image Trajectory ExtraTrees,9,C0009,2024_R2212,2024,649.35,630.3682686111121
DINOv3 ViT-S/16,dinov3_vits16,Image Trajectory ExtraTrees,9,C0009,2024_R314,2024,112.5,630.3682686111121
DINOv3 ViT-S/16,dinov3_vits16,Image Trajectory ExtraTrees,9,C0009,2024_R315,2024,530.0,630.3682686111121
DINOv3 ViT-S/16,dinov3_vits16,Image Trajectory ExtraTrees,9,C0009,2024_R316,2024,366.65,630.3682686111121
DINOv3 ViT-S/16,dinov3_vits16,Image Trajectory ExtraTrees,9,C0009,2024_R324,2024,373.8,630.3682686111121
DINOv3 ViT-S/16,dinov3_vits16,Image Trajectory ExtraTrees,9,C0009,2024_R325,2024,812.165,630.3682686111121
DINOv3 ViT-S/16,dinov3_vits16,Image Trajectory ExtraTrees,9,C0009,2024_R326,2024,588.03,630.3682686111121
DINOv3 ViT-S/16,dinov3_vits16,Full CMGT,9,C0009,2024_R2110,2024,491.25,481.3079533289068
DINOv3 ViT-S/16,dinov3_vits16,Full CMGT,9,C0009,2024_R2111,2024,973.5,659.2085823564357
DINOv3 ViT-S/16,dinov3_vits16,Full CMGT,9,C0009,2024_R2112,2024,765.0,473.5475464552974
DINOv3 ViT-S/16,dinov3_vits16,Full CMGT,9,C0009,2024_R2210,2024,322.16,482.9012756904318
DINOv3 ViT-S/16,dinov3_vits16,Full CMGT,9,C0009,2024_R2211,2024,620.36,449.1711076357847
DINOv3 ViT-S/16,dinov3_vits16,Full CMGT,9,C0009,2024_R2212,2024,649.35,597.9683391597719
DINOv3 ViT-S/16,dinov3_vits16,Full CMGT,9,C0009,2024_R314,2024,112.5,495.24870742445364
DINOv3 ViT-S/16,dinov3_vits16,Full CMGT,9,C0009,2024_R315,2024,530.0,507.38582515509097
DINOv3 ViT-S/16,dinov3_vits16,Full CMGT,9,C0009,2024_R316,2024,366.65,651.6011621486934
DINOv3 ViT-S/16,dinov3_vits16,Full CMGT,9,C0009,2024_R324,2024,373.8,563.3812132514896
DINOv3 ViT-S/16,dinov3_vits16,Full CMGT,9,C0009,2024_R325,2024,812.165,472.60552612024014
DINOv3 ViT-S/16,dinov3_vits16,Full CMGT,9,C0009,2024_R326,2024,588.03,612.3555144284269
DINOv3 ViT-S/16,dinov3_vits16,Static Image ExtraTrees,10,C0010,2024_R517,2024,892.5,686.1142841666683
DINOv3 ViT-S/16,dinov3_vits16,Static Image ExtraTrees,10,C0010,2024_R518,2024,393.75,686.1142841666683
DINOv3 ViT-S/16,dinov3_vits16,Static Image ExtraTrees,10,C0010,2024_R519,2024,565.0,686.1142841666683
DINOv3 ViT-S/16,dinov3_vits16,Static Image ExtraTrees,10,C0010,2024_R527,2024,487.49,686.1142841666683
DINOv3 ViT-S/16,dinov3_vits16,Static Image ExtraTrees,10,C0010,2024_R528,2024,926.52,686.1142841666683
DINOv3 ViT-S/16,dinov3_vits16,Static Image ExtraTrees,10,C0010,2024_R529,2024,630.41,686.1142841666683
DINOv3 ViT-S/16,dinov3_vits16,Static Image ExtraTrees,10,C0010,2024_R617,2024,1021.25,686.1142841666683
DINOv3 ViT-S/16,dinov3_vits16,Static Image ExtraTrees,10,C0010,2024_R618,2024,1031.25,686.1142841666683
DINOv3 ViT-S/16,dinov3_vits16,Static Image ExtraTrees,10,C0010,2024_R619,2024,75.0,686.1142841666683
DINOv3 ViT-S/16,dinov3_vits16,Static Image ExtraTrees,10,C0010,2024_R627,2024,613.97,686.1142841666683
DINOv3 ViT-S/16,dinov3_vits16,Static Image ExtraTrees,10,C0010,2024_R628,2024,469.8,686.1142841666683
DINOv3 ViT-S/16,dinov3_vits16,Static Image ExtraTrees,10,C0010,2024_R629,2024,710.08,686.1142841666683
DINOv3 ViT-S/16,dinov3_vits16,Image Trajectory ExtraTrees,10,C0010,2024_R517,2024,892.5,674.3668052777796
DINOv3 ViT-S/16,dinov3_vits16,Image Trajectory ExtraTrees,10,C0010,2024_R518,2024,393.75,674.3668052777796
DINOv3 ViT-S/16,dinov3_vits16,Image Trajectory ExtraTrees,10,C0010,2024_R519,2024,565.0,674.3668052777796
DINOv3 ViT-S/16,dinov3_vits16,Image Trajectory ExtraTrees,10,C0010,2024_R527,2024,487.49,674.3668052777796
DINOv3 ViT-S/16,dinov3_vits16,Image Trajectory ExtraTrees,10,C0010,2024_R528,2024,926.52,674.3668052777796
DINOv3 ViT-S/16,dinov3_vits16,Image Trajectory ExtraTrees,10,C0010,2024_R529,2024,630.41,674.3668052777796
DINOv3 ViT-S/16,dinov3_vits16,Image Trajectory ExtraTrees,10,C0010,2024_R617,2024,1021.25,674.3668052777796
DINOv3 ViT-S/16,dinov3_vits16,Image Trajectory ExtraTrees,10,C0010,2024_R618,2024,1031.25,674.3668052777796
DINOv3 ViT-S/16,dinov3_vits16,Image Trajectory ExtraTrees,10,C0010,2024_R619,2024,75.0,674.3668052777796
DINOv3 ViT-S/16,dinov3_vits16,Image Trajectory ExtraTrees,10,C0010,2024_R627,2024,613.97,674.3668052777796
DINOv3 ViT-S/16,dinov3_vits16,Image Trajectory ExtraTrees,10,C0010,2024_R628,2024,469.8,674.3668052777796
DINOv3 ViT-S/16,dinov3_vits16,Image Trajectory ExtraTrees,10,C0010,2024_R629,2024,710.08,674.3668052777796
DINOv3 ViT-S/16,dinov3_vits16,Full CMGT,10,C0010,2024_R517,2024,892.5,538.3353872762603
DINOv3 ViT-S/16,dinov3_vits16,Full CMGT,10,C0010,2024_R518,2024,393.75,500.2674280608225
DINOv3 ViT-S/16,dinov3_vits16,Full CMGT,10,C0010,2024_R519,2024,565.0,492.35644993041666
DINOv3 ViT-S/16,dinov3_vits16,Full CMGT,10,C0010,2024_R527,2024,487.49,575.7352546202021
DINOv3 ViT-S/16,dinov3_vits16,Full CMGT,10,C0010,2024_R528,2024,926.52,611.7341744055973
DINOv3 ViT-S/16,dinov3_vits16,Full CMGT,10,C0010,2024_R529,2024,630.41,597.2922147458032
DINOv3 ViT-S/16,dinov3_vits16,Full CMGT,10,C0010,2024_R617,2024,1021.25,584.7533688617689
DINOv3 ViT-S/16,dinov3_vits16,Full CMGT,10,C0010,2024_R618,2024,1031.25,551.4102397825284
DINOv3 ViT-S/16,dinov3_vits16,Full CMGT,10,C0010,2024_R619,2024,75.0,573.4423751990503
DINOv3 ViT-S/16,dinov3_vits16,Full CMGT,10,C0010,2024_R627,2024,613.97,626.2954381451959
DINOv3 ViT-S/16,dinov3_vits16,Full CMGT,10,C0010,2024_R628,2024,469.8,672.5081033760498
DINOv3 ViT-S/16,dinov3_vits16,Full CMGT,10,C0010,2024_R629,2024,710.08,630.5487968014381
DINOv3 ViT-S/16,dinov3_vits16,Static Image ExtraTrees,11,C0011,2025_CK11,2025,420.0,898.2453945482274
DINOv3 ViT-S/16,dinov3_vits16,Static Image ExtraTrees,11,C0011,2025_CK12,2025,333.3,898.2453945482274
DINOv3 ViT-S/16,dinov3_vits16,Static Image ExtraTrees,11,C0011,2025_CK13,2025,350.0,898.2453945482274
DINOv3 ViT-S/16,dinov3_vits16,Static Image ExtraTrees,11,C0011,2025_CK21,2025,1412.4,898.2453945482274
DINOv3 ViT-S/16,dinov3_vits16,Static Image ExtraTrees,11,C0011,2025_CK22,2025,1438.2,898.2453945482274
DINOv3 ViT-S/16,dinov3_vits16,Static Image ExtraTrees,11,C0011,2025_CK23,2025,1649.1,898.2453945482274
DINOv3 ViT-S/16,dinov3_vits16,Static Image ExtraTrees,11,C0011,2025_L411,2025,1621.8,898.2453945482274
DINOv3 ViT-S/16,dinov3_vits16,Static Image ExtraTrees,11,C0011,2025_L412,2025,15.0,898.2453945482274
DINOv3 ViT-S/16,dinov3_vits16,Static Image ExtraTrees,11,C0011,2025_L413,2025,2125.0,898.2453945482274
DINOv3 ViT-S/16,dinov3_vits16,Static Image ExtraTrees,11,C0011,2025_L421,2025,1841.28,898.2453945482274
DINOv3 ViT-S/16,dinov3_vits16,Static Image ExtraTrees,11,C0011,2025_L422,2025,1594.54,898.2453945482274
DINOv3 ViT-S/16,dinov3_vits16,Static Image ExtraTrees,11,C0011,2025_L423,2025,1519.38,898.2453945482274
DINOv3 ViT-S/16,dinov3_vits16,Image Trajectory ExtraTrees,11,C0011,2025_CK11,2025,420.0,890.7163546367505
DINOv3 ViT-S/16,dinov3_vits16,Image Trajectory ExtraTrees,11,C0011,2025_CK12,2025,333.3,890.7163546367505
DINOv3 ViT-S/16,dinov3_vits16,Image Trajectory ExtraTrees,11,C0011,2025_CK13,2025,350.0,890.7163546367505
DINOv3 ViT-S/16,dinov3_vits16,Image Trajectory ExtraTrees,11,C0011,2025_CK21,2025,1412.4,890.7163546367505
DINOv3 ViT-S/16,dinov3_vits16,Image Trajectory ExtraTrees,11,C0011,2025_CK22,2025,1438.2,890.7163546367505
DINOv3 ViT-S/16,dinov3_vits16,Image Trajectory ExtraTrees,11,C0011,2025_CK23,2025,1649.1,890.7163546367505
DINOv3 ViT-S/16,dinov3_vits16,Image Trajectory ExtraTrees,11,C0011,2025_L411,2025,1621.8,890.7163546367505
DINOv3 ViT-S/16,dinov3_vits16,Image Trajectory ExtraTrees,11,C0011,2025_L412,2025,15.0,890.7163546367505
DINOv3 ViT-S/16,dinov3_vits16,Image Trajectory ExtraTrees,11,C0011,2025_L413,2025,2125.0,890.7163546367505
DINOv3 ViT-S/16,dinov3_vits16,Image Trajectory ExtraTrees,11,C0011,2025_L421,2025,1841.28,890.7163546367505
DINOv3 ViT-S/16,dinov3_vits16,Image Trajectory ExtraTrees,11,C0011,2025_L422,2025,1594.54,890.7163546367505
DINOv3 ViT-S/16,dinov3_vits16,Image Trajectory ExtraTrees,11,C0011,2025_L423,2025,1519.38,890.7163546367505
DINOv3 ViT-S/16,dinov3_vits16,Full CMGT,11,C0011,2025_CK11,2025,420.0,838.4083494724579
DINOv3 ViT-S/16,dinov3_vits16,Full CMGT,11,C0011,2025_CK12,2025,333.3,983.112502233895
DINOv3 ViT-S/16,dinov3_vits16,Full CMGT,11,C0011,2025_CK13,2025,350.0,1274.2343080448477
DINOv3 ViT-S/16,dinov3_vits16,Full CMGT,11,C0011,2025_CK21,2025,1412.4,1176.697255133567
DINOv3 ViT-S/16,dinov3_vits16,Full CMGT,11,C0011,2025_CK22,2025,1438.2,1200.5302573784857
DINOv3 ViT-S/16,dinov3_vits16,Full CMGT,11,C0011,2025_CK23,2025,1649.1,1267.0170949820863
DINOv3 ViT-S/16,dinov3_vits16,Full CMGT,11,C0011,2025_L411,2025,1621.8,978.7629016737587
DINOv3 ViT-S/16,dinov3_vits16,Full CMGT,11,C0011,2025_L412,2025,15.0,703.2591578328211
DINOv3 ViT-S/16,dinov3_vits16,Full CMGT,11,C0011,2025_L413,2025,2125.0,1103.508038414076
DINOv3 ViT-S/16,dinov3_vits16,Full CMGT,11,C0011,2025_L421,2025,1841.28,839.785029504991
DINOv3 ViT-S/16,dinov3_vits16,Full CMGT,11,C0011,2025_L422,2025,1594.54,845.0259773654705
DINOv3 ViT-S/16,dinov3_vits16,Full CMGT,11,C0011,2025_L423,2025,1519.38,1149.8791755427578
DINOv3 ViT-S/16,dinov3_vits16,Static Image ExtraTrees,12,C0012,2025_CK24,2025,1226.05,1510.8000000000086
DINOv3 ViT-S/16,dinov3_vits16,Image Trajectory ExtraTrees,12,C0012,2025_CK24,2025,1226.05,1510.6328000000087
DINOv3 ViT-S/16,dinov3_vits16,Full CMGT,12,C0012,2025_CK24,2025,1226.05,1411.9443965958756
DINOv3 ViT-S/16,dinov3_vits16,Static Image ExtraTrees,13,C0013,2025_CK25,2025,1358.76,1444.3220366666571
DINOv3 ViT-S/16,dinov3_vits16,Image Trajectory ExtraTrees,13,C0013,2025_CK25,2025,1358.76,1444.3220366666571
DINOv3 ViT-S/16,dinov3_vits16,Full CMGT,13,C0013,2025_CK25,2025,1358.76,1292.6719524332275
DINOv3 ViT-S/16,dinov3_vits16,Static Image ExtraTrees,14,C0014,2025_CK26,2025,1662.84,1292.4050000000161
DINOv3 ViT-S/16,dinov3_vits16,Image Trajectory ExtraTrees,14,C0014,2025_CK26,2025,1662.84,1292.3185866666827
DINOv3 ViT-S/16,dinov3_vits16,Full CMGT,14,C0014,2025_CK26,2025,1662.84,1299.7545717809758
DINOv3 ViT-S/16,dinov3_vits16,Static Image ExtraTrees,15,C0015,2025_L111,2025,1081.7,859.0310402777778
DINOv3 ViT-S/16,dinov3_vits16,Static Image ExtraTrees,15,C0015,2025_L112,2025,160.0,859.0310402777778
DINOv3 ViT-S/16,dinov3_vits16,Static Image ExtraTrees,15,C0015,2025_L113,2025,0.0,859.0310402777778
DINOv3 ViT-S/16,dinov3_vits16,Static Image ExtraTrees,15,C0015,2025_L121,2025,1367.3,859.0310402777778
DINOv3 ViT-S/16,dinov3_vits16,Static Image ExtraTrees,15,C0015,2025_L122,2025,1323.0,859.0310402777778
DINOv3 ViT-S/16,dinov3_vits16,Static Image ExtraTrees,15,C0015,2025_L123,2025,1340.64,859.0310402777778
DINOv3 ViT-S/16,dinov3_vits16,Static Image ExtraTrees,15,C0015,2025_L211,2025,758.6,859.0310402777778
DINOv3 ViT-S/16,dinov3_vits16,Static Image ExtraTrees,15,C0015,2025_L212,2025,458.3,859.0310402777778
DINOv3 ViT-S/16,dinov3_vits16,Static Image ExtraTrees,15,C0015,2025_L213,2025,110.0,859.0310402777778
DINOv3 ViT-S/16,dinov3_vits16,Static Image ExtraTrees,15,C0015,2025_L221,2025,1403.36,859.0310402777778
DINOv3 ViT-S/16,dinov3_vits16,Static Image ExtraTrees,15,C0015,2025_L222,2025,1425.6,859.0310402777778
DINOv3 ViT-S/16,dinov3_vits16,Static Image ExtraTrees,15,C0015,2025_L223,2025,1546.96,859.0310402777778
DINOv3 ViT-S/16,dinov3_vits16,Image Trajectory ExtraTrees,15,C0015,2025_L111,2025,1081.7,920.8990208943837
DINOv3 ViT-S/16,dinov3_vits16,Image Trajectory ExtraTrees,15,C0015,2025_L112,2025,160.0,920.8990208943837
DINOv3 ViT-S/16,dinov3_vits16,Image Trajectory ExtraTrees,15,C0015,2025_L113,2025,0.0,920.8990208943837
DINOv3 ViT-S/16,dinov3_vits16,Image Trajectory ExtraTrees,15,C0015,2025_L121,2025,1367.3,920.8990208943837
DINOv3 ViT-S/16,dinov3_vits16,Image Trajectory ExtraTrees,15,C0015,2025_L122,2025,1323.0,920.8990208943837
DINOv3 ViT-S/16,dinov3_vits16,Image Trajectory ExtraTrees,15,C0015,2025_L123,2025,1340.64,920.8990208943837
DINOv3 ViT-S/16,dinov3_vits16,Image Trajectory ExtraTrees,15,C0015,2025_L211,2025,758.6,920.8990208943837
DINOv3 ViT-S/16,dinov3_vits16,Image Trajectory ExtraTrees,15,C0015,2025_L212,2025,458.3,920.8990208943837
DINOv3 ViT-S/16,dinov3_vits16,Image Trajectory ExtraTrees,15,C0015,2025_L213,2025,110.0,920.8990208943837
DINOv3 ViT-S/16,dinov3_vits16,Image Trajectory ExtraTrees,15,C0015,2025_L221,2025,1403.36,920.8990208943837
DINOv3 ViT-S/16,dinov3_vits16,Image Trajectory ExtraTrees,15,C0015,2025_L222,2025,1425.6,920.8990208943837
DINOv3 ViT-S/16,dinov3_vits16,Image Trajectory ExtraTrees,15,C0015,2025_L223,2025,1546.96,920.8990208943837
DINOv3 ViT-S/16,dinov3_vits16,Full CMGT,15,C0015,2025_L111,2025,1081.7,652.4624509423595
DINOv3 ViT-S/16,dinov3_vits16,Full CMGT,15,C0015,2025_L112,2025,160.0,600.0856592377029
DINOv3 ViT-S/16,dinov3_vits16,Full CMGT,15,C0015,2025_L113,2025,0.0,926.594481270376
DINOv3 ViT-S/16,dinov3_vits16,Full CMGT,15,C0015,2025_L121,2025,1367.3,1066.455887957789
DINOv3 ViT-S/16,dinov3_vits16,Full CMGT,15,C0015,2025_L122,2025,1323.0,1419.4074411522902
DINOv3 ViT-S/16,dinov3_vits16,Full CMGT,15,C0015,2025_L123,2025,1340.64,1314.0597401556981
DINOv3 ViT-S/16,dinov3_vits16,Full CMGT,15,C0015,2025_L211,2025,758.6,772.7465260377178
DINOv3 ViT-S/16,dinov3_vits16,Full CMGT,15,C0015,2025_L212,2025,458.3,712.565691565306
DINOv3 ViT-S/16,dinov3_vits16,Full CMGT,15,C0015,2025_L213,2025,110.0,1397.4225380629732
DINOv3 ViT-S/16,dinov3_vits16,Full CMGT,15,C0015,2025_L221,2025,1403.36,1029.6755589152613
DINOv3 ViT-S/16,dinov3_vits16,Full CMGT,15,C0015,2025_L222,2025,1425.6,1242.6211670175298
DINOv3 ViT-S/16,dinov3_vits16,Full CMGT,15,C0015,2025_L223,2025,1546.96,1230.7913730651371
DINOv3 ViT-S/16,dinov3_vits16,Static Image ExtraTrees,16,C0016,2025_L214,2025,562.5,981.6351005586064
DINOv3 ViT-S/16,dinov3_vits16,Static Image ExtraTrees,16,C0016,2025_L215,2025,899.999999999999,981.6351005586064
DINOv3 ViT-S/16,dinov3_vits16,Static Image ExtraTrees,16,C0016,2025_L216,2025,633.3,981.6351005586064
DINOv3 ViT-S/16,dinov3_vits16,Static Image ExtraTrees,16,C0016,2025_L224,2025,1048.6,981.6351005586064
DINOv3 ViT-S/16,dinov3_vits16,Static Image ExtraTrees,16,C0016,2025_L225,2025,1122.0,981.6351005586064
DINOv3 ViT-S/16,dinov3_vits16,Static Image ExtraTrees,16,C0016,2025_L226,2025,1374.25,981.6351005586064
DINOv3 ViT-S/16,dinov3_vits16,Static Image ExtraTrees,16,C0016,2025_L311,2025,410.0,981.6351005586064
DINOv3 ViT-S/16,dinov3_vits16,Static Image ExtraTrees,16,C0016,2025_L312,2025,100.0,981.6351005586064
DINOv3 ViT-S/16,dinov3_vits16,Static Image ExtraTrees,16,C0016,2025_L313,2025,840.0,981.6351005586064
DINOv3 ViT-S/16,dinov3_vits16,Static Image ExtraTrees,16,C0016,2025_L321,2025,1447.16,981.6351005586064
DINOv3 ViT-S/16,dinov3_vits16,Static Image ExtraTrees,16,C0016,2025_L322,2025,1370.88,981.6351005586064
DINOv3 ViT-S/16,dinov3_vits16,Static Image ExtraTrees,16,C0016,2025_L323,2025,1288.0,981.6351005586064
DINOv3 ViT-S/16,dinov3_vits16,Image Trajectory ExtraTrees,16,C0016,2025_L214,2025,562.5,856.9246024999992
DINOv3 ViT-S/16,dinov3_vits16,Image Trajectory ExtraTrees,16,C0016,2025_L215,2025,899.999999999999,856.9246024999992
DINOv3 ViT-S/16,dinov3_vits16,Image Trajectory ExtraTrees,16,C0016,2025_L216,2025,633.3,856.9246024999992
DINOv3 ViT-S/16,dinov3_vits16,Image Trajectory ExtraTrees,16,C0016,2025_L224,2025,1048.6,856.9246024999992
DINOv3 ViT-S/16,dinov3_vits16,Image Trajectory ExtraTrees,16,C0016,2025_L225,2025,1122.0,856.9246024999992
DINOv3 ViT-S/16,dinov3_vits16,Image Trajectory ExtraTrees,16,C0016,2025_L226,2025,1374.25,856.9246024999992
DINOv3 ViT-S/16,dinov3_vits16,Image Trajectory ExtraTrees,16,C0016,2025_L311,2025,410.0,856.9246024999992
DINOv3 ViT-S/16,dinov3_vits16,Image Trajectory ExtraTrees,16,C0016,2025_L312,2025,100.0,856.9246024999992
DINOv3 ViT-S/16,dinov3_vits16,Image Trajectory ExtraTrees,16,C0016,2025_L313,2025,840.0,856.9246024999992
DINOv3 ViT-S/16,dinov3_vits16,Image Trajectory ExtraTrees,16,C0016,2025_L321,2025,1447.16,856.9246024999992
DINOv3 ViT-S/16,dinov3_vits16,Image Trajectory ExtraTrees,16,C0016,2025_L322,2025,1370.88,856.9246024999992
DINOv3 ViT-S/16,dinov3_vits16,Image Trajectory ExtraTrees,16,C0016,2025_L323,2025,1288.0,856.9246024999992
DINOv3 ViT-S/16,dinov3_vits16,Full CMGT,16,C0016,2025_L214,2025,562.5,760.2158436336877
DINOv3 ViT-S/16,dinov3_vits16,Full CMGT,16,C0016,2025_L215,2025,899.999999999999,966.9788581605364
DINOv3 ViT-S/16,dinov3_vits16,Full CMGT,16,C0016,2025_L216,2025,633.3,884.2939248825701
DINOv3 ViT-S/16,dinov3_vits16,Full CMGT,16,C0016,2025_L224,2025,1048.6,578.4406659495343
DINOv3 ViT-S/16,dinov3_vits16,Full CMGT,16,C0016,2025_L225,2025,1122.0,705.7892375085868
DINOv3 ViT-S/16,dinov3_vits16,Full CMGT,16,C0016,2025_L226,2025,1374.25,1228.3093317551188
DINOv3 ViT-S/16,dinov3_vits16,Full CMGT,16,C0016,2025_L311,2025,410.0,1188.9192632249014
DINOv3 ViT-S/16,dinov3_vits16,Full CMGT,16,C0016,2025_L312,2025,100.0,647.1842456899833
DINOv3 ViT-S/16,dinov3_vits16,Full CMGT,16,C0016,2025_L313,2025,840.0,984.7912487242444
DINOv3 ViT-S/16,dinov3_vits16,Full CMGT,16,C0016,2025_L321,2025,1447.16,1335.512187052661
DINOv3 ViT-S/16,dinov3_vits16,Full CMGT,16,C0016,2025_L322,2025,1370.88,1096.9619027944282
DINOv3 ViT-S/16,dinov3_vits16,Full CMGT,16,C0016,2025_L323,2025,1288.0,963.0726348294157
DINOv3 ViT-S/16,dinov3_vits16,Static Image ExtraTrees,17,C0017,2025_L511,2025,300.0,940.837152838828
DINOv3 ViT-S/16,dinov3_vits16,Static Image ExtraTrees,17,C0017,2025_L512,2025,1150.0,940.837152838828
DINOv3 ViT-S/16,dinov3_vits16,Static Image ExtraTrees,17,C0017,2025_L513,2025,1292.5,940.837152838828
DINOv3 ViT-S/16,dinov3_vits16,Static Image ExtraTrees,17,C0017,2025_L521,2025,1286.2,940.837152838828
DINOv3 ViT-S/16,dinov3_vits16,Static Image ExtraTrees,17,C0017,2025_L522,2025,1462.86,940.837152838828
DINOv3 ViT-S/16,dinov3_vits16,Static Image ExtraTrees,17,C0017,2025_L523,2025,1384.32,940.837152838828
DINOv3 ViT-S/16,dinov3_vits16,Static Image ExtraTrees,17,C0017,2025_L611,2025,800.0,940.837152838828
DINOv3 ViT-S/16,dinov3_vits16,Static Image ExtraTrees,17,C0017,2025_L612,2025,666.6,940.837152838828
DINOv3 ViT-S/16,dinov3_vits16,Static Image ExtraTrees,17,C0017,2025_L613,2025,650.7,940.837152838828
DINOv3 ViT-S/16,dinov3_vits16,Static Image ExtraTrees,17,C0017,2025_L621,2025,1220.4,940.837152838828
DINOv3 ViT-S/16,dinov3_vits16,Static Image ExtraTrees,17,C0017,2025_L622,2025,535.5,940.837152838828
DINOv3 ViT-S/16,dinov3_vits16,Static Image ExtraTrees,17,C0017,2025_L623,2025,964.32,940.837152838828
DINOv3 ViT-S/16,dinov3_vits16,Image Trajectory ExtraTrees,17,C0017,2025_L511,2025,300.0,977.9119434188021
DINOv3 ViT-S/16,dinov3_vits16,Image Trajectory ExtraTrees,17,C0017,2025_L512,2025,1150.0,977.9119434188021
DINOv3 ViT-S/16,dinov3_vits16,Image Trajectory ExtraTrees,17,C0017,2025_L513,2025,1292.5,977.9119434188021
DINOv3 ViT-S/16,dinov3_vits16,Image Trajectory ExtraTrees,17,C0017,2025_L521,2025,1286.2,977.9119434188021
DINOv3 ViT-S/16,dinov3_vits16,Image Trajectory ExtraTrees,17,C0017,2025_L522,2025,1462.86,977.9119434188021
DINOv3 ViT-S/16,dinov3_vits16,Image Trajectory ExtraTrees,17,C0017,2025_L523,2025,1384.32,977.9119434188021
DINOv3 ViT-S/16,dinov3_vits16,Image Trajectory ExtraTrees,17,C0017,2025_L611,2025,800.0,977.9119434188021
DINOv3 ViT-S/16,dinov3_vits16,Image Trajectory ExtraTrees,17,C0017,2025_L612,2025,666.6,977.9119434188021
DINOv3 ViT-S/16,dinov3_vits16,Image Trajectory ExtraTrees,17,C0017,2025_L613,2025,650.7,977.9119434188021
DINOv3 ViT-S/16,dinov3_vits16,Image Trajectory ExtraTrees,17,C0017,2025_L621,2025,1220.4,977.9119434188021
DINOv3 ViT-S/16,dinov3_vits16,Image Trajectory ExtraTrees,17,C0017,2025_L622,2025,535.5,977.9119434188021
DINOv3 ViT-S/16,dinov3_vits16,Image Trajectory ExtraTrees,17,C0017,2025_L623,2025,964.32,977.9119434188021
DINOv3 ViT-S/16,dinov3_vits16,Full CMGT,17,C0017,2025_L511,2025,300.0,425.58701216676474
DINOv3 ViT-S/16,dinov3_vits16,Full CMGT,17,C0017,2025_L512,2025,1150.0,1292.905580945866
DINOv3 ViT-S/16,dinov3_vits16,Full CMGT,17,C0017,2025_L513,2025,1292.5,529.0908718981209
DINOv3 ViT-S/16,dinov3_vits16,Full CMGT,17,C0017,2025_L521,2025,1286.2,569.3448483378769
DINOv3 ViT-S/16,dinov3_vits16,Full CMGT,17,C0017,2025_L522,2025,1462.86,963.3083333094567
DINOv3 ViT-S/16,dinov3_vits16,Full CMGT,17,C0017,2025_L523,2025,1384.32,668.5322794222847
DINOv3 ViT-S/16,dinov3_vits16,Full CMGT,17,C0017,2025_L611,2025,800.0,585.4036154185233
DINOv3 ViT-S/16,dinov3_vits16,Full CMGT,17,C0017,2025_L612,2025,666.6,656.524515583775
DINOv3 ViT-S/16,dinov3_vits16,Full CMGT,17,C0017,2025_L613,2025,650.7,573.0754187816406
DINOv3 ViT-S/16,dinov3_vits16,Full CMGT,17,C0017,2025_L621,2025,1220.4,1339.0609551593104
DINOv3 ViT-S/16,dinov3_vits16,Full CMGT,17,C0017,2025_L622,2025,535.5,514.3787985672291
DINOv3 ViT-S/16,dinov3_vits16,Full CMGT,17,C0017,2025_L623,2025,964.32,663.4926288915761
DINOv3 ViT-S/16,dinov3_vits16,Static Image ExtraTrees,18,C0018,2025_L514,2025,1650.0,1083.5946058333343
DINOv3 ViT-S/16,dinov3_vits16,Static Image ExtraTrees,18,C0018,2025_L515,2025,205.0,1083.5946058333343
DINOv3 ViT-S/16,dinov3_vits16,Static Image ExtraTrees,18,C0018,2025_L516,2025,105.0,1083.5946058333343
DINOv3 ViT-S/16,dinov3_vits16,Static Image ExtraTrees,18,C0018,2025_L524,2025,1566.25,1083.5946058333343
DINOv3 ViT-S/16,dinov3_vits16,Static Image ExtraTrees,18,C0018,2025_L525,2025,1476.2,1083.5946058333343
DINOv3 ViT-S/16,dinov3_vits16,Static Image ExtraTrees,18,C0018,2025_L526,2025,1557.6,1083.5946058333343
DINOv3 ViT-S/16,dinov3_vits16,Static Image ExtraTrees,18,C0018,2025_L614,2025,721.0,1083.5946058333343
DINOv3 ViT-S/16,dinov3_vits16,Static Image ExtraTrees,18,C0018,2025_L615,2025,933.0,1083.5946058333343
DINOv3 ViT-S/16,dinov3_vits16,Static Image ExtraTrees,18,C0018,2025_L616,2025,37.5,1083.5946058333343
DINOv3 ViT-S/16,dinov3_vits16,Image Trajectory ExtraTrees,18,C0018,2025_L514,2025,1650.0,997.5980360256391
DINOv3 ViT-S/16,dinov3_vits16,Image Trajectory ExtraTrees,18,C0018,2025_L515,2025,205.0,997.5980360256391
DINOv3 ViT-S/16,dinov3_vits16,Image Trajectory ExtraTrees,18,C0018,2025_L516,2025,105.0,997.5980360256391
DINOv3 ViT-S/16,dinov3_vits16,Image Trajectory ExtraTrees,18,C0018,2025_L524,2025,1566.25,997.5980360256391
DINOv3 ViT-S/16,dinov3_vits16,Image Trajectory ExtraTrees,18,C0018,2025_L525,2025,1476.2,997.5980360256391
DINOv3 ViT-S/16,dinov3_vits16,Image Trajectory ExtraTrees,18,C0018,2025_L526,2025,1557.6,997.5980360256391
DINOv3 ViT-S/16,dinov3_vits16,Image Trajectory ExtraTrees,18,C0018,2025_L614,2025,721.0,997.5980360256391
DINOv3 ViT-S/16,dinov3_vits16,Image Trajectory ExtraTrees,18,C0018,2025_L615,2025,933.0,997.5980360256391
DINOv3 ViT-S/16,dinov3_vits16,Image Trajectory ExtraTrees,18,C0018,2025_L616,2025,37.5,997.5980360256391
DINOv3 ViT-S/16,dinov3_vits16,Full CMGT,18,C0018,2025_L514,2025,1650.0,1211.0869450666821
DINOv3 ViT-S/16,dinov3_vits16,Full CMGT,18,C0018,2025_L515,2025,205.0,666.8300112249667
DINOv3 ViT-S/16,dinov3_vits16,Full CMGT,18,C0018,2025_L516,2025,105.0,533.4047954132329
DINOv3 ViT-S/16,dinov3_vits16,Full CMGT,18,C0018,2025_L524,2025,1566.25,1132.7874147507625
DINOv3 ViT-S/16,dinov3_vits16,Full CMGT,18,C0018,2025_L525,2025,1476.2,1104.8280744595263
DINOv3 ViT-S/16,dinov3_vits16,Full CMGT,18,C0018,2025_L526,2025,1557.6,1125.9962893478569
DINOv3 ViT-S/16,dinov3_vits16,Full CMGT,18,C0018,2025_L614,2025,721.0,515.6263829585748
DINOv3 ViT-S/16,dinov3_vits16,Full CMGT,18,C0018,2025_L615,2025,933.0,1171.1214208771248
DINOv3 ViT-S/16,dinov3_vits16,Full CMGT,18,C0018,2025_L616,2025,37.5,585.6927977103105
